seq_no,Line_Description,contract_number
1043,"LEAD, TENDRIL MRI 52CM",PP-CA-449
1044,"GENERATOR, GALLANT DR ICD",PP-CA-449
1045,"LEAD, DURATA ICD DF-4 ACTIVE TBP SINGLE SHOCK 7120Q/65",PP-CA-449
2970,"ADAPTER, UNIPOLAR LEAD 3.2MM LOW-PROFILE CONN TO IS-1 RECEPT 47CM",PP-CA-449
3758,"LEAD, DURATA ICD DF-4 ACTIVE TBP SINGLE SHOCK",PP-CA-449
3759,"GENERATOR, GALLANT VR ICD",PP-CA-449
6379,"GENERATOR, AVEIR LEADLESS PACEMAKER VR PM 19.5FR 38.5MM RV",PP-CA-449
7730,"GENERATOR, ASSURITY MRI PACER SR RF",PP-CA-449
7731,"LEAD, TENDRILL STS 58",PP-CA-449
7732,"GENERATOR, ASSURITY MRI PACER DR RF",PP-CA-449
7733,"LEAD, TENDRIL MRI 46CM",PP-CA-449
7734,"LEAD, TENDRILL STS 52",PP-CA-449
7735,"GENERATOR, ASSURITY MRI PACER DR RF",PP-CA-449
12811,"GENERATOR, GALLANT VR ICD",PP-CA-449
12812,"LEAD, DURATA ICD DF-4 ACTIVE TBP SINGLE SHOCK",PP-CA-449
12813,"GENERATOR, ASSURITY MRI PACER DR RF",PP-CA-449
12814,"LEAD, TENDRIL MRI 52CM",PP-CA-449
12815,"LEAD, TENDRILL STS 58",PP-CA-449
12816,"LEAD, TENDRILL STS 46",PP-CA-449
12817,"LEAD, DURATA ICD DF-4 ACTIVE TBP SINGLE SHOCK 7122Q/58",PP-CA-449
12818,"GENERATOR, GALLANT DR ICD",PP-CA-449
13786,"GENERATOR, ASSURITY MRI PACER DR RF",PP-CA-449
13787,"LEAD, TENDRIL MRI 52CM",PP-CA-449
13788,"LEAD, TENDRILL STS 58",PP-CA-449
13790,"GENERATOR, ASSURITY MRI PACER DR RF",PP-CA-449
13791,"LEAD, TENDRILL STS 52",PP-CA-449
13792,"GENERATOR, ASSURITY MRI PACER DR RF",PP-CA-449
13793,"LEAD, TENDRILL STS 46",PP-CA-449
13794,"LEAD, TENDRILL STS 52",PP-CA-449
13795,"GENERATOR, GALLANT VR ICD",PP-CA-449
13796,"LEAD, DURATA ICD DF-4 ACTIVE TBP SINGLE SHOCK 7120Q/65",PP-CA-449
13797,"GENERATOR, GALLANT VR ICD",PP-CA-449
13799,"GENERATOR, GALLANT DR ICD",PP-CA-449
16052,"STYLET, MOND RVOT 52",PP-CA-449
17420,"STYLET, MOND RVOT 65",PP-CA-449
17422,"LEAD, ISOFLEX OPTIM 1944/52",PP-CA-449
20858,"GENERATOR, GALLANT DR ICD",PP-CA-449
24296,"GENERATOR, ASSURITY MRI PACER DR RF",PP-CA-449
24297,"LEAD, TENDRIL MRI 46CM",PP-CA-449
24298,"LEAD, TENDRILL STS 52",PP-CA-449
24299,"LEAD, DURATA ICD DF-4 ACTIVE TBP SINGLE SHOCK",PP-CA-449
24300,"GENERATOR, GALLANT VR ICD",PP-CA-449
24301,"GENERATOR, ASSURITY MRI PACER DR RF",PP-CA-449
25480,"SHEATH, CPS DIRECT UPSIZED WIDE 47CM",PP-CA-449
25481,"LEAD, DURATA ICD DF-4 ACTIVE TBP SINGLE SHOCK",PP-CA-449
25482,"LEAD, QUARTET QUADRIPOLAR 1458Q/86",PP-CA-449
25483,"GENERATOR, GALLANT HF BI-VENTRICULAR ICD CRT-D",PP-CA-449
25484,"SHEATH, CPS DIRECT UPSIZED WIDE 47CM",PP-CA-449
25485,"LEAD, TENDRIL MRI 52CM",PP-CA-449
25486,"LEAD, DURATA ICD DF-4 ACTIVE TBP SINGLE SHOCK",PP-CA-449
25487,"LEAD, QUARTET QUADRIPOLAR 1458Q/86",PP-CA-449
25488,"GENERATOR, GALLANT HF BI-VENTRICULAR ICD CRT-D",PP-CA-449
26464,"KIT, AVEIR INTRODUCER LEADLESS 25FR ID 50CM",PP-CA-449
26465,"CATH, AVEIR DELIVERY LEADLESS VR",PP-CA-449
29167,"CATH, AVEIR DELIVERY LEADLESS VR",PP-CA-449
29168,"KIT, AVEIR INTRODUCER LEADLESS 25FR ID 50CM",PP-CA-449
33696,"GENERATOR, QUADRA ASSURA MP CRT-D DF4",PP-CA-449
33698,"GENERATOR, ASSURITY MRI PACER DR RF",PP-CA-449
33699,"LEAD, TENDRIL MRI 46CM",PP-CA-449
33700,"LEAD, TENDRILL STS 52",PP-CA-449
33701,"GENERATOR, ASSURITY MRI PACER DR RF",PP-CA-449
33702,"LEAD, TENDRILL STS 52",PP-CA-449
33703,"LEAD, TENDRILL STS 58",PP-CA-449
33704,"GENERATOR, ASSURITY MRI PACER DR RF",PP-CA-449
33705,"LEAD, TENDRILL STS 52",PP-CA-449
33706,"LEAD, TENDRILL STS 58",PP-CA-449
33707,"GENERATOR, ASSURITY MRI PACER DR RF",PP-CA-449
33708,"LEAD, TENDRIL MRI 46CM",PP-CA-449
33709,"LEAD, TENDRILL STS 52",PP-CA-449
36196,"GENERATOR, GALLANT HF BI-VENTRICULAR ICD CRT-D",PP-CA-449
36197,"LEAD, DURATA ICD DF-4 ACTIVE TBP SINGLE SHOCK",PP-CA-449
38769,"SHEATH, CPS DIRECT UPSIZED WIDE 47CM",PP-CA-449
40107,"KIT, AVEIR INTRODUCER LEADLESS 25FR ID 50CM",PP-CA-449
40108,"CATH, AVEIR DELIVERY LEADLESS VR",PP-CA-449
40109,"STYLET, MOND RVOT 65",PP-CA-449
40110,"STYLET, MOND RVOT 52",PP-CA-449
41783,"GENERATOR, FORTIFY ASSURA NEXT GEN ICD DR 40 DF4 CONN",PP-CA-449
41784,"GENERATOR, ASSURITY MRI PACER DR RF",PP-CA-449
41785,"LEAD, TENDRIL MRI 46CM",PP-CA-449
41786,"LEAD, TENDRILL STS 52",PP-CA-449
41787,"GENERATOR, QUADRA ALLURE MP CRT-P MRI",PP-CA-449
41788,"LEAD, TENDRILL STS 52",PP-CA-449
41789,"LEAD, TENDRILL STS 58",PP-CA-449
41790,"LEAD, QUARTET QUADRIPOLAR 1458Q/86",PP-CA-449
41791,"SHEATH, CPS DIRECT UPSIZED 135DEG 47CM",PP-CA-449
41792,"GENERATOR, QUADRA ALLURE MP CRT-P MRI",PP-CA-449
41793,"LEAD, QUARTET QUADRIPOLAR 1458Q/86",PP-CA-449
41794,"GENERATOR, GALLANT HF BI-VENTRICULAR ICD CRT-D",PP-CA-449
41795,"LEAD, TENDRILL STS 52",PP-CA-449
41796,"LEAD, QUARTET QUADRIPOLAR 1458Q/86",PP-CA-449
41797,"LEAD, DURATA ICD DF-4 ACTIVE TBP SINGLE SHOCK",PP-CA-449
43027,"SHEATH, CPS DIRECT UPSIZED X-WIDE 47CM",PP-CA-449
50306,"GENERATOR, ASSURITY MRI PACER DR RF",PP-CA-449
50319,"SHEATH, CPS DIRECT UPSIZED WIDE 47CM",PP-CA-449
50320,"LEAD, TENDRIL MRI 52CM",PP-CA-449
50321,"LEAD, DURATA ICD DF-4 ACTIVE TBP SINGLE SHOCK",PP-CA-449
50322,"LEAD, QUARTET QUADRIPOLAR 1458Q/86",PP-CA-449
50323,"GENERATOR, GALLANT HF BI-VENTRICULAR ICD CRT-D",PP-CA-449
55610,"GENERATOR, ELLIPSE NEXT GEN ICD DR 36",PP-CA-449
55611,"SHEATH, CPS DIRECT UPSIZED WIDE 47CM",PP-CA-449
55612,"LEAD, TENDRIL MRI 52CM",PP-CA-449
55613,"LEAD, DURATA ICD DF-4 ACTIVE TBP SINGLE SHOCK",PP-CA-449
55614,"LEAD, QUARTET QUADRIPOLAR 1458Q/86",PP-CA-449
55615,"GENERATOR, GALLANT HF BI-VENTRICULAR ICD CRT-D",PP-CA-449
55616,"GENERATOR, ASSURITY MRI PACER DR RF",PP-CA-449
55617,"LEAD, TENDRIL MRI 52CM",PP-CA-449
55618,"LEAD, TENDRILL STS 58",PP-CA-449
55619,"GENERATOR, GALLANT DR ICD",PP-CA-449
55620,"LEAD, TENDRIL MRI 52CM",PP-CA-449
55621,"LEAD, DURATA ICD DF-4 ACTIVE TBP SINGLE SHOCK 7120Q/65",PP-CA-449
55622,"GENERATOR, ASSURITY MRI PACER DR RF",PP-CA-449
55623,"LEAD, TENDRIL MRI 52CM",PP-CA-449
55624,"LEAD, TENDRILL STS 58",PP-CA-449
59722,"LEAD, TENDRILL STS 52",PP-CA-449
59723,"LEAD, DURATA ICD DF-4 ACTIVE TBP SINGLE SHOCK",PP-CA-449
59724,"LEAD, QUARTET QUADRIPOLAR 1458Q/92",PP-CA-449
59725,"GENERATOR, GALLANT HF BI-VENTRICULAR ICD CRT-D",PP-CA-449
59726,"GENERATOR, ASSURITY MRI PACER DR RF",PP-CA-449
59727,"LEAD, TENDRIL MRI 46CM",PP-CA-449
59728,"LEAD, TENDRILL STS 52",PP-CA-449
68920,"GENERATOR, ASSURITY MRI PACER DR RF",PP-CA-449
68921,"LEAD, TENDRIL MRI 46CM",PP-CA-449
68922,"LEAD, TENDRILL STS 52",PP-CA-449
68923,"GENERATOR, ASSURITY MRI PACER DR RF",PP-CA-449
68924,"LEAD, TENDRIL MRI 52CM",PP-CA-449
68925,"LEAD, TENDRILL STS 58",PP-CA-449
68926,"GENERATOR, ASSURITY MRI PACER DR RF",PP-CA-449
68927,"LEAD, TENDRIL MRI 52CM",PP-CA-449
68928,"LEAD, TENDRILL STS 58",PP-CA-449
68929,"GENERATOR, ASSURITY MRI PACER DR RF",PP-CA-449
68930,"LEAD, TENDRIL MRI 52CM",PP-CA-449
68931,"LEAD, TENDRILL STS 58",PP-CA-449
68932,"GENERATOR, ASSURITY MRI PACER SR RF",PP-CA-449
70362,"SHEATH, CPS DIRECT UPSIZED WIDE 47CM",PP-CA-449
70364,"LEAD, DURATA ICD DF-4 ACTIVE TBP SINGLE SHOCK 7120Q/65",PP-CA-449
70365,"LEAD, QUARTET QUADRIPOLAR 1458Q/86",PP-CA-449
70366,"GENERATOR, GALLANT HF BI-VENTRICULAR ICD CRT-D",PP-CA-449
74219,"CATH, AVEIR DELIVERY LEADLESS VR",PP-CA-449
74220,"KIT, AVEIR INTRODUCER LEADLESS 25FR ID 50CM",PP-CA-449
74221,"GENERATOR, AVEIR LEADLESS PACEMAKER VR PM 19.5FR 38.5MM RV",PP-CA-449
76259,"GENERATOR, AVEIR LEADLESS PACEMAKER VR PM 19.5FR 38.5MM RV",PP-CA-449
77639,"KIT, AVEIR INTRODUCER LEADLESS 25FR ID 50CM",PP-CA-449
77640,"CATH, AVEIR DELIVERY LEADLESS VR",PP-CA-449
77641,"GENERATOR, AVEIR LEADLESS PACEMAKER VR PM 19.5FR 38.5MM RV",PP-CA-449
81335,"STYLET, MOND RVOT 58",PP-CA-449
81336,"RECORDER, LOOP CONFIRM RX IMPLANTABLE",PP-CA-449
81337,"RECORDER, LOOP CONFIRM RX IMPLANTABLE",PP-CA-449
86525,"STYLET, MOND RVOT 65",PP-CA-449
86546,"KIT, AVEIR INTRODUCER LEADLESS 25FR ID 50CM",PP-CA-449
86547,"CATH, AVEIR DELIVERY LEADLESS VR",PP-CA-449
86552,"GENERATOR, AVEIR LEADLESS PACEMAKER VR PM 19.5FR 38.5MM RV",PP-CA-449
90701,"LEAD, TENDRILL STS 52",PP-CA-449
90702,"LEAD, DURATA ICD DF-4 ACTIVE TBP SINGLE SHOCK",PP-CA-449
90703,"GENERATOR, GALLANT DR ICD",PP-CA-449
90704,"RECORDER, LOOP CONFIRM RX IMPLANTABLE",PP-CA-449
90714,"STYLET, MOND RVOT 58",PP-CA-449
92663,"SHEATH, CPS DIRECT UPSIZED 115DEG 54CM",PP-CA-449
92664,"GENERATOR, ALLURE CRT-P RF",PP-CA-449
92665,"LEAD, TENDRILL STS 52",PP-CA-449
92666,"LEAD, QUICKFLEX MICRO 86",PP-CA-449
92667,"LEAD, TENDRILL STS 58",PP-CA-449
97206,"STYLET, MOND RVOT 65",PP-CA-449
98519,"STYLET, MOND RVOT 65",PP-CA-449
98520,"STYLET, MOND RVOT 58",PP-CA-449
99662,"GENERATOR, ASSURITY MRI PACER DR RF",PP-CA-449
99663,"LEAD, TENDRILL STS 58",PP-CA-449
99664,"LEAD, TENDRIL MRI 52CM",PP-CA-449
99665,"GENERATOR, ASSURITY MRI PACER DR RF",PP-CA-449
99666,"LEAD, TENDRIL MRI 52CM",PP-CA-449
99667,"LEAD, TENDRILL STS 58",PP-CA-449
99668,"SHEATH, CPS DIRECT UPSIZED WIDE 47CM",PP-CA-449
99671,"LEAD, DURATA ICD DF-4 ACTIVE TBP SINGLE SHOCK",PP-CA-449
99672,"LEAD, TENDRILL STS 58",PP-CA-449
99673,"GENERATOR, UNIFY ASSURA NEXT GEN CRT-D 40 DF4 CONN",PP-CA-449
99675,"LEAD, DURATA ICD DF-4 ACTIVE TBP SINGLE SHOCK",PP-CA-449
99677,"GENERATOR, GALLANT HF BI-VENTRICULAR ICD CRT-D",PP-CA-449
99678,"GENERATOR, ASSURITY MRI PACER SR RF",PP-CA-449
99679,"LEAD, TENDRILL STS 58",PP-CA-449
99680,"LEAD, DURATA ICD DF-4 ACTIVE TBP SINGLE SHOCK",PP-CA-449
99681,"GENERATOR, GALLANT VR ICD",PP-CA-449
99682,"SHEATH, CPS DIRECT UPSIZED WIDE 47CM",PP-CA-449
99683,"LEAD, TENDRIL MRI 52CM",PP-CA-449
99684,"LEAD, QUARTET QUADRIPOLAR 1458Q/86",PP-CA-449
99685,"GENERATOR, GALLANT HF BI-VENTRICULAR ICD CRT-D",PP-CA-449
99686,"GENERATOR, ASSURITY MRI PACER DR RF",PP-CA-449
99687,"LEAD, TENDRIL MRI 52CM",PP-CA-449
99688,"LEAD, TENDRILL STS 58",PP-CA-449
101173,"STYLET, MOND RVOT 65",PP-CA-449
104715,"GENERATOR, ASSURITY MRI PACER DR RF",PP-CA-449
104716,"LEAD, TENDRIL MRI 52CM",PP-CA-449
104717,"LEAD, TENDRILL STS 58",PP-CA-449
104718,"GENERATOR, ASSURITY MRI PACER DR RF",PP-CA-449
104719,"LEAD, TENDRILL STS 46",PP-CA-449
104720,"LEAD, TENDRIL MRI 52CM",PP-CA-449
104721,"GENERATOR, ASSURITY MRI PACER DR RF",PP-CA-449
104722,"LEAD, TENDRIL MRI 46CM",PP-CA-449
104723,"LEAD, TENDRILL STS 52",PP-CA-449
105922,"GENERATOR, ASSURITY MRI PACER DR RF",PP-CA-449
105923,"LEAD, TENDRILL STS 52",PP-CA-449
105924,"LEAD, TENDRIL MRI 46CM",PP-CA-449
105925,"LEAD, DURATA ICD DF-4 ACTIVE TBP SINGLE SHOCK",PP-CA-449
105926,"GENERATOR, GALLANT VR ICD",PP-CA-449
105927,"GENERATOR, QUADRA ALLURE MP CRT-P MRI",PP-CA-449
105928,"LEAD, QUARTET QUADRIPOLAR 1458Q/86",PP-CA-449
110986,"GENERATOR, ASSURITY MRI PACER DR RF",PP-CA-449
110987,"LEAD, TENDRIL MRI 52CM",PP-CA-449
110988,"LEAD, TENDRILL STS 58",PP-CA-449
114363,"LEAD, DURATA ICD DF-4 ACTIVE TBP SINGLE SHOCK",PP-CA-449
114370,"LEAD, QUARTET QUADRIPOLAR 1458Q/86",PP-CA-449
114371,"GENERATOR, GALLANT HF BI-VENTRICULAR ICD CRT-D",PP-CA-449
114372,"LEAD, DURATA ICD DF-4 ACTIVE TBP SINGLE SHOCK",PP-CA-449
116444,"GENERATOR, UNIFY ASSURA NEXT GEN CRT-D 40 DF4 CONN",PP-CA-449
116446,"SHEATH, CPS DIRECT UPSIZED R SIDE 47CM",PP-CA-449
116448,"LEAD, TENDRIL MRI 46CM",PP-CA-449
116449,"LEAD, TENDRILL STS 58",PP-CA-449
116450,"GENERATOR, UNIFY ASSURA NEXT GEN CRT-D 40 DF4 CONN",PP-CA-449
116451,"LEAD, DURATA ICD DF-4 ACTIVE TBP SINGLE SHOCK 7122Q/58",PP-CA-449
116456,"GENERATOR, ASSURITY MRI PACER SR RF",PP-CA-449
116457,"LEAD, TENDRILL STS 52",PP-CA-449
120231,"SHEATH, CPS DIRECT UPSIZED WIDE 47CM",PP-CA-449
120233,"SHEATH, CPS DIRECT UPSIZED X-WIDE 47CM",PP-CA-449
120234,"GENERATOR, ASSURITY MRI PACER SR RF",PP-CA-449
120235,"LEAD, TENDRILL STS 58",PP-CA-449
120236,"GENERATOR, ASSURITY MRI PACER DR RF",PP-CA-449
120237,"LEAD, TENDRIL MRI 46CM",PP-CA-449
120238,"LEAD, TENDRILL STS 52",PP-CA-449
120239,"GENERATOR, ASSURITY MRI PACER DR RF",PP-CA-449
120240,"LEAD, TENDRIL MRI 46CM",PP-CA-449
120241,"LEAD, TENDRILL STS 52",PP-CA-449
122698,"KIT, AVEIR INTRODUCER LEADLESS 25FR ID 50CM",PP-CA-449
128801,"STYLET, MOND RVOT 58",PP-CA-449
128803,"GENERATOR, AVEIR LEADLESS PACEMAKER VR PM 19.5FR 38.5MM RV",PP-CA-449
131488,"GENERATOR, ASSURITY MRI PACER DR RF",PP-CA-449
131489,"LEAD, TENDRIL MRI 52CM",PP-CA-449
131490,"LEAD, TENDRILL STS 58",PP-CA-449
131495,"STYLET, MOND RVOT 58",PP-CA-449
131496,"GENERATOR, ASSURITY MRI PACER DR RF",PP-CA-449
131497,"LEAD, ISOFLEX OPTIM 1944/46",PP-CA-449
131498,"LEAD, ISOFLEX OPTIM 1948/52",PP-CA-449
131499,"GENERATOR, ASSURITY MRI PACER DR RF",PP-CA-449
131500,"LEAD, TENDRIL MRI 52CM",PP-CA-449
131501,"LEAD, TENDRILL STS 58",PP-CA-449
131502,"GENERATOR, GALLANT VR ICD",PP-CA-449
131503,"LEAD, DURATA ICD DF-4 ACTIVE TBP SINGLE SHOCK",PP-CA-449
132828,"GENERATOR, ASSURITY MRI PACER DR RF",PP-CA-449
132829,"LEAD, TENDRILL STS 52",PP-CA-449
132830,"LEAD, TENDRILL STS 58",PP-CA-449
132831,"GENERATOR, GALLANT VR ICD",PP-CA-449
132832,"LEAD, DURATA ICD DF-4 ACTIVE TBP SINGLE SHOCK",PP-CA-449
132838,"GENERATOR, GALLANT VR ICD",PP-CA-449
132839,"LEAD, DURATA ICD DF-4 ACTIVE TBP SINGLE SHOCK",PP-CA-449
132840,"SHEATH, CPS DIRECT UPSIZED WIDE 47CM",PP-CA-449
132841,"SHEATH, CPS DIRECT UPSIZED 135DEG 47CM",PP-CA-449
132843,"GENERATOR, QUADRA ALLURE MP CRT-P MRI",PP-CA-449
132844,"LEAD, QUARTET QUADRIPOLAR SMALL-S 1456Q/86",PP-CA-449
136466,"GENERATOR, ASSURITY MRI PACER DR RF",PP-CA-449
136467,"LEAD, TENDRIL MRI 46CM",PP-CA-449
136468,"LEAD, TENDRILL STS 52",PP-CA-449
136469,"LEAD, TENDRIL MRI 52CM",PP-CA-449
136470,"GENERATOR, GALLANT DR ICD",PP-CA-449
136471,"LEAD, DURATA ICD DF-4 ACTIVE TBP SINGLE SHOCK 7120Q/65",PP-CA-449
136482,"GENERATOR, ASSURITY MRI PACER DR RF",PP-CA-449
136483,"LEAD, TENDRIL MRI 52CM",PP-CA-449
136484,"LEAD, TENDRILL STS 58",PP-CA-449
136485,"GENERATOR, ELLIPSE NEXT GEN ICD VR 36",PP-CA-449
136486,"GENERATOR, ASSURITY MRI PACER DR RF",PP-CA-449
136487,"LEAD, TENDRIL MRI 46CM",PP-CA-449
136488,"LEAD, TENDRILL STS 52",PP-CA-449
137956,"LEAD, TENDRILL STS 52",PP-CA-449
137957,"LEAD, TENDRILL STS 58",PP-CA-449
137958,"GENERATOR, ASSURITY MRI PACER DR RF",PP-CA-449
139164,"RECORDER, LOOP CONFIRM RX IMPLANTABLE",PP-CA-449
140198,"INTRODUCER SHEATH UPSIZED WIDE SHAPED SLITTABLE OUTER GUIDE CPS DIRECT SL II 47CM",PP-CA-449
144871,"GENERATOR, AVEIR LEADLESS PACEMAKER VR PM 19.5FR 38.5MM RV",PP-CA-449
144873,"GENERATOR, GALLANT HF BI-VENTRICULAR ICD CRT-D",PP-CA-449
144874,"LEAD, DURATA ICD DF-4 ACTIVE TBP SINGLE SHOCK",PP-CA-449
144875,"GENERATOR, GALLANT VR ICD",PP-CA-449
144876,"GENERATOR, ASSURITY MRI PACER DR RF",PP-CA-449
144877,"LEAD, TENDRIL MRI 46CM",PP-CA-449
144878,"LEAD, TENDRILL STS 52",PP-CA-449
144879,"GENERATOR, ASSURITY MRI PACER DR RF",PP-CA-449
144880,"LEAD, TENDRIL MRI 52CM",PP-CA-449
144881,"LEAD, TENDRILL STS 58",PP-CA-449
144885,"CATH, AVEIR DELIVERY LEADLESS VR",PP-CA-449
144886,"GENERATOR, ASSURITY MRI PACER DR RF",PP-CA-449
144887,"LEAD, TENDRILL STS 52",PP-CA-449
144888,"LEAD, TENDRILL STS 58",PP-CA-449
144889,"GENERATOR, ASSURITY MRI PACER DR RF",PP-CA-449
144890,"GENERATOR, QUADRA ASSURA MP CRT-D DF4",PP-CA-449
144891,"GENERATOR, ASSURITY MRI PACER DR RF",PP-CA-449
144892,"LEAD, TENDRILL STS 52",PP-CA-449
144893,"LEAD, TENDRILL STS 58",PP-CA-449
146018,"LEAD, DURATA ICD DF-4 ACTIVE TBP SINGLE SHOCK",PP-CA-449
146019,"GENERATOR, GALLANT VR ICD",PP-CA-449
146020,"LEAD, DURATA ICD DF-4 ACTIVE TBP SINGLE SHOCK",PP-CA-449
146021,"LEAD, TENDRIL MRI 46CM",PP-CA-449
146022,"GENERATOR, GALLANT DR ICD",PP-CA-449
146023,"LEAD, DURATA ICD DF-4 ACTIVE TBP SINGLE SHOCK 7122Q/58",PP-CA-449
146024,"LEAD, TENDRIL MRI 52CM",PP-CA-449
146025,"GENERATOR, GALLANT DR ICD",PP-CA-449
146026,"LEAD, DURATA ICD DF-4 ACTIVE TBP SINGLE SHOCK 7120Q/65",PP-CA-449
146027,"GENERATOR, GALLANT VR ICD",PP-CA-449
146028,"LEAD, DURATA ICD DF-4 ACTIVE TBP SINGLE SHOCK 7122Q/58",PP-CA-449
147526,"GENERATOR, ASSURITY MRI PACER DR RF",PP-CA-449
147527,"LEAD, TENDRIL MRI 52CM",PP-CA-449
147528,"LEAD, TENDRILL STS 58",PP-CA-449
147529,"GENERATOR, ASSURITY MRI PACER DR RF",PP-CA-449
147530,"LEAD, TENDRILL STS 46",PP-CA-449
147531,"LEAD, TENDRILL STS 52",PP-CA-449
147532,"GENERATOR, FORTIFY ASSURA NEXT GEN ICD DR 40 DF4 CONN",PP-CA-449
149088,"CATH, AVEIR DELIVERY LEADLESS VR",PP-CA-449
149089,"KIT, AVEIR INTRODUCER LEADLESS 25FR ID 50CM",PP-CA-449
149090,"KIT, AVEIR INTRODUCER LEADLESS 25FR ID 30CM",PP-CA-449
149091,"CATH, AVEIR RETRACTOR LEADLESS  VR TRI LOOP",PP-CA-449
150252,"PACEMAKER CARDIAC DUAL CHAMBER RF TELEMETRY IS1 ASSURITY MRI 10.4ML 20GM 50X6X47MM",PP-CA-449
150253,"LEAD PACING BIPOLAR EXTENDABLE RETRACTABLE HELIX FIXATION IS1 TENDRIL STS OPTIM 46CM",PP-CA-449
150254,"LEAD PACING BIPOLAR EXTENDABLE RETRACTABLE HELIX FIXATION IS1 TENDRIL STS OPTIM 52CM",PP-CA-449
158798,"CATH, AVEIR RETRACTOR LEADLESS  VR TRI LOOP",PP-CA-449
158800,"KIT, AVEIR INTRODUCER LEADLESS 25FR ID 30CM",PP-CA-449
158801,"GENERATOR, AVEIR LEADLESS PACEMAKER VR PM 19.5FR 38.5MM RV",PP-CA-449
159940,"CATH, AVEIR DELIVERY LEADLESS VR",PP-CA-449
159941,"KIT, AVEIR INTRODUCER LEADLESS 25FR ID 50CM",PP-CA-449
162145,"LEAD PACING BIPOLAR EXTENDABLE RETRACTABLE HELIX FIXATION IS1 TENDRIL STS OPTIM 58CM",PP-CA-449
162146,"PACEMAKER CARDIAC DUAL CHAMBER RF TELEMETRY IS1 ASSURITY MRI 10.4ML 20GM 50X6X47MM",PP-CA-449
162147,"PACEMAKER CARDIAC DUAL CHAMBER RF TELEMETRY IS1 ASSURITY MRI 10.4ML 20GM 50X6X47MM",PP-CA-449
162149,"LEAD PACING BIPOLAR EXTENDABLE RETRACTABLE HELIX FIXATION IS1 TENDRIL STS OPTIM 58CM",PP-CA-449
173150,"LEAD PACING BIPOLAR EXTENDABLE RETRACTABLE HELIX FIXATION IS1 TENDRIL STS OPTIM 46CM",PP-CA-449
180766,"PACEMAKER CARDIAC DUAL CHAMBER RF TELEMETRY IS1 ASSURITY MRI 10.4ML 20GM 50X6X47MM",PP-CA-449
180767,"LEAD PACING BIPOLAR EXTENDABLE RETRACTABLE HELIX FIXATION IS1 TENDRIL STS OPTIM 46CM",PP-CA-449
180768,"LEAD PACING BIPOLAR EXTENDABLE RETRACTABLE HELIX FIXATION IS1 TENDRIL STS OPTIM 52CM",PP-CA-449
180769,"PACEMAKER CARDIAC DUAL CHAMBER RF TELEMETRY IS1 ASSURITY MRI 10.4ML 20GM 50X6X47MM",PP-CA-449
180770,"LEAD PACING BIPOLAR EXTENDABLE RETRACTABLE HELIX FIXATION IS1 TENDRIL STS OPTIM 52CM",PP-CA-449
180771,"LEAD PACING BIPOLAR EXTENDABLE RETRACTABLE HELIX FIXATION IS1 TENDRIL STS OPTIM 58CM",PP-CA-449
180772,"PACEMAKER CARDIAC QUADRA ALLURE MP 15ML 26GM 59X6X56MM",PP-CA-449
180773,"DEFIBRILLATOR CARDIAC DUAL CHAMBER IS1 DF4 GALLANTDR 31ML 71GM 51X69X12MM",PP-CA-449
180776,"DEFIBRILLATOR CARDIAC IS1 IS4 DF4 GALLANTHF 34ML 76GM 51X74X12MM",PP-CA-449
180778,"INTRODUCER SHEATH UPSIZED WIDE SHAPED SLITTABLE OUTER GUIDE CPS DIRECT SL II 47CM",PP-CA-449
180779,"LEAD PACING HEART QUADRIPOLAR PASSIVE FIXATION S CURVE QUARTET LEFT 86CM",PP-CA-449
180780,"DEFIBRILLATOR CARDIAC SINGLE CHAMBER DF4 GALLANT VR 30ML 69GM 51X63X12MM",PP-CA-449
181776,"GENERATOR, UNIFY ASSURA NEXT GEN CRT-D 40 DF4 CONN",PP-CA-449
181777,"LEAD, DURATA ICD DF-4 ACTIVE TBP SINGLE SHOCK",PP-CA-449
181778,"GENERATOR, GALLANT VR ICD",PP-CA-449
186215,"GENERATOR, ASSURITY MRI PACER SR RF",PP-CA-449
186216,"LEAD, TENDRILL STS 58",PP-CA-449
186239,"SHEATH, CPS DIRECT UPSIZED WIDE 47CM",PP-CA-449
186240,"GENERATOR, ASSURITY MRI PACER DR RF",PP-CA-449
186241,"GENERATOR, FORTIFY ASSURA NEXT GEN ICD VR 40 DF4 CONN",PP-CA-449
186242,"LEAD, TENDRILL STS 52",PP-CA-449
186244,"GENERATOR, GALLANT HF BI-VENTRICULAR ICD CRT-D",PP-CA-449
186246,"GENERATOR, QUADRA ALLURE MP CRT-P MRI",PP-CA-449
186247,"LEAD, QUARTET QUADRIPOLAR 1458Q/86",PP-CA-449
186248,"SHEATH, CPS DIRECT UPSIZED WIDE 47CM",PP-CA-449
186249,"GENERATOR, GALLANT HF BI-VENTRICULAR ICD CRT-D",PP-CA-449
186250,"LEAD, TENDRIL MRI 46CM",PP-CA-449
186251,"LEAD, DURATA ICD DF-4 ACTIVE TBP SINGLE SHOCK 7122Q/58",PP-CA-449
186252,"LEAD, QUARTET QUADRIPOLAR 1458Q/86",PP-CA-449
186253,"LEAD, ISOFLEX OPTIM 1944/52",PP-CA-449
186254,"GENERATOR, ASSURITY MRI PACER DR RF",PP-CA-449
186255,"LEAD, TENDRIL MRI 52CM",PP-CA-449
186256,"LEAD, TENDRILL STS 58",PP-CA-449
187476,"SHEATH, CPS DIRECT UPSIZED WIDE 47CM",PP-CA-449
187477,"LEAD, TENDRIL MRI 52CM",PP-CA-449
187478,"LEAD, QUARTET QUADRIPOLAR 1458Q/86",PP-CA-449
187479,"GENERATOR, GALLANT HF BI-VENTRICULAR ICD CRT-D",PP-CA-449
187480,"LEAD, DURATA ICD DF-4 ACTIVE TBP SINGLE SHOCK",PP-CA-449
187481,"GENERATOR, QUADRA ALLURE MP CRT-P MRI",PP-CA-449
187482,"GENERATOR, ASSURITY MRI PACER DR RF",PP-CA-449
187483,"LEAD, TENDRIL MRI 52CM",PP-CA-449
187484,"LEAD, TENDRILL STS 58",PP-CA-449
187485,"GENERATOR, ASSURITY MRI PACER DR RF",PP-CA-449
187486,"LEAD, TENDRIL MRI 52CM",PP-CA-449
187487,"LEAD, TENDRILL STS 58",PP-CA-449
187488,"GENERATOR, QUADRA ALLURE MP CRT-P MRI",PP-CA-449
187489,"LEAD, QUARTET QUADRIPOLAR 1458Q/86",PP-CA-449
187490,"GENERATOR, ASSURITY MRI PACER DR RF",PP-CA-449
187491,"LEAD, TENDRIL MRI 46CM",PP-CA-449
187492,"LEAD, TENDRILL STS 58",PP-CA-449
189471,"LEAD, TENDRIL MRI 52CM",PP-CA-449
189472,"GENERATOR, GALLANT DR ICD",PP-CA-449
191293,"GENERATOR, ASSURITY MRI PACER DR RF",PP-CA-449
191294,"LEAD, TENDRIL MRI 52CM",PP-CA-449
191295,"LEAD, TENDRILL STS 58",PP-CA-449
191296,"LEAD, TENDRILL STS 58",PP-CA-449
198948,"LEAD, TENDRIL MRI 52CM",PP-CA-449
198949,"GENERATOR, ASSURITY MRI PACER DR RF",PP-CA-449
198950,"LEAD, TENDRILL STS 52",PP-CA-449
198951,"GENERATOR, ASSURITY MRI PACER SR RF",PP-CA-449
198952,"LEAD, DURATA ICD DF-4 ACTIVE TBP SINGLE SHOCK",PP-CA-449
198953,"GENERATOR, GALLANT VR ICD",PP-CA-449
198954,"GENERATOR, ASSURITY MRI PACER DR RF",PP-CA-449
198955,"LEAD, TENDRILL STS 52",PP-CA-449
198956,"LEAD, TENDRILL STS 58",PP-CA-449
198957,"GENERATOR, QUADRA ASSURA MP CRT-D",PP-CA-449
198958,"GENERATOR, ASSURITY MRI PACER DR RF",PP-CA-449
198959,"LEAD, TENDRILL STS 52",PP-CA-449
198960,"LEAD, TENDRILL STS 58",PP-CA-449
198961,"GENERATOR, ASSURITY MRI PACER DR RF",PP-CA-449
198962,"LEAD, TENDRIL MRI 52CM",PP-CA-449
198963,"LEAD, TENDRILL STS 58",PP-CA-449
198964,"GENERATOR, ASSURITY MRI PACER DR RF",PP-CA-449
200239,"CATH, AVEIR DELIVERY LEADLESS VR",PP-CA-449
200240,"KIT, AVEIR INTRODUCER LEADLESS 25FR ID 50CM",PP-CA-449
200241,"GENERATOR, AVEIR LEADLESS PACEMAKER VR PM 19.5FR 38.5MM RV",PP-CA-449
200242,"GENERATOR, QUADRA ASSURA MP CRT-D",PP-CA-449
200243,"LEAD, TENDRIL MRI 52CM",PP-CA-449
200244,"GENERATOR, GALLANT DR ICD",PP-CA-449
200245,"LEAD, DURATA ICD DF-4 ACTIVE TBP SINGLE SHOCK",PP-CA-449
200246,"GENERATOR, ASSURITY MRI PACER DR RF",PP-CA-449
200247,"LEAD, TENDRIL MRI 46CM",PP-CA-449
200248,"LEAD, TENDRILL STS 52",PP-CA-449
200249,"GENERATOR, GALLANT VR ICD",PP-CA-449
200250,"LEAD, DURATA ICD DF-4 ACTIVE TBP SINGLE SHOCK",PP-CA-449
200251,"GENERATOR, ASSURITY MRI PACER DR RF",PP-CA-449
200252,"LEAD, TENDRILL STS 52",PP-CA-449
200253,"LEAD, TENDRILL STS 58",PP-CA-449
202804,"LEAD, TENDRILL STS 52",PP-CA-449
204697,"GENERATOR, ASSURITY MRI PACER DR RF",PP-CA-449
204698,"GENERATOR, GALLANT HF BI-VENTRICULAR ICD CRT-D",PP-CA-449
204699,"GENERATOR, ASSURITY MRI PACER DR RF",PP-CA-449
204700,"LEAD, TENDRILL STS 52",PP-CA-449
204701,"LEAD, TENDRILL STS 58",PP-CA-449
204702,"GENERATOR, ASSURITY MRI PACER DR RF",PP-CA-449
204703,"LEAD, TENDRIL MRI 46CM",PP-CA-449
204704,"LEAD, TENDRILL STS 52",PP-CA-449
204705,"GENERATOR, ASSURITY MRI PACER DR RF",PP-CA-449
204706,"LEAD, TENDRILL STS 52",PP-CA-449
204707,"LEAD, TENDRILL STS 58",PP-CA-449
204709,"CATH, AVEIR DELIVERY LEADLESS VR",PP-CA-449
204710,"KIT, AVEIR INTRODUCER LEADLESS 25FR ID 50CM",PP-CA-449
204717,"GENERATOR, AVEIR LEADLESS PACEMAKER VR PM 19.5FR 38.5MM RV",PP-CA-449
211315,"LEAD, DURATA ICD DF-4 ACTIVE TBP SINGLE SHOCK 7122Q/58",PP-CA-449
211316,"GENERATOR, ASSURITY MRI PACER DR RF",PP-CA-449
211317,"LEAD, TENDRIL MRI 52CM",PP-CA-449
211318,"LEAD, TENDRILL STS 58",PP-CA-449
211319,"GENERATOR, GALLANT VR ICD",PP-CA-449
211320,"LEAD, DURATA ICD DF-4 ACTIVE TBP SINGLE SHOCK",PP-CA-449
214914,"LEAD, TENDRILL STS 58",PP-CA-449
214915,"GENERATOR, GALLANT DR ICD",PP-CA-449
214916,"LEAD, TENDRILL STS 52",PP-CA-449
214917,"GENERATOR, GALLANT VR ICD",PP-CA-449
214918,"LEAD, DURATA ICD DF-4 ACTIVE TBP SINGLE SHOCK",PP-CA-449
214919,"KIT, AVEIR INTRODUCER LEADLESS 25FR ID 50CM",PP-CA-449
214920,"CATH, AVEIR DELIVERY LEADLESS VR",PP-CA-449
214921,"GENERATOR, AVEIR LEADLESS PACEMAKER VR PM 19.5FR 38.5MM RV",PP-CA-449
218032,"GENERATOR, ASSURITY MRI PACER DR RF",PP-CA-449
218033,"LEAD, TENDRIL MRI 52CM",PP-CA-449
218034,"LEAD, TENDRILL STS 58",PP-CA-449
220730,"LEAD, TENDRIL MRI 52CM",PP-CA-449
220731,"GENERATOR, GALLANT DR ICD",PP-CA-449
220732,"LEAD, DURATA ICD DF-4 ACTIVE TBP SINGLE SHOCK",PP-CA-449
220734,"GENERATOR, QUADRA ALLURE MP CRT-P MRI",PP-CA-449
220735,"LEAD, TENDRILL STS 58",PP-CA-449
220736,"LEAD, QUARTET QUADRIPOLAR 1458Q/86",PP-CA-449
220737,"GENERATOR, ASSURITY MRI PACER DR RF",PP-CA-449
220738,"GENERATOR, ASSURITY MRI PACER DR RF",PP-CA-449
220739,"LEAD, TENDRIL MRI 52CM",PP-CA-449
220740,"LEAD, TENDRILL STS 58",PP-CA-449
222399,"GENERATOR, ASSURITY MRI PACER DR RF",PP-CA-449
222400,"LEAD, TENDRIL MRI 52CM",PP-CA-449
222401,"LEAD, TENDRILL STS 58",PP-CA-449
222402,"LEAD, DURATA ICD DF-4 ACTIVE TBP SINGLE SHOCK",PP-CA-449
222403,"GENERATOR, GALLANT VR ICD",PP-CA-449
222404,"ADAPTER, UNIPOLAR LEAD 3.2MM LOW-PROFILE CONN TO IS-1 RECEPT 47CM",PP-CA-449
222405,"GENERATOR, ASSURITY MRI PACER SR RF",PP-CA-449
222406,"GENERATOR, ASSURITY MRI PACER DR RF",PP-CA-449
222407,"LEAD, TENDRILL STS 52",PP-CA-449
222408,"LEAD, TENDRILL STS 58",PP-CA-449
222409,"GENERATOR, ASSURITY MRI PACER DR RF",PP-CA-449
224877,"LEAD, TENDRILL STS 52",PP-CA-449
224878,"GENERATOR, QUADRA ASSURA MP CRT-D DF4",PP-CA-449
225859,"GENERATOR, ASSURITY MRI PACER DR RF",PP-CA-449
225860,"LEAD, TENDRIL MRI 52CM",PP-CA-449
225861,"LEAD, TENDRILL STS 58",PP-CA-449
225862,"GENERATOR, ASSURITY MRI PACER DR RF",PP-CA-449
225863,"LEAD, TENDRIL MRI 52CM",PP-CA-449
225864,"LEAD, TENDRILL STS 58",PP-CA-449
235580,"GENERATOR, FORTIFY ASSURA NEXT GEN ICD DR 40 DF4 CONN",PP-CA-449
235581,"SHEATH, CPS DIRECT UPSIZED R SIDE 47CM",PP-CA-449
235582,"GENERATOR, UNIFY ASSURA NEXT GEN CRT-D 40 DF4 CONN",PP-CA-449
235583,"LEAD, TENDRIL MRI 46CM",PP-CA-449
235584,"LEAD, DURATA ICD DF-4 ACTIVE TBP SINGLE SHOCK 7122Q/58",PP-CA-449
235585,"LEAD, TENDRILL STS 58",PP-CA-449
235586,"RECORDER, LOOP CONFIRM RX IMPLANTABLE",PP-CA-449
235587,"GENERATOR, ASSURITY MRI PACER DR RF",PP-CA-449
235588,"LEAD, TENDRIL MRI 52CM",PP-CA-449
235589,"LEAD, TENDRILL STS 58",PP-CA-449
239567,"LEAD, TENDRILL STS 52",PP-CA-449
239568,"GENERATOR, ASSURITY MRI PACER DR RF",PP-CA-449
239569,"LEAD, TENDRILL STS 46",PP-CA-449
239570,"LEAD, TENDRILL STS 52",PP-CA-449
239571,"LEAD, DURATA ICD DF-4 ACTIVE TBP SINGLE SHOCK 7122Q/58",PP-CA-449
239572,"GENERATOR, GALLANT VR ICD",PP-CA-449
239573,"GENERATOR, ASSURITY MRI PACER DR RF",PP-CA-449
239574,"LEAD, TENDRILL STS 46",PP-CA-449
239575,"LEAD, TENDRILL STS 52",PP-CA-449
239584,"GENERATOR, FORTIFY ASSURA NEXT GEN ICD DR 40 DF4 CONN",PP-CA-449
241929,"GENERATOR, ASSURITY MRI PACER DR RF",PP-CA-449
241930,"LEAD, TENDRILL STS 46",PP-CA-449
241931,"LEAD, TENDRILL STS 52",PP-CA-449
241932,"GENERATOR, GALLANT VR ICD",PP-CA-449
241933,"LEAD, DURATA ICD DF-4 ACTIVE TBP SINGLE SHOCK",PP-CA-449
241934,"GENERATOR, ASSURITY MRI PACER DR RF",PP-CA-449
241935,"LEAD, TENDRILL STS 52",PP-CA-449
241936,"LEAD, TENDRILL STS 58",PP-CA-449
250137,"LEAD, DURATA ICD DF-4 ACTIVE TBP SINGLE SHOCK",PP-CA-449
250138,"GENERATOR, GALLANT VR ICD",PP-CA-449
250140,"SHEATH, CPS DIRECT UPSIZED 135DEG 47CM",PP-CA-449
250141,"GENERATOR, UNIFY ASSURA NEXT GEN CRT-D 40 DF4 CONN",PP-CA-449
250142,"LEAD, TENDRIL MRI 52CM",PP-CA-449
250143,"LEAD, DURATA ICD DF-4 ACTIVE TBP SINGLE SHOCK",PP-CA-449
250144,"LEAD, TENDRILL STS 58",PP-CA-449
250145,"SHEATH, CPS DIRECT UPSIZED WIDE 47CM",PP-CA-449
250146,"SHEATH, CPS DIRECT UPSIZED X-WIDE 47CM",PP-CA-449
250147,"GENERATOR, ASSURITY MRI PACER DR RF",PP-CA-449
250148,"LEAD, TENDRIL MRI 46CM",PP-CA-449
250149,"LEAD, TENDRIL MRI 52CM",PP-CA-449
251393,"LEAD, TENDRIL MRI 52CM",PP-CA-449
251394,"LEAD, DURATA ICD DF-4 ACTIVE TBP SINGLE SHOCK",PP-CA-449
251395,"GENERATOR, GALLANT DR ICD",PP-CA-449
251396,"GENERATOR, ASSURITY MRI PACER DR RF",PP-CA-449
251397,"LEAD, TENDRILL STS 52",PP-CA-449
251398,"LEAD, TENDRILL STS 58",PP-CA-449
251399,"RECORDER, LOOP CONFIRM RX IMPLANTABLE",PP-CA-449
253055,"GENERATOR, ASSURITY MRI PACER DR RF",PP-CA-449
254218,"GENERATOR, ASSURITY MRI PACER DR RF",PP-CA-449
255845,"GENERATOR, ASSURITY MRI PACER DR RF",PP-CA-449
255846,"LEAD, TENDRIL MRI 52CM",PP-CA-449
255847,"LEAD, TENDRILL STS 58",PP-CA-449
255848,"GENERATOR, ASSURITY MRI PACER DR RF",PP-CA-449
255850,"GENERATOR, ASSURITY MRI PACER DR RF",PP-CA-449
255851,"LEAD, TENDRILL STS 52",PP-CA-449
255852,"LEAD, TENDRILL STS 58",PP-CA-449
260966,"GENERATOR, GALLANT VR ICD",PP-CA-449
260968,"GENERATOR, ASSURITY MRI PACER DR RF",PP-CA-449
260969,"LEAD, TENDRILL STS 52",PP-CA-449
260970,"LEAD, TENDRILL STS 58",PP-CA-449
264302,"GENERATOR, ASSURITY MRI PACER DR RF",PP-CA-449
264303,"LEAD, TENDRILL STS 52",PP-CA-449
264304,"LEAD, TENDRILL STS 58",PP-CA-449
264305,"GENERATOR, ASSURITY MRI PACER DR RF",PP-CA-449
264306,"LEAD, TENDRIL MRI 52CM",PP-CA-449
264307,"LEAD, TENDRILL STS 58",PP-CA-449
267061,"CATH, AVEIR DELIVERY LEADLESS VR",PP-CA-449
267062,"KIT, AVEIR INTRODUCER LEADLESS 25FR ID 50CM",PP-CA-449
267064,"GENERATOR, AVEIR LEADLESS PACEMAKER VR PM 19.5FR 38.5MM RV",PP-CA-449
270409,"LEAD, DURATA ICD DF-4 ACTIVE TBP SINGLE SHOCK 7120Q/65",PP-CA-449
270410,"GENERATOR, GALLANT VR ICD",PP-CA-449
270411,"GENERATOR, GALLANT HF BI-VENTRICULAR ICD CRT-D",PP-CA-449
270412,"LEAD, TENDRILL STS 52",PP-CA-449
270413,"LEAD, DURATA ICD DF-4 ACTIVE TBP SINGLE SHOCK",PP-CA-449
270414,"LEAD, QUARTET QUADRIPOLAR 1458Q/86",PP-CA-449
271628,"RECORDER, LOOP CONFIRM RX IMPLANTABLE",PP-CA-449
271629,"KIT, AVEIR INTRODUCER LEADLESS 25FR ID 50CM",PP-CA-449
271630,"CATH, AVEIR DELIVERY LEADLESS VR",PP-CA-449
271633,"GENERATOR, AVEIR LEADLESS PACEMAKER VR PM 19.5FR 38.5MM RV",PP-CA-449
278766,"LEAD, DURATA ICD DF-4 ACTIVE TBP SINGLE SHOCK 7122Q/58",PP-CA-449
278767,"GENERATOR, GALLANT VR ICD",PP-CA-449
278769,"GENERATOR, ASSURITY MRI PACER DR RF",PP-CA-449
278770,"LEAD, TENDRIL MRI 52CM",PP-CA-449
278771,"LEAD, TENDRILL STS 58",PP-CA-449
278772,"LEAD, TENDRILL STS 52",PP-CA-449
278773,"LEAD, DURATA ICD DF-4 ACTIVE TBP SINGLE SHOCK",PP-CA-449
278774,"GENERATOR, GALLANT DR ICD",PP-CA-449
278779,"LEAD, DURATA ICD DF-4 ACTIVE TBP SINGLE SHOCK",PP-CA-449
278780,"GENERATOR, GALLANT VR ICD",PP-CA-449
283750,"GENERATOR, ALLURE CRT-P RF",PP-CA-449
283751,"GENERATOR, ASSURITY MRI PACER DR RF",PP-CA-449
283752,"LEAD, TENDRIL MRI 52CM",PP-CA-449
283753,"LEAD, TENDRILL STS 58",PP-CA-449
283755,"SHEATH, CPS DIRECT UPSIZED WIDE 47CM",PP-CA-449
283756,"LEAD, QUARTET QUADRIPOLAR 1458Q/86",PP-CA-449
283757,"LEAD, TENDRIL MRI 52CM",PP-CA-449
283758,"LEAD, TENDRILL STS 58",PP-CA-449
283759,"GENERATOR, UNIFY ASSURA NEXT GEN CRT-D 40 DF4 CONN",PP-CA-449
283760,"LEAD, DURATA ICD DF-4 ACTIVE TBP SINGLE SHOCK",PP-CA-449
283761,"1281/58 LOCATOR PLUSDEFLECTABLE STYLET_U",PP-CA-449
283762,"CATH, AVEIR DELIVERY LEADLESS VR",PP-CA-449
283763,"KIT, AVEIR INTRODUCER LEADLESS 25FR ID 30CM",PP-CA-449
283764,"GENERATOR, AVEIR LEADLESS PACEMAKER VR PM 19.5FR 38.5MM RV",PP-CA-449
285214,"GENERATOR, ASSURITY MRI PACER DR RF",PP-CA-449
286681,"GENERATOR, GALLANT DR ICD",PP-CA-449
287898,"GENERATOR, ASSURITY MRI PACER DR RF",PP-CA-449
287899,"LEAD, ISOFLEX OPTIM 1944/46",PP-CA-449
287900,"LEAD, TENDRILL STS 58",PP-CA-449
287901,"STYLET, LOCATOR PLUS DEF 1281/52",PP-CA-449
287902,"SHEATH, CPS DIRECT UPSIZED WIDE 47CM",PP-CA-449
287903,"GENERATOR, QUADRA ALLURE MP CRT-P MRI",PP-CA-449
287904,"LEAD, TENDRIL MRI 52CM",PP-CA-449
287905,"LEAD, TENDRILL STS 58",PP-CA-449
287906,"LEAD, QUARTET QUADRIPOLAR 1458Q/86",PP-CA-449
287907,"GENERATOR, ASSURITY MRI PACER DR RF",PP-CA-449
287908,"LEAD, TENDRILL STS 52",PP-CA-449
287909,"LEAD, TENDRILL STS 58",PP-CA-449
287922,"LEAD, TENDRILL STS 52",PP-CA-449
287924,"GENERATOR, GALLANT HF BI-VENTRICULAR ICD CRT-D",PP-CA-449
287925,"LEAD, DURATA ICD DF-4 ACTIVE TBP SINGLE SHOCK",PP-CA-449
290473,"GENERATOR, ASSURITY MRI PACER DR RF",PP-CA-449
290474,"LEAD, TENDRILL STS 52",PP-CA-449
290475,"LEAD, TENDRILL STS 58",PP-CA-449
291662,"GENERATOR, GALLANT VR ICD",PP-CA-449
291663,"LEAD, DURATA ICD DF-4 ACTIVE TBP SINGLE SHOCK 7122Q/58",PP-CA-449
291664,"GENERATOR, QUADRA ASSURA MP CRT-D DF4",PP-CA-449
299245,"LEAD, TENDRILL STS 52",PP-CA-449
299247,"GENERATOR, GALLANT HF BI-VENTRICULAR ICD CRT-D",PP-CA-449
299248,"LEAD, DURATA ICD DF-4 ACTIVE TBP SINGLE SHOCK",PP-CA-449
299249,"GENERATOR, GALLANT VR ICD",PP-CA-449
299250,"LEAD, DURATA ICD DF-4 ACTIVE TBP SINGLE SHOCK",PP-CA-449
299251,"GENERATOR, ASSURITY MRI PACER SR RF",PP-CA-449
299252,"LEAD, TENDRILL STS 58",PP-CA-449
299253,"GENERATOR, GALLANT VR ICD",PP-CA-449
299254,"LEAD, DURATA ICD DF-4 ACTIVE TBP SINGLE SHOCK",PP-CA-449
300718,"GENERATOR, ASSURITY MRI PACER SR RF",PP-CA-449
300719,"LEAD, TENDRILL STS 58",PP-CA-449
300720,"SHEATH, CPS DIRECT UPSIZED WIDE 47CM",PP-CA-449
300722,"GENERATOR, GALLANT HF BI-VENTRICULAR ICD CRT-D",PP-CA-449
300723,"LEAD, TENDRIL MRI 52CM",PP-CA-449
300724,"LEAD, DURATA ICD DF-4 ACTIVE TBP SINGLE SHOCK",PP-CA-449
300725,"LEAD, QUARTET QUADRIPOLAR 1458Q/86",PP-CA-449
300726,"GENERATOR, QUADRA ALLURE MP CRT-P MRI",PP-CA-449
300727,"RECORDER, LOOP CONFIRM RX IMPLANTABLE",PP-CA-449
300728,"GENERATOR, QUADRA ASSURA MP CRT-D DF4",PP-CA-449
300729,"GENERATOR, ASSURITY MRI PACER DR RF",PP-CA-449
300730,"LEAD, TENDRILL STS 46",PP-CA-449
300731,"LEAD, TENDRILL STS 52",PP-CA-449
300732,"RECORDER, LOOP CONFIRM RX IMPLANTABLE",PP-CA-449
302107,"GENERATOR, ASSURITY MRI PACER DR RF",PP-CA-449
302108,"LEAD, TENDRIL MRI 46CM",PP-CA-449
302109,"LEAD, TENDRILL STS 52",PP-CA-449
304842,"GENERATOR, ASSURITY MRI PACER SR RF",PP-CA-449
304843,"LEAD, TENDRILL STS 58",PP-CA-449
304844,"GENERATOR, FORTIFY ASSURA NEXT GEN ICD VR 40 DF4 CONN",PP-CA-449
304845,"GENERATOR, GALLANT VR ICD",PP-CA-449
307631,"SHEATH, CPS DIRECT UPSIZED WIDE 47CM",PP-CA-449
307632,"SHEATH, CPS DIRECT UPSIZED WIDE 47CM",PP-CA-449
307633,"LEAD, TENDRIL MRI 46CM",PP-CA-449
307634,"LEAD, QUARTET QUADRIPOLAR 1458Q/86",PP-CA-449
307635,"GENERATOR, GALLANT HF BI-VENTRICULAR ICD CRT-D",PP-CA-449
307636,"LEAD, DURATA ICD DF-4 ACTIVE TBP SINGLE SHOCK 7122Q/58",PP-CA-449
307637,"GENERATOR, ALLURE CRT-P RF",PP-CA-449
307638,"LEAD, DURATA ICD DF-4 ACTIVE TBP SINGLE SHOCK",PP-CA-449
307639,"GENERATOR, GALLANT VR ICD",PP-CA-449
309220,"LEAD, DURATA ICD DF-4 ACTIVE TBP SINGLE SHOCK",PP-CA-449
309221,"LEAD, QUARTET QUADRIPOLAR 1458Q/86",PP-CA-449
309222,"GENERATOR, GALLANT HF BI-VENTRICULAR ICD CRT-D",PP-CA-449
311870,"GENERATOR, ASSURITY MRI PACER DR RF",PP-CA-449
311871,"LEAD, TENDRIL MRI 52CM",PP-CA-449
311872,"LEAD, TENDRILL STS 58",PP-CA-449
315249,"GENERATOR, ASSURITY MRI PACER DR RF",PP-CA-449
315250,"LEAD, ISOFLEX OPTIM 1944/52",PP-CA-449
315251,"LEAD, TENDRILL STS 58",PP-CA-449
315254,"GENERATOR, QUADRA ASSURA MP CRT-D DF4",PP-CA-449
322361,"GENERATOR, ASSURITY MRI PACER DR RF",PP-CA-449
322362,"LEAD, TENDRILL STS 52",PP-CA-449
322363,"LEAD, TENDRILL STS 58",PP-CA-449
322364,"GENERATOR, ASSURITY MRI PACER DR RF",PP-CA-449
322365,"LEAD, TENDRIL MRI 52CM",PP-CA-449
322366,"LEAD, TENDRILL STS 58",PP-CA-449
322367,"GENERATOR, ASSURITY MRI PACER DR RF",PP-CA-449
322368,"GENERATOR, ASSURITY MRI PACER DR RF",PP-CA-449
322369,"LEAD, TENDRILL STS 46",PP-CA-449
322370,"LEAD, TENDRILL STS 52",PP-CA-449
322371,"GENERATOR, GALLANT VR ICD",PP-CA-449
324033,"LEAD, TENDRILL STS 52",PP-CA-449
324034,"GENERATOR, GALLANT DR ICD",PP-CA-449
324035,"LEAD, DURATA ICD DF-4 ACTIVE TBP SINGLE SHOCK",PP-CA-449
324036,"GENERATOR, ASSURITY MRI PACER SR RF",PP-CA-449
324037,"LEAD, TENDRILL STS 58",PP-CA-449
329097,"LEAD, DURATA ICD DF-4 ACTIVE TBP SINGLE SHOCK",PP-CA-449
329098,"GENERATOR, GALLANT VR ICD",PP-CA-449
329099,"GENERATOR, ASSURITY MRI PACER DR RF",PP-CA-449
329100,"LEAD, TENDRILL STS 52",PP-CA-449
329101,"LEAD, TENDRILL STS 58",PP-CA-449
329102,"GENERATOR, GALLANT VR ICD",PP-CA-449
329103,"GENERATOR, ASSURITY MRI PACER SR RF",PP-CA-449
329104,"LEAD, TENDRILL STS 52",PP-CA-449
329105,"SHEATH, CPS DIRECT UPSIZED WIDE 47CM",PP-CA-449
329106,"LEAD, TENDRIL MRI 52CM",PP-CA-449
329107,"LEAD, QUARTET QUADRIPOLAR 1458Q/86",PP-CA-449
329108,"GENERATOR, GALLANT HF BI-VENTRICULAR ICD CRT-D",PP-CA-449
329109,"LEAD, DURATA ICD DF-4 ACTIVE TBP SINGLE SHOCK",PP-CA-449
329111,"GENERATOR, ASSURITY MRI PACER SR RF",PP-CA-449
329112,"LEAD, TENDRILL STS 58",PP-CA-449
329113,"LOCATOR PLUS DEFLECTABLE STYLET_U",PP-CA-449
332234,"GENERATOR, ASSURITY MRI PACER DR RF",PP-CA-449
332235,"LEAD, TENDRIL MRI 52CM",PP-CA-449
332236,"LEAD, TENDRILL STS 58",PP-CA-449
332237,"RECORDER, LOOP CONFIRM RX IMPLANTABLE",PP-CA-449
332238,"GENERATOR, ASSURITY MRI PACER DR RF",PP-CA-449
333462,"GENERATOR, ASSURITY MRI PACER DR RF",PP-CA-449
333463,"RECORDER, LOOP CONFIRM RX IMPLANTABLE",PP-CA-449
333464,"GENERATOR, ASSURITY MRI PACER DR RF",PP-CA-449
333465,"LEAD, TENDRIL MRI 46CM",PP-CA-449
333466,"LEAD, TENDRIL MRI 52CM",PP-CA-449
333467,"GENERATOR, ASSURITY MRI PACER DR RF",PP-CA-449
333468,"LEAD, TENDRIL MRI 52CM",PP-CA-449
333469,"LEAD, TENDRILL STS 58",PP-CA-449
339309,"SHEATH, CPS DIRECT UPSIZED WIDE 47CM",PP-CA-449
339311,"GENERATOR, GALLANT HF BI-VENTRICULAR ICD CRT-D",PP-CA-449
339312,"LEAD, DURATA ICD DF-4 ACTIVE TBP SINGLE SHOCK",PP-CA-449
339313,"LEAD, QUARTET QUADRIPOLAR SMALL-S 1456Q/86",PP-CA-449
343426,"GENERATOR, ASSURITY MRI PACER SR RF",PP-CA-449
343427,"GENERATOR, ASSURITY MRI PACER SR RF",PP-CA-449
343428,"LEAD, TENDRILL STS 58",PP-CA-449
344692,"GENERATOR, AVEIR LEADLESS PACEMAKER VR PM 19.5FR 38.5MM RV",PP-CA-449
344693,"CATH, AVEIR DELIVERY LEADLESS VR",PP-CA-449
344694,"CATH, AVEIR RETRACTOR LEADLESS  VR TRI LOOP",PP-CA-449
344695,"KIT, AVEIR INTRODUCER LEADLESS 25FR ID 50CM",PP-CA-449
344696,"KIT, AVEIR INTRODUCER LEADLESS 25FR ID 30CM",PP-CA-449
348116,"GENERATOR, GALLANT VR ICD",PP-CA-449
348117,"LEAD, DURATA ICD DF-4 ACTIVE TBP SINGLE SHOCK",PP-CA-449
351670,"SHEATH, CPS DIRECT UPSIZED WIDE 47CM",PP-CA-449
351671,"LEAD, TENDRILL STS 52",PP-CA-449
351672,"LEAD, DURATA ICD DF-4 ACTIVE TBP SINGLE SHOCK",PP-CA-449
351673,"GENERATOR, GALLANT DR ICD",PP-CA-449
351674,"STYLET, LOCATOR PLUS DEF 1292/58",PP-CA-449
351675,"GENERATOR, ASSURITY MRI PACER DR RF",PP-CA-449
351676,"LEAD, TENDRIL MRI 52CM",PP-CA-449
351677,"LEAD, TENDRILL STS 58",PP-CA-449
351678,"GENERATOR, ASSURITY MRI PACER DR RF",PP-CA-449
351679,"LEAD, TENDRILL STS 52",PP-CA-449
351680,"LEAD, TENDRILL STS 58",PP-CA-449
351683,"RECORDER, LOOP CONFIRM RX IMPLANTABLE",PP-CA-449
356323,"LEAD, TENDRILL STS 52",PP-CA-449
356324,"GENERATOR, GALLANT DR ICD",PP-CA-449
356325,"LEAD, DURATA ICD DF-4 ACTIVE TBP SINGLE SHOCK",PP-CA-449
356326,"GENERATOR, ASSURITY MRI PACER DR RF",PP-CA-449
356327,"LEAD, TENDRILL STS 46",PP-CA-449
356328,"LEAD, TENDRILL STS 52",PP-CA-449
356329,"GENERATOR, ASSURITY MRI PACER DR RF",PP-CA-449
356330,"LEAD, TENDRILL STS 46",PP-CA-449
356331,"LEAD, TENDRILL STS 52",PP-CA-449
356332,"GENERATOR, GALLANT VR ICD",PP-CA-449
356333,"LEAD, DURATA ICD DF-4 ACTIVE TBP SINGLE SHOCK",PP-CA-449
356334,"GENERATOR, ASSURITY MRI PACER DR RF",PP-CA-449
356335,"LEAD, TENDRILL STS 46",PP-CA-449
356336,"LEAD, TENDRILL STS 52",PP-CA-449
357791,"SHEATH, CPS DIRECT UPSIZED WIDE 47CM",PP-CA-449
357792,"SHEATH, CPS DIRECT UPSIZED WIDE 47CM",PP-CA-449
368621,"GENERATOR, ALLURE CRT-P RF",PP-CA-449
368622,"GENERATOR, ASSURITY MRI PACER DR RF",PP-CA-449
368623,"LEAD, TENDRILL STS 52",PP-CA-449
368624,"LEAD, ISOFLEX OPTIM 1948/5846",PP-CA-449
370019,"SHEATH, CPS DIRECT UPSIZED WIDE 47CM",PP-CA-449
370020,"LEAD, TENDRIL MRI 52CM",PP-CA-449
370021,"LEAD, DURATA ICD DF-4 ACTIVE TBP SINGLE SHOCK",PP-CA-449
370022,"LEAD, QUARTET QUADRIPOLAR 1458Q/86",PP-CA-449
370023,"GENERATOR, GALLANT HF BI-VENTRICULAR ICD CRT-D",PP-CA-449
375020,"GENERATOR, ASSURITY MRI PACER DR RF",PP-CA-449
378421,"GENERATOR, ASSURITY MRI PACER DR RF",PP-CA-449
378422,"LEAD, TENDRIL MRI 52CM",PP-CA-449
378423,"LEAD, TENDRILL STS 58",PP-CA-449
378424,"GENERATOR, ASSURITY MRI PACER DR RF",PP-CA-449
378425,"LEAD, TENDRILL STS 52",PP-CA-449
378426,"LEAD, TENDRILL STS 58",PP-CA-449
383020,"GENERATOR, ASSURITY MRI PACER DR RF",PP-CA-449
383021,"LEAD, TENDRILL STS 52",PP-CA-449
383022,"LEAD, TENDRILL STS 58",PP-CA-449
383023,"GENERATOR, ASSURITY MRI PACER DR RF",PP-CA-449
383024,"LEAD, TENDRIL MRI 52CM",PP-CA-449
383025,"LEAD, TENDRILL STS 58",PP-CA-449
389599,"LEAD, TENDRILL STS 52",PP-CA-449
389600,"LEAD, TENDRILL STS 58",PP-CA-449
389601,"STYLET, LOCATOR PLUS DEF 1292/58",PP-CA-449
389602,"LEAD, TENDRILL STS 58",PP-CA-449
389603,"LEAD, TENDRILL STS 52",PP-CA-449
389604,"GENERATOR, ASSURITY MRI PACER DR RF",PP-CA-449
389605,"STYLET, LOCATOR PLUS DEF 1281/52",PP-CA-449
389606,"LOCATOR PLUS DEFLECTABLE STYLET_U",PP-CA-449
389607,"GENERATOR, ASSURITY MRI PACER DR RF",PP-CA-449
389608,"LEAD, TENDRILL STS 52",PP-CA-449
389609,"LEAD, TENDRILL STS 58",PP-CA-449
389610,"LEAD, TENDRILL STS 52",PP-CA-449
389611,"GENERATOR, GALLANT DR ICD",PP-CA-449
389612,"LEAD, DURATA ICD DF-4 ACTIVE TBP SINGLE SHOCK",PP-CA-449
389613,"LEAD, TENDRIL MRI 52CM",PP-CA-449
389614,"GENERATOR, GALLANT DR ICD",PP-CA-449
389615,"LEAD, DURATA ICD DF-4 ACTIVE TBP SINGLE SHOCK",PP-CA-449
389616,"LEAD, TENDRILL STS 52",PP-CA-449
389617,"LEAD, TENDRILL STS 58",PP-CA-449
389618,"GENERATOR, ASSURITY MRI PACER DR RF",PP-CA-449
390786,"GENERATOR, GALLANT VR ICD",PP-CA-449
390787,"LEAD, DURATA ICD DF-4 ACTIVE TBP SINGLE SHOCK",PP-CA-449
390788,"GENERATOR, ASSURITY MRI PACER DR RF",PP-CA-449
397859,"SHEATH, CPS DIRECT UPSIZED WIDE 47CM",PP-CA-449
397861,"LEAD, TENDRIL MRI 52CM",PP-CA-449
397862,"LEAD, DURATA ICD DF-4 ACTIVE TBP SINGLE SHOCK",PP-CA-449
397863,"LEAD, QUARTET QUADRIPOLAR 1458Q/86",PP-CA-449
397864,"GENERATOR, GALLANT HF BI-VENTRICULAR ICD CRT-D",PP-CA-449
397874,"LEAD, TENDRILL STS 52",PP-CA-449
397875,"LEAD, DURATA ICD DF-4 ACTIVE TBP SINGLE SHOCK",PP-CA-449
397876,"GENERATOR, GALLANT HF BI-VENTRICULAR ICD CRT-D",PP-CA-449
397877,"LEAD, QUARTET QUADRIPOLAR 1458Q/92",PP-CA-449
401568,"GENERATOR, ASSURITY MRI PACER DR RF",PP-CA-449
401569,"LEAD, TENDRILL STS 52",PP-CA-449
402855,"SHEATH, CPS DIRECT UPSIZED WIDE 47CM",PP-CA-449
402857,"LEAD, QUARTET QUADRIPOLAR 1458Q/86",PP-CA-449
402858,"LEAD, TENDRILL STS 58",PP-CA-449
402859,"GENERATOR, UNIFY ASSURA NEXT GEN CRT-D 40 DF4 CONN",PP-CA-449
403438,"GENERATOR, QUADRA ALLURE MP CRT-P MRI",PP-CA-449
406811,"RECORDER, LOOP CONFIRM RX IMPLANTABLE",PP-CA-449
407559,"LEAD, TENDRIL MRI 52CM",PP-CA-449
407560,"GENERATOR, GALLANT DR ICD",PP-CA-449
407561,"LEAD, DURATA ICD DF-4 ACTIVE TBP SINGLE SHOCK",PP-CA-449
407562,"SHEATH, CPS DIRECT UPSIZED R SIDE 47CM",PP-CA-449
408834,"LEAD, DURATA ICD DF-4 ACTIVE TBP SINGLE SHOCK",PP-CA-449
408835,"SHEATH, CPS DIRECT UPSIZED WIDE 47CM",PP-CA-449
408836,"GENERATOR, GALLANT HF BI-VENTRICULAR ICD CRT-D",PP-CA-449
408837,"LEAD, QUARTET QUADRIPOLAR 1458Q/86",PP-CA-449
408838,"SLITTER, CPS DIRECT SL II",PP-CA-449
412111,"GENERATOR, ASSURITY MRI PACER DR RF",PP-CA-449
412112,"LEAD, TENDRILL STS 52",PP-CA-449
412113,"LEAD, TENDRILL STS 58",PP-CA-449
412380,"GENERATOR, QUADRA ASSURA MP CRT-D DF4",PP-CA-449
412396,"GENERATOR, GALLANT VR ICD",PP-CA-449
412397,"LEAD, DURATA ICD DF-4 ACTIVE TBP SINGLE SHOCK 7122Q/58",PP-CA-449
412485,"GENERATOR, ASSURITY MRI PACER DR RF",PP-CA-449
412486,"LEAD, TENDRILL STS 46",PP-CA-449
412487,"LEAD, TENDRILL STS 52",PP-CA-449
412800,"LEAD, TENDRILL STS 46",PP-CA-449
412801,"LEAD, DURATA ICD DF-4 ACTIVE TBP SINGLE SHOCK 7122Q/58",PP-CA-449
412802,"LEAD, QUARTET QUADRIPOLAR 1458Q/86",PP-CA-449
412803,"GENERATOR, GALLANT HF BI-VENTRICULAR ICD CRT-D",PP-CA-449
412954,"LEAD, TENDRILL STS 52",PP-CA-449
412955,"LEAD, TENDRILL STS 58",PP-CA-449
412956,"GENERATOR, ASSURITY MRI PACER DR RF",PP-CA-449
412968,"LEAD, TENDRILL STS 46",PP-CA-449
412969,"LEAD, TENDRILL STS 52",PP-CA-449
412970,"GENERATOR, ASSURITY MRI PACER DR RF",PP-CA-449
413029,"GENERATOR, GALLANT HF BI-VENTRICULAR ICD CRT-D",PP-CA-449
413030,"LEAD, DURATA ICD DF-4 ACTIVE TBP SINGLE SHOCK 7122Q/58",PP-CA-449
413031,"LEAD, QUARTET QUADRIPOLAR 1458Q/86",PP-CA-449
413032,"SLITTER, CPS DIRECT SL II",PP-CA-449
413090,"GENERATOR, GALLANT VR ICD",PP-CA-449
413091,"LEAD, DURATA ICD DF-4 ACTIVE TBP SINGLE SHOCK",PP-CA-449
413094,"GENERATOR, ASSURITY MRI PACER DR RF",PP-CA-449
413095,"LEAD, TENDRILL STS 52",PP-CA-449
413096,"LEAD, TENDRILL STS 58",PP-CA-449
413129,"GENERATOR, ASSURITY MRI PACER DR RF",PP-CA-449
413130,"LEAD, TENDRILL STS 46",PP-CA-449
413131,"LEAD, TENDRILL STS 52",PP-CA-449
879903,"GENERATOR, GALLANT VR ICD",PP-CA-449
879904,"GENERATOR, ASSURITY MRI PACER DR RF",PP-CA-449
879905,"LEAD, TENDRILL STS 46",PP-CA-449
879906,"LEAD, TENDRILL STS 52",PP-CA-449
879907,"GENERATOR, UNIFY ASSURA NEXT GEN CRT-D 40 DF4 CONN",PP-CA-449
888119,"SLITTER, CPS DIRECT SL II",PP-CA-449
888120,"GENERATOR, ASSURITY MRI PACER DR RF",PP-CA-449
888121,"LEAD, TENDRILL STS 52",PP-CA-449
888122,"LEAD, TENDRILL STS 58",PP-CA-449
889149,"LEAD PACING BIPOLAR EXTENDABLE RETRACTABLE HELIX FIXATION IS1 TENDRIL STS OPTIM",PP-CA-449
889150,"LEAD PACING BIPOLAR EXTENDABLE RETRACTABLE HELIX FIXATION IS1 TENDRIL STS OPTIM",PP-CA-449
890446,"SLITTER, CPS DIRECT SL II",PP-CA-449
890447,"SHEATH, CPS DIRECT UPSIZED WIDE 47CM",PP-CA-449
890448,"GENERATOR, GALLANT HF BI-VENTRICULAR ICD CRT-D",PP-CA-449
890449,"LEAD, TENDRILL STS 52",PP-CA-449
890450,"LEAD, DURATA ICD DF-4 ACTIVE TBP SINGLE SHOCK",PP-CA-449
890451,"LEAD, QUARTET QUADRIPOLAR 1458Q/86",PP-CA-449
890453,"STYLET, MOND RVOT 65",PP-CA-449
891705,"INTRODUCER SHEATH UPSIZED WIDE SHAPED SLITTABLE OUTER GUIDE CPS DIRECT SL II 47C",PP-CA-449
901684,"GENERATOR, ASSURITY MRI PACER DR RF",PP-CA-449
901685,"LEAD, TENDRILL STS 52",PP-CA-449
901686,"LEAD, TENDRILL STS 58",PP-CA-449
904644,"LEAD PACING BIPOLAR EXTENDABLE RETRACTABLE HELIX FIXATION IS1 TENDRIL STS OPTIM",PP-CA-449
914431,"LEAD PACING BIPOLAR EXTENDABLE RETRACTABLE HELIX FIXATION IS1 TENDRIL STS OPTIM",PP-CA-449
914432,"DEFIBRILLATOR CARDIAC DUAL CHAMBER IS1 DF4 GALLANTDR 31ML 71GM 51X69X12MM",PP-CA-449
916125,"LEAD PACING BIPOLAR EXTENDABLE RETRACTABLE HELIX FIXATION IS1 TENDRIL STS OPTIM",PP-CA-449
916126,"LEAD PACING BIPOLAR EXTENDABLE RETRACTABLE HELIX FIXATION IS1 TENDRIL STS OPTIM",PP-CA-449
917156,"LEAD PACING BIPOLAR EXTENDABLE RETRACTABLE HELIX FIXATION IS1 TENDRIL STS OPTIM",PP-CA-449
917158,"DEFIBRILLATOR CARDIAC IS1 IS4 DF4 GALLANTHF 34ML 76GM 51X74X12MM",PP-CA-449
917164,"DEFIBRILLATOR CARDIAC IS1 IS4 DF4 GALLANTHF 34ML 76GM 51X74X12MM",PP-CA-449
920176,"LEAD PACING BIPOLAR EXTENDABLE RETRACTABLE HELIX FIXATION IS1 TENDRIL STS OPTIM",PP-CA-449
920177,"LEAD PACING BIPOLAR EXTENDABLE RETRACTABLE HELIX FIXATION IS1 TENDRIL STS OPTIM",PP-CA-449
922233,"KIT, AVEIR INTRODUCER LEADLESS 25FR ID 50CM",PP-CA-449
922234,"CATH, AVEIR DELIVERY LEADLESS VR",PP-CA-449
922235,"GENERATOR, AVEIR LEADLESS PACEMAKER VR PM 19.5FR 38.5MM RV",PP-CA-449
924002,"GENERATOR, GALLANT DR ICD",PP-CA-449
934707,"LEAD PACING BIPOLAR EXTENDABLE RETRACTABLE HELIX FIXATION IS1 TENDRIL STS OPTIM",PP-CA-449
934708,"LEAD PACING BIPOLAR EXTENDABLE RETRACTABLE HELIX FIXATION IS1 TENDRIL STS OPTIM",PP-CA-449
935353,"STYLET, MOND RVOT 65",PP-CA-449
935354,"LEAD, ISOFLEX OPTIM 1944/46",PP-CA-449
939216,"LEAD PACING J SHAPED BIPOLAR TINES FIXATION IS1 ISOFLEX OPTIM 46CM",PP-CA-449
939217,"LEAD PACING STRAIGHT BIPOLAR TINES FIXATION IS1 ISOFLEX OPTIM 58CM",PP-CA-449
939224,"LEAD PACING BIPOLAR EXTENDABLE RETRACTABLE HELIX FIXATION IS1 TENDRIL STS OPTIM",PP-CA-449
941686,"GENERATOR, ASSURITY MRI PACER DR RF",PP-CA-449
941687,"LEAD, TENDRILL STS 52",PP-CA-449
941688,"LEAD, TENDRILL STS 58",PP-CA-449
941689,"GENERATOR, ASSURITY MRI PACER SR RF",PP-CA-449
941690,"LEAD, TENDRILL STS 58",PP-CA-449
941691,"GENERATOR, GALLANT DR ICD",PP-CA-449
941692,"LEAD, DURATA ICD DF-4 ACTIVE TBP SINGLE SHOCK 7122Q/58",PP-CA-449
943074,"LEAD, TENDRILL STS 52",PP-CA-449
943075,"GENERATOR, GALLANT DR ICD",PP-CA-449
943076,"LEAD, DURATA ICD DF-4 ACTIVE TBP SINGLE SHOCK 7120Q/65",PP-CA-449
943079,"GENERATOR, ASSURITY MRI PACER DR RF",PP-CA-449
943080,"LEAD, TENDRILL STS 52",PP-CA-449
943081,"LEAD, TENDRILL STS 58",PP-CA-449
944412,"GENERATOR, ASSURITY MRI PACER DR RF",PP-CA-449
944413,"LEAD, TENDRILL STS 52",PP-CA-449
944414,"LEAD, TENDRILL STS 58",PP-CA-449
945345,"LEAD PACING BIPOLAR EXTENDABLE RETRACTABLE HELIX FIXATION IS1 TENDRIL STS OPTIM",PP-CA-449
945346,"LEAD PACING BIPOLAR EXTENDABLE RETRACTABLE HELIX FIXATION IS1 TENDRIL STS OPTIM",PP-CA-449
947099,"GENERATOR, AVEIR LEADLESS PACEMAKER VR PM 19.5FR 38.5MM RV",PP-CA-449
947102,"KIT, AVEIR INTRODUCER LEADLESS 25FR ID 50CM",PP-CA-449
953095,"GENERATOR, ASSURITY MRI PACER DR RF",PP-CA-449
956847,"CATH, AVEIR DELIVERY LEADLESS VR",PP-CA-449
973492,"LEAD PACING J SHAPED BIPOLAR TINES FIXATION IS1 ISOFLEX OPTIM 52CM",PP-CA-449
974041,"GENERATOR, ASSURITY MRI PACER DR RF",PP-CA-449
974042,"LEAD, TENDRILL STS 58",PP-CA-449
974044,"GENERATOR, ELLIPSE NEXT GEN ICD DR 36",PP-CA-449
975483,"LEAD PACING BIPOLAR EXTENDABLE RETRACTABLE HELIX FIXATION IS1 TENDRIL STS OPTIM",PP-CA-449
979144,"SHEATH, CPS DIRECT UPSIZED WIDE 47CM",PP-CA-449
979145,"LEAD, QUARTET QUADRIPOLAR 1458Q/86",PP-CA-449
979146,"GENERATOR, GALLANT HF BI-VENTRICULAR ICD CRT-D",PP-CA-449
979147,"LEAD, DURATA ICD DF-4 ACTIVE TBP SINGLE SHOCK",PP-CA-449
979156,"GENERATOR, ASSURITY MRI PACER DR RF",PP-CA-449
979157,"SHEATH, CPS DIRECT UPSIZED WIDE 47CM",PP-CA-449
979158,"GENERATOR, GALLANT HF BI-VENTRICULAR ICD CRT-D",PP-CA-449
979159,"LEAD, TENDRILL STS 52",PP-CA-449
979160,"LEAD, DURATA ICD DF-4 ACTIVE TBP SINGLE SHOCK",PP-CA-449
979161,"LEAD, QUARTET QUADRIPOLAR 1458Q/86",PP-CA-449
979162,"LEAD, TENDRILL STS 46",PP-CA-449
979163,"LEAD, TENDRILL STS 52",PP-CA-449
979164,"GENERATOR, ASSURITY MRI PACER SR RF",PP-CA-449
979166,"GENERATOR, ASSURITY MRI PACER DR RF",PP-CA-449
979167,"LEAD, TENDRILL STS 52",PP-CA-449
979168,"LEAD, TENDRILL STS 58",PP-CA-449
980503,"LEAD, TENDRILL STS 46",PP-CA-449
980504,"GENERATOR, GALLANT DR ICD",PP-CA-449
980505,"LEAD, DURATA ICD DF-4 ACTIVE TBP SINGLE SHOCK",PP-CA-449
982174,"SHEATH, CPS DIRECT UPSIZED WIDE 47CM",PP-CA-449
982175,"ADAPTER, UNIPOLAR LEAD 3.2MM LOW-PROFILE CONN TO IS-1 RECEPT 47CM",PP-CA-449
982176,"ADAPTER, UNIPOLAR LEAD 3.2MM LOW-PROFILE CONN TO IS-1 RECEPT 47CM",PP-CA-449
982177,"SHEATH, CPS DIRECT UPSIZED WIDE 47CM",PP-CA-449
982178,"GENERATOR, QUADRA ALLURE MP CRT-P MRI",PP-CA-449
982179,"LEAD, QUARTET QUADRIPOLAR 1458Q/86",PP-CA-449
984699,"LEAD, TENDRILL STS 58",PP-CA-449
984700,"LEAD, TENDRILL STS 52",PP-CA-449
984701,"GENERATOR, ASSURITY MRI PACER DR RF",PP-CA-449
984702,"GENERATOR, ASSURITY MRI PACER DR RF",PP-CA-449
984703,"LEAD, TENDRILL STS 58",PP-CA-449
984704,"LEAD, TENDRILL STS 52",PP-CA-449
985979,"GENERATOR, ASSURITY MRI PACER DR RF",PP-CA-449
985980,"LEAD, TENDRILL STS 46",PP-CA-449
985981,"LEAD, TENDRILL STS 58",PP-CA-449
985987,"GENERATOR, GALLANT DR ICD",PP-CA-449
985988,"LEAD, TENDRILL STS 46",PP-CA-449
985989,"SHEATH, CPS DIRECT UPSIZED WIDE 47CM",PP-CA-449
985991,"LEAD, TENDRILL STS 58",PP-CA-449
985992,"LEAD, TENDRILL STS 52",PP-CA-449
985993,"GENERATOR, ASSURITY MRI PACER DR RF",PP-CA-449
985994,"GENERATOR, ASSURITY MRI PACER DR RF",PP-CA-449
985995,"LEAD, TENDRILL STS 52",PP-CA-449
985996,"LEAD, TENDRILL STS 58",PP-CA-449
985997,"GENERATOR, ASSURITY MRI PACER DR RF",PP-CA-449
985998,"LEAD, TENDRILL STS 52",PP-CA-449
985999,"LEAD, TENDRILL STS 58",PP-CA-449
986000,"GENERATOR, ASSURITY MRI PACER DR RF",PP-CA-449
986001,"LEAD, TENDRILL STS 46",PP-CA-449
986002,"LEAD, TENDRILL STS 52",PP-CA-449
986003,"GENERATOR, UNIFY ASSURA NEXT GEN CRT-D 40 DF4 CONN",PP-CA-449
986004,"GENERATOR, ASSURITY MRI PACER DR RF",PP-CA-449
986005,"LEAD, TENDRILL STS 52",PP-CA-449
986006,"LEAD, TENDRILL STS 58",PP-CA-449
986007,"GENERATOR, UNIFY ASSURA NEXT GEN CRT-D 40 DF4 CONN",PP-CA-449
988809,"STYLET, MOND RVOT 58",PP-CA-449
990256,"GENERATOR, ASSURITY MRI PACER DR RF",PP-CA-449
990257,"LEAD, TENDRILL STS 46",PP-CA-449
990258,"LEAD, TENDRILL STS 52",PP-CA-449
990260,"GENERATOR, ASSURITY MRI PACER SR RF",PP-CA-449
990261,"LEAD, TENDRILL STS 52",PP-CA-449
1000838,"GENERATOR, ASSURITY MRI PACER DR RF",PP-CA-449
1000839,"LEAD, TENDRILL STS 52",PP-CA-449
1000840,"LEAD, TENDRILL STS 58",PP-CA-449
1000841,"GENERATOR, QUADRA ALLURE MP CRT-P MRI",PP-CA-449
1000842,"GENERATOR, GALLANT HF BI-VENTRICULAR ICD CRT-D",PP-CA-449
1000843,"GENERATOR, QUADRA ALLURE MP CRT-P MRI",PP-CA-449
1000844,"LEAD, TENDRILL STS 58",PP-CA-449
1000846,"SLITTER, CPS DIRECT SL II",PP-CA-449
1000847,"GENERATOR, ASSURITY MRI PACER DR RF",PP-CA-449
1000848,"LEAD, TENDRILL STS 58",PP-CA-449
1000849,"SHEATH, CPS DIRECT UPSIZED WIDE 47CM",PP-CA-449
1000850,"GENERATOR, QUADRA ALLURE MP CRT-P MRI",PP-CA-449
1000851,"LEAD, TENDRILL STS 58",PP-CA-449
1000852,"LEAD, QUARTET QUADRIPOLAR 1458Q/86",PP-CA-449
1000854,"LEAD, DURATA ICD DF-4 ACTIVE TBP SINGLE SHOCK",PP-CA-449
1010697,"STYLET, MOND RVOT 65",PP-CA-449
1013615,"CATH, AVEIR DELIVERY LEADLESS VR",PP-CA-449
1013616,"KIT, AVEIR INTRODUCER LEADLESS 25FR ID 50CM",PP-CA-449
1013617,"STYLET, MOND RVOT 58",PP-CA-449
1013625,"GENERATOR, AVEIR LEADLESS PACEMAKER VR PM 19.5FR 38.5MM RV",PP-CA-449
1013626,"GENERATOR, ASSURITY MRI PACER DR RF",PP-CA-449
1013627,"LEAD, TENDRILL STS 52",PP-CA-449
1013628,"LEAD, TENDRILL STS 58",PP-CA-449
1013629,"SHEATH, CPS DIRECT UPSIZED WIDE 47CM",PP-CA-449
1013630,"LEAD, QUARTET QUADRIPOLAR 1458Q/86",PP-CA-449
1013631,"GENERATOR, GALLANT HF BI-VENTRICULAR ICD CRT-D",PP-CA-449
1013632,"LEAD, DURATA ICD DF-4 ACTIVE TBP SINGLE SHOCK",PP-CA-449
1014823,"GENERATOR, ASSURITY MRI PACER DR RF",PP-CA-449
1014824,"LEAD, TENDRILL STS 46",PP-CA-449
1014825,"GENERATOR, ASSURITY MRI PACER DR RF",PP-CA-449
1014826,"LEAD, TENDRILL STS 52",PP-CA-449
1014827,"LEAD, TENDRILL STS 58",PP-CA-449
1014828,"LEAD, QUARTET QUADRIPOLAR 1458Q/86",PP-CA-449
1014831,"SHEATH, CPS DIRECT UPSIZED WIDE 47CM",PP-CA-449
1014832,"GENERATOR, GALLANT DR ICD",PP-CA-449
1014833,"LEAD, QUARTET QUADRIPOLAR SMALL-S 1456Q/86",PP-CA-449
1014834,"SHEATH, CPS DIRECT UPSIZED WIDE 47CM",PP-CA-449
1014835,"LEAD, DURATA ICD DF-4 ACTIVE TBP SINGLE SHOCK",PP-CA-449
1014836,"LEAD, TENDRILL STS 58",PP-CA-449
1014837,"GENERATOR, UNIFY ASSURA NEXT GEN CRT-D 40 DF4 CONN",PP-CA-449
1014839,"GENERATOR, ASSURITY MRI PACER SR RF",PP-CA-449
1014840,"LEAD, TENDRILL STS 52",PP-CA-449
1014841,"GENERATOR, ASSURITY MRI PACER DR RF",PP-CA-449
1014842,"LEAD, TENDRILL STS 58",PP-CA-449
1014843,"GENERATOR, ASSURITY MRI PACER DR RF",PP-CA-449
1014844,"GENERATOR, ASSURITY MRI PACER DR RF",PP-CA-449
1014845,"LEAD, TENDRILL STS 58",PP-CA-449
1014855,"KIT, AVEIR INTRODUCER LEADLESS 25FR ID 50CM",PP-CA-449
1014856,"CATH, AVEIR DELIVERY LEADLESS VR",PP-CA-449
1014857,"GENERATOR, ASSURITY MRI PACER DR RF",PP-CA-449
1014858,"LEAD, TENDRILL STS 46",PP-CA-449
1014859,"LEAD, TENDRILL STS 52",PP-CA-449
1014860,"GENERATOR, AVEIR LEADLESS PACEMAKER VR PM 19.5FR 38.5MM RV",PP-CA-449
1022409,"ADAPTER, UNIPOLAR LEAD 3.2MM LOW-PROFILE CONN TO IS-1 RECEPT 47CM",PP-CA-449
1023855,"SHEATH, CPS DIRECT UPSIZED X-WIDE 47CM",PP-CA-449
1023856,"SHEATH, CPS DIRECT UPSIZED X-WIDE 47CM",PP-CA-449
1023857,"SHEATH, CPS DIRECT UPSIZED WIDE 47CM",PP-CA-449
1023858,"LEAD, TENDRILL STS 52",PP-CA-449
1023859,"LEAD, QUARTET QUADRIPOLAR 1458Q/86",PP-CA-449
1023860,"GENERATOR, GALLANT HF BI-VENTRICULAR ICD CRT-D",PP-CA-449
1023861,"LEAD, DURATA ICD DF-4 ACTIVE TBP SINGLE SHOCK",PP-CA-449
1025164,"GENERATOR, GALLANT VR ICD",PP-CA-449
1025165,"LEAD, DURATA ICD DF-4 ACTIVE TBP SINGLE SHOCK",PP-CA-449
1025166,"GENERATOR, GALLANT VR ICD",PP-CA-449
1026633,"SHEATH, CPS DIRECT UPSIZED WIDE 47CM",PP-CA-449
1026634,"LEAD, TENDRILL STS 52",PP-CA-449
1026635,"LEAD, DURATA ICD DF-4 ACTIVE TBP SINGLE SHOCK",PP-CA-449
1026636,"LEAD, QUARTET QUADRIPOLAR 1458Q/86",PP-CA-449
1026637,"GENERATOR, GALLANT HF BI-VENTRICULAR ICD CRT-D",PP-CA-449
1026638,"SLITTER, CPS DIRECT SL II",PP-CA-449
1026644,"SHEATH, CPS DIRECT UPSIZED WIDE 47CM",PP-CA-449
1026645,"LEAD, DURATA ICD DF-4 ACTIVE TBP SINGLE SHOCK",PP-CA-449
1026646,"LEAD, QUARTET QUADRIPOLAR 1458Q/86",PP-CA-449
1026647,"GENERATOR, GALLANT HF BI-VENTRICULAR ICD CRT-D",PP-CA-449
1026648,"SLITTER, CPS DIRECT SL II",PP-CA-449
1027980,"GENERATOR, AVEIR LEADLESS PACEMAKER VR PM 19.5FR 38.5MM RV",PP-CA-449
1027981,"SHEATH, CPS DIRECT UPSIZED WIDE 47CM",PP-CA-449
1038762,"STYLET, MOND RVOT 58",PP-CA-449
1039974,"GENERATOR, ASSURITY MRI PACER SR RF",PP-CA-449
1039975,"LEAD, TENDRILL STS 58",PP-CA-449
1039976,"GENERATOR, ASSURITY MRI PACER DR RF",PP-CA-449
1039977,"LEAD, TENDRILL STS 52",PP-CA-449
1039978,"LEAD, TENDRILL STS 58",PP-CA-449
1039982,"GENERATOR, ASSURITY MRI PACER DR RF",PP-CA-449
1039983,"LEAD, TENDRIL MRI 52CM",PP-CA-449
1039984,"LEAD, TENDRILL STS 58",PP-CA-449
1047997,"GENERATOR, GALLANT VR ICD",PP-CA-449
1047998,"LEAD, DURATA ICD DF-4 ACTIVE TBP SINGLE SHOCK",PP-CA-449
1047999,"GENERATOR, ASSURITY MRI PACER DR RF",PP-CA-449
1048000,"LEAD, TENDRILL STS 52",PP-CA-449
1048001,"GENERATOR, ASSURITY MRI PACER SR RF",PP-CA-449
1048002,"LEAD, TENDRILL STS 58",PP-CA-449
1048003,"SHEATH, CPS DIRECT UPSIZED WIDE 47CM",PP-CA-449
1048004,"GENERATOR, QUADRA ALLURE MP CRT-P MRI",PP-CA-449
1048005,"LEAD, TENDRILL STS 58",PP-CA-449
1048006,"LEAD, QUARTET QUADRIPOLAR SMALL-S 1456Q/86",PP-CA-449
1048007,"SLITTER, CPS DIRECT SL II",PP-CA-449
1048010,"LEAD, DURATA ICD DF-4 ACTIVE TBP SINGLE SHOCK",PP-CA-449
1048011,"GENERATOR, GALLANT VR ICD",PP-CA-449
1048012,"GENERATOR, ASSURITY MRI PACER DR RF",PP-CA-449
1048013,"LEAD, TENDRILL STS 52",PP-CA-449
1048014,"LEAD, TENDRILL STS 58",PP-CA-449
1048015,"GENERATOR, ASSURITY MRI PACER DR RF",PP-CA-449
1048016,"GENERATOR, GALLANT VR ICD",PP-CA-449
1048017,"LEAD, DURATA ICD DF-4 ACTIVE TBP SINGLE SHOCK",PP-CA-449
1048019,"GENERATOR, ASSURITY MRI PACER DR RF",PP-CA-449
1048031,"GENERATOR, GALLANT VR ICD",PP-CA-449
1048032,"LEAD, DURATA ICD DF-4 ACTIVE TBP SINGLE SHOCK",PP-CA-449
1048033,"GENERATOR, GALLANT HF BI-VENTRICULAR ICD CRT-D",PP-CA-449
1048034,"LEAD, TENDRILL STS 52",PP-CA-449
1048035,"LEAD, DURATA ICD DF-4 ACTIVE TBP SINGLE SHOCK",PP-CA-449
1048036,"GENERATOR, ASSURITY MRI PACER DR RF",PP-CA-449
1048037,"LEAD, TENDRILL STS 46",PP-CA-449
1048038,"LEAD, TENDRILL STS 52",PP-CA-449
1048039,"GENERATOR, GALLANT VR ICD",PP-CA-449
1048040,"LEAD, DURATA ICD DF-4 ACTIVE TBP SINGLE SHOCK",PP-CA-449
1054538,"GENERATOR, ASSURITY MRI PACER DR RF",PP-CA-449
1054539,"LEAD, TENDRILL STS 58",PP-CA-449
1054540,"GENERATOR, ASSURITY MRI PACER DR RF",PP-CA-449
1054541,"LEAD, TENDRILL STS 46",PP-CA-449
1054542,"LEAD, TENDRILL STS 52",PP-CA-449
1066618,"GENERATOR, ASSURITY MRI PACER DR RF",PP-CA-449
1066619,"LEAD, TENDRILL STS 58",PP-CA-449
1066620,"LEAD, TENDRILL STS 52",PP-CA-449
1069122,"SHEATH, CPS DIRECT UPSIZED WIDE 47CM",PP-CA-449
1070314,"LEAD, TENDRILL STS 52",PP-CA-449
1071871,"LEAD, TENDRILL STS 52",PP-CA-449
1077488,"GENERATOR, AVEIR LEADLESS PACEMAKER VR PM 19.5FR 38.5MM RV",PP-CA-449
1077493,"CATH, AVEIR DELIVERY LEADLESS VR",PP-CA-449
1077494,"KIT, AVEIR INTRODUCER LEADLESS 25FR ID 50CM",PP-CA-449
1080493,"CATH, AVEIR DELIVERY LEADLESS VR",PP-CA-449
1080496,"GENERATOR, AVEIR LEADLESS PACEMAKER VR PM 19.5FR 38.5MM RV",PP-CA-449
1086617,"GENERATOR, GALLANT VR ICD",PP-CA-449
1086618,"GENERATOR, ASSURITY MRI PACER DR RF",PP-CA-449
1086619,"LEAD, TENDRILL STS 52",PP-CA-449
1086620,"LEAD, TENDRILL STS 58",PP-CA-449
1086629,"LEAD, TENDRIL MRI 46CM",PP-CA-449
1086630,"LEAD, QUARTET QUADRIPOLAR 1458Q/86",PP-CA-449
1086631,"GENERATOR, GALLANT HF BI-VENTRICULAR ICD CRT-D",PP-CA-449
1086632,"LEAD, DURATA ICD DF-4 ACTIVE TBP SINGLE SHOCK 7122Q/58",PP-CA-449
1086633,"SHEATH, CPS DIRECT UPSIZED WIDE 47CM",PP-CA-449
1086638,"KIT, AVEIR INTRODUCER LEADLESS 25FR ID 50CM",PP-CA-449
1086639,"SLITTER, CPS DIRECT SL II",PP-CA-449
1086640,"GENERATOR, UNIFY ASSURA NEXT GEN CRT-D 40 DF4 CONN",PP-CA-449
1088032,"GENERATOR, ASSURITY MRI PACER DR RF",PP-CA-449
1088033,"GENERATOR, ASSURITY MRI PACER DR RF",PP-CA-449
1088034,"LEAD, TENDRILL STS 46",PP-CA-449
1088035,"LEAD, TENDRILL STS 52",PP-CA-449
1088036,"GENERATOR, GALLANT VR ICD",PP-CA-449
1088037,"LEAD, DURATA ICD DF-4 ACTIVE TBP SINGLE SHOCK 7122Q/58",PP-CA-449
1088038,"GENERATOR, ASSURITY MRI PACER DR RF",PP-CA-449
1088039,"LEAD, TENDRILL STS 52",PP-CA-449
1088040,"LEAD, TENDRILL STS 58",PP-CA-449
1088041,"GENERATOR, GALLANT VR ICD",PP-CA-449
1088042,"LEAD, DURATA ICD DF-4 ACTIVE TBP SINGLE SHOCK",PP-CA-449
1088043,"GENERATOR, ASSURITY MRI PACER DR RF",PP-CA-449
1088044,"LEAD, TENDRILL STS 52",PP-CA-449
1088045,"LEAD, TENDRILL STS 58",PP-CA-449
1088046,"GENERATOR, ASSURITY MRI PACER DR RF",PP-CA-449
1088047,"LEAD, TENDRIL MRI 46CM",PP-CA-449
1088048,"LEAD, TENDRILL STS 52",PP-CA-449
1094520,"STYLET, MOND RVOT 58",PP-CA-449
1095719,"LEAD, TENDRILL STS 52",PP-CA-449
1095720,"GENERATOR, ASSURITY MRI PACER DR RF",PP-CA-449
1095721,"GENERATOR, ASSURITY MRI PACER DR RF",PP-CA-449
1095732,"GENERATOR, ASSURITY MRI PACER DR RF",PP-CA-449
1095733,"LEAD, TENDRILL STS 52",PP-CA-449
1095734,"LEAD, TENDRILL STS 58",PP-CA-449
1095735,"LEAD, DURATA ICD DF-4 ACTIVE TBP SINGLE SHOCK",PP-CA-449
1095736,"SLITTER, CPS DIRECT SL II",PP-CA-449
1095737,"SHEATH, CPS DIRECT UPSIZED WIDE 47CM",PP-CA-449
1095738,"LEAD, QUARTET QUADRIPOLAR 1458Q/86",PP-CA-449
1095740,"GENERATOR, UNIFY ASSURA NEXT GEN CRT-D 40 DF4 CONN",PP-CA-449
1095741,"LEAD, TENDRIL MRI 52CM",PP-CA-449
1095742,"LEAD, DURATA ICD DF-4 ACTIVE TBP SINGLE SHOCK",PP-CA-449
1095743,"LEAD, TENDRILL STS 58",PP-CA-449
1095744,"LEAD, DURATA ICD DF-4 ACTIVE TBP SINGLE SHOCK",PP-CA-449
1095745,"LEAD, TENDRILL STS 58",PP-CA-449
1095751,"STYLET, MOND RVOT 58",PP-CA-449
1099645,"STYLET, MOND RVOT 58",PP-CA-449
1099646,"STYLET, MOND RVOT 65",PP-CA-449
1102655,"GENERATOR, GALLANT DR ICD",PP-CA-449
1102656,"LEAD, TENDRILL STS 52",PP-CA-449
1102657,"LEAD, DURATA ICD DF-4 ACTIVE TBP SINGLE SHOCK 7122Q/58",PP-CA-449
1102658,"GENERATOR, ASSURITY MRI PACER DR RF",PP-CA-449
1102659,"LEAD, TENDRILL STS 52",PP-CA-449
1102660,"LEAD, TENDRILL STS 58",PP-CA-449
1102661,"GENERATOR, ASSURITY MRI PACER DR RF",PP-CA-449
1102662,"LEAD, TENDRILL STS 52",PP-CA-449
1102663,"LEAD, TENDRILL STS 58",PP-CA-449
1102664,"GENERATOR, FORTIFY ASSURA NEXT GEN ICD VR 40 DF4 CONN",PP-CA-449
1110176,"STYLET, MOND RVOT 52",PP-CA-449
1111406,"SHEATH, CPS DIRECT UPSIZED WIDE 47CM",PP-CA-449
1111408,"GENERATOR, GALLANT HF BI-VENTRICULAR ICD CRT-D",PP-CA-449
1111409,"LEAD, TENDRILL STS 52",PP-CA-449
1111410,"LEAD, DURATA ICD DF-4 ACTIVE TBP SINGLE SHOCK",PP-CA-449
1111411,"LEAD, QUARTET QUADRIPOLAR 1458Q/86",PP-CA-449
1111412,"GENERATOR, GALLANT VR ICD",PP-CA-449
1111413,"LEAD, DURATA ICD DF-4 ACTIVE TBP SINGLE SHOCK",PP-CA-449
1111414,"GENERATOR, ASSURITY MRI PACER DR RF",PP-CA-449
1111415,"LEAD, TENDRILL STS 52",PP-CA-449
1111417,"STYLET, MOND RVOT 58",PP-CA-449
1123706,"GENERATOR, GALLANT VR ICD",PP-CA-449
1123707,"LEAD, DURATA ICD DF-4 ACTIVE TBP SINGLE SHOCK",PP-CA-449
1123711,"SHEATH, CPS DIRECT UPSIZED WIDE 47CM",PP-CA-449
1123712,"SHEATH, CPS DIRECT UPSIZED WIDE 47CM",PP-CA-449
1123713,"GENERATOR, GALLANT HF BI-VENTRICULAR ICD CRT-D",PP-CA-449
1123714,"LEAD, TENDRIL MRI 52CM",PP-CA-449
1123715,"LEAD, DURATA ICD DF-4 ACTIVE TBP SINGLE SHOCK",PP-CA-449
1123716,"LEAD, QUARTET QUADRIPOLAR 1458Q/86",PP-CA-449
1123718,"LEAD, TENDRIL MRI 52CM",PP-CA-449
1123719,"LEAD, DURATA ICD DF-4 ACTIVE TBP SINGLE SHOCK",PP-CA-449
1125375,"CATH, AVEIR DELIVERY LEADLESS VR",PP-CA-449
1125376,"KIT, AVEIR INTRODUCER LEADLESS 25FR ID 50CM",PP-CA-449
1125384,"GENERATOR, ASSURITY MRI PACER DR RF",PP-CA-449
1125385,"LEAD, TENDRILL STS 52",PP-CA-449
1125386,"LEAD, TENDRILL STS 58",PP-CA-449
1125387,"GENERATOR, ASSURITY MRI PACER DR RF",PP-CA-449
1125388,"LEAD, TENDRILL STS 52",PP-CA-449
1125389,"LEAD, TENDRILL STS 58",PP-CA-449
1125390,"GENERATOR, AVEIR LEADLESS PACEMAKER VR PM 19.5FR 38.5MM RV",PP-CA-449
1128963,"CATH, AVEIR DELIVERY LEADLESS VR",PP-CA-449
1128968,"GENERATOR, AVEIR LEADLESS PACEMAKER VR PM 19.5FR 38.5MM RV",PP-CA-449
1128969,"KIT, AVEIR INTRODUCER LEADLESS 25FR ID 50CM",PP-CA-449
1131515,"STYLET, MOND RVOT 58",PP-CA-449
1131518,"SHEATH, CPS DIRECT UPSIZED R SIDE 47CM",PP-CA-449
1131520,"LEAD, TENDRILL STS 46",PP-CA-449
1131521,"LEAD, QUARTET QUADRIPOLAR 1458Q/92",PP-CA-449
1131522,"GENERATOR, GALLANT HF BI-VENTRICULAR ICD CRT-D",PP-CA-449
1131523,"LEAD, DURATA ICD DF-4 ACTIVE TBP SINGLE SHOCK 7122Q/58",PP-CA-449
1131524,"GENERATOR, ASSURITY MRI PACER SR RF",PP-CA-449
1131525,"LEAD, TENDRILL STS 58",PP-CA-449
1131526,"GENERATOR, GALLANT VR ICD",PP-CA-449
1131527,"LEAD, DURATA ICD DF-4 ACTIVE TBP SINGLE SHOCK",PP-CA-449
1131532,"SHEATH, CPS DIRECT UPSIZED WIDE 47CM",PP-CA-449
1131533,"SHEATH, CPS DIRECT UPSIZED WIDE 47CM",PP-CA-449
1132821,"GENERATOR, ASSURITY MRI PACER DR RF",PP-CA-449
1132822,"LEAD, ISOFLEX OPTIM 1944/46",PP-CA-449
1132823,"LEAD, ISOFLEX OPTIM 1948/52",PP-CA-449
1132824,"SHEATH, CPS DIRECT UPSIZED WIDE 47CM",PP-CA-449
1132825,"LEAD, DURATA ICD DF-4 ACTIVE TBP SINGLE SHOCK",PP-CA-449
1132826,"LEAD, QUARTET QUADRIPOLAR 1458Q/86",PP-CA-449
1132827,"LEAD, TENDRILL STS 52",PP-CA-449
1132828,"GENERATOR, GALLANT HF BI-VENTRICULAR ICD CRT-D",PP-CA-449
1132830,"GENERATOR, GALLANT HF BI-VENTRICULAR ICD CRT-D",PP-CA-449
1132831,"LEAD, DURATA ICD DF-4 ACTIVE TBP SINGLE SHOCK",PP-CA-449
1138624,"GENERATOR, ASSURITY MRI PACER DR RF",PP-CA-449
1138625,"LEAD, TENDRILL STS 46",PP-CA-449
1138626,"LEAD, TENDRILL STS 52",PP-CA-449
1138627,"GENERATOR, UNIFY ASSURA NEXT GEN CRT-D 40 DF4 CONN",PP-CA-449
1138628,"GENERATOR, ASSURITY MRI PACER DR RF",PP-CA-449
1138629,"LEAD, TENDRILL STS 52",PP-CA-449
1138630,"LEAD, TENDRILL STS 58",PP-CA-449
1141491,"GENERATOR, ASSURITY MRI PACER SR RF",PP-CA-449
1141492,"LEAD, TENDRILL STS 58",PP-CA-449
1141493,"GENERATOR, GALLANT VR ICD",PP-CA-449
1141494,"LEAD, DURATA ICD DF-4 ACTIVE TBP SINGLE SHOCK 7122Q/58",PP-CA-449
1141495,"GENERATOR, GALLANT DR ICD",PP-CA-449
1141496,"LEAD, TENDRILL STS 46",PP-CA-449
1141497,"LEAD, DURATA ICD DF-4 ACTIVE TBP SINGLE SHOCK",PP-CA-449
1141498,"GENERATOR, GALLANT HF BI-VENTRICULAR ICD CRT-D",PP-CA-449
1142575,"GENERATOR, ASSURITY MRI PACER SR RF",PP-CA-449
1142576,"GENERATOR, ASSURITY MRI PACER DR RF",PP-CA-449
1142577,"GENERATOR, ASSURITY MRI PACER DR RF",PP-CA-449
1142578,"LEAD, TENDRIL MRI 52CM",PP-CA-449
1142579,"LEAD, TENDRILL STS 58",PP-CA-449
1142580,"GENERATOR, ASSURITY MRI PACER DR RF",PP-CA-449
1142581,"LEAD, TENDRIL MRI 46CM",PP-CA-449
1142582,"LEAD, TENDRILL STS 52",PP-CA-449
1142583,"GENERATOR, ASSURITY MRI PACER DR RF",PP-CA-449
1142584,"LEAD, TENDRIL MRI 46CM",PP-CA-449
1142585,"LEAD, TENDRILL STS 52",PP-CA-449
1148879,"SHEATH, CPS DIRECT UPSIZED WIDE 47CM",PP-CA-449
1148880,"LEAD, TENDRIL MRI 52CM",PP-CA-449
1148881,"LEAD, DURATA ICD DF-4 ACTIVE TBP SINGLE SHOCK",PP-CA-449
1148882,"LEAD, QUARTET QUADRIPOLAR 1458Q/86",PP-CA-449
1148883,"GENERATOR, GALLANT HF BI-VENTRICULAR ICD CRT-D",PP-CA-449
1148884,"STYLET, MOND RVOT 58",PP-CA-449
1163135,"STYLET, MOND RVOT 58",PP-CA-449
1168480,"SHEATH, CPS DIRECT UPSIZED WIDE 47CM",PP-CA-449
1168481,"SHEATH, CPS DIRECT UPSIZED WIDE 47CM",PP-CA-449
1168482,"LEAD, TENDRIL MRI 52CM",PP-CA-449
1168483,"LEAD, QUARTET QUADRIPOLAR 1458Q/86",PP-CA-449
1168484,"GENERATOR, QUADRA ASSURA MP CRT-D",PP-CA-449
1168485,"SHEATH, CPS DIRECT UPSIZED WIDE 47CM",PP-CA-449
1168486,"LEAD, TENDRIL MRI 46CM",PP-CA-449
1168487,"LEAD, QUARTET QUADRIPOLAR 1458Q/86",PP-CA-449
1168488,"GENERATOR, GALLANT HF BI-VENTRICULAR ICD CRT-D",PP-CA-449
1168489,"LEAD, DURATA ICD DF-4 ACTIVE TBP SINGLE SHOCK 7122Q/58",PP-CA-449
1170030,"GENERATOR, GALLANT DR ICD",PP-CA-449
1175517,"KIT, AVEIR INTRODUCER LEADLESS 25FR ID 50CM",PP-CA-449
1175518,"CATH, AVEIR DELIVERY LEADLESS VR",PP-CA-449
1175520,"GENERATOR, AVEIR LEADLESS PACEMAKER VR PM 19.5FR 38.5MM RV",PP-CA-449
1182228,"GENERATOR, ASSURITY MRI PACER DR RF",PP-CA-449
1182229,"LEAD, TENDRILL STS 52",PP-CA-449
1182230,"LEAD, TENDRILL STS 58",PP-CA-449
1182231,"GENERATOR, ASSURITY MRI PACER SR RF",PP-CA-449
1182232,"LEAD, TENDRILL STS 52",PP-CA-449
1182233,"GENERATOR, ASSURITY MRI PACER DR RF",PP-CA-449
1195837,"STYLET, MOND RVOT 65",PP-CA-449
1199744,"GENERATOR, ASSURITY MRI PACER SR RF",PP-CA-449
1199745,"LEAD, TENDRILL STS 58",PP-CA-449
1200911,"GENERATOR, ASSURITY MRI PACER DR RF",PP-CA-449
1200912,"LEAD, TENDRIL MRI 52CM",PP-CA-449
1200913,"LEAD, TENDRILL STS 58",PP-CA-449
1200914,"GENERATOR, ASSURITY MRI PACER DR RF",PP-CA-449
1200915,"LEAD, TENDRIL MRI 52CM",PP-CA-449
1200916,"LEAD, TENDRILL STS 58",PP-CA-449
1200917,"GENERATOR, ASSURITY MRI PACER SR RF",PP-CA-449
1200918,"LEAD, TENDRILL STS 52",PP-CA-449
1200919,"GENERATOR, QUADRA ALLURE MP CRT-P MRI",PP-CA-449
1200920,"GENERATOR, ASSURITY MRI PACER DR RF",PP-CA-449
1200921,"LEAD, TENDRILL STS 46",PP-CA-449
1200922,"LEAD, TENDRILL STS 52",PP-CA-449
1200928,"STYLET, MOND RVOT 58",PP-CA-449
1202313,"GENERATOR, GALLANT DR ICD",PP-CA-449
1202314,"LEAD, TENDRIL MRI 52CM",PP-CA-449
1202315,"LEAD, DURATA ICD DF-4 ACTIVE TBP SINGLE SHOCK",PP-CA-449
1203794,"GENERATOR, ASSURITY MRI PACER DR RF",PP-CA-449
1203795,"LEAD, TENDRIL MRI 52CM",PP-CA-449
1203796,"LEAD, TENDRILL STS 58",PP-CA-449
1203810,"GENERATOR, UNIFY ASSURA NEXT GEN CRT-D 40 DF4 CONN",PP-CA-449
1207542,"STYLET, MOND RVOT 58",PP-CA-449
1207551,"CATH, AVEIR DELIVERY LEADLESS VR",PP-CA-449
1207552,"KIT, AVEIR INTRODUCER LEADLESS 25FR ID 50CM",PP-CA-449
1207556,"GENERATOR, AVEIR LEADLESS PACEMAKER VR PM 19.5FR 38.5MM RV",PP-CA-449
1213306,"STYLET, MOND RVOT 58",PP-CA-449
1215958,"GENERATOR, GALLANT HF BI-VENTRICULAR ICD CRT-D",PP-CA-449
1215959,"GENERATOR, ASSURITY MRI PACER DR RF",PP-CA-449
1215960,"LEAD, TENDRIL MRI 52CM",PP-CA-449
1215961,"LEAD, TENDRILL STS 58",PP-CA-449
1215962,"LEAD, TENDRIL MRI 46CM",PP-CA-449
1215963,"LEAD, DURATA ICD DF-4 ACTIVE TBP SINGLE SHOCK",PP-CA-449
1215964,"GENERATOR, GALLANT DR ICD",PP-CA-449
1215965,"SHEATH, CPS DIRECT UPSIZED R SIDE 47CM",PP-CA-449
1215967,"LEAD, TENDRIL MRI 46CM",PP-CA-449
1215968,"LEAD, TENDRIL MRI 46CM",PP-CA-449
1215969,"LEAD, TENDRILL STS 58",PP-CA-449
1215970,"GENERATOR, UNIFY ASSURA NEXT GEN CRT-D 40 DF4 CONN",PP-CA-449
1217951,"GENERATOR, ASSURITY MRI PACER DR RF",PP-CA-449
1217952,"LEAD, TENDRIL MRI 46CM",PP-CA-449
1217953,"LEAD, TENDRILL STS 58",PP-CA-449
1217960,"GENERATOR, ASSURITY MRI PACER DR RF",PP-CA-449
1217961,"LEAD, TENDRIL MRI 52CM",PP-CA-449
1217962,"LEAD, TENDRILL STS 58",PP-CA-449
1220533,"SHEATH, CPS DIRECT UPSIZED WIDE 47CM",PP-CA-449
1220534,"SHEATH, CPS DIRECT UPSIZED X-WIDE 47CM",PP-CA-449
1220535,"LEAD, QUARTET QUADRIPOLAR 1458Q/86",PP-CA-449
1220536,"GENERATOR, ASSURITY MRI PACER DR RF",PP-CA-449
1220537,"LEAD, TENDRIL MRI 52CM",PP-CA-449
1220538,"LEAD, TENDRILL STS 58",PP-CA-449
1227577,"GENERATOR, ASSURITY MRI PACER DR RF",PP-CA-449
1227578,"LEAD, TENDRILL STS 46",PP-CA-449
1227579,"LEAD, TENDRILL STS 52",PP-CA-449
1227580,"GENERATOR, ASSURITY MRI PACER SR RF",PP-CA-449
1227581,"LEAD, TENDRILL STS 58",PP-CA-449
1229074,"GENERATOR, AVEIR LEADLESS PACEMAKER VR PM 19.5FR 38.5MM RV",PP-CA-449
1229076,"CATH, AVEIR DELIVERY LEADLESS VR",PP-CA-449
1229077,"KIT, AVEIR INTRODUCER LEADLESS 25FR ID 50CM",PP-CA-449
1230362,"GENERATOR, ASSURITY MRI PACER DR RF",PP-CA-449
1230363,"GENERATOR, GALLANT VR ICD",PP-CA-449
1230364,"LEAD, DURATA ICD DF-4 ACTIVE TBP SINGLE SHOCK",PP-CA-449
1230373,"GENERATOR, GALLANT VR ICD",PP-CA-449
1230374,"LEAD, TENDRIL MRI 46CM",PP-CA-449
1230375,"LEAD, DURATA ICD DF-4 ACTIVE TBP SINGLE SHOCK 7122Q/58",PP-CA-449
1230376,"GENERATOR, GALLANT DR ICD",PP-CA-449
1244990,"GENERATOR, GALLANT VR ICD",PP-CA-449
1250621,"GENERATOR, AVEIR LEADLESS PACEMAKER VR PM 19.5FR 38.5MM RV",PP-CA-449
1251739,"STYLET, MOND RVOT 65",PP-CA-449
1254478,"CATH, AVEIR DELIVERY LEADLESS VR",PP-CA-449
1254479,"KIT, AVEIR INTRODUCER LEADLESS 25FR ID 50CM",PP-CA-449
1259934,"GENERATOR, GALLANT DR ICD",PP-CA-449
1259935,"LEAD, TENDRILL STS 52",PP-CA-449
1259936,"LEAD, DURATA ICD DF-4 ACTIVE TBP SINGLE SHOCK",PP-CA-449
1261660,"GENERATOR, FORTIFY ASSURA NEXT GEN ICD DR 40 DF4 CONN",PP-CA-449
1261661,"LEAD, TENDRIL MRI 52CM",PP-CA-449
1266036,"LEAD, TENDRIL MRI 52CM",PP-CA-449
1266037,"GENERATOR, GALLANT DR ICD",PP-CA-449
1266038,"LEAD, DURATA ICD DF-4 ACTIVE TBP SINGLE SHOCK",PP-CA-449
1266039,"SHEATH, CPS DIRECT UPSIZED WIDE 47CM",PP-CA-449
1266040,"SHEATH, CPS DIRECT UPSIZED X-WIDE 47CM",PP-CA-449
1266041,"LEAD, TENDRIL MRI 52CM",PP-CA-449
1266042,"LEAD, DURATA ICD DF-4 ACTIVE TBP SINGLE SHOCK",PP-CA-449
1266043,"LEAD, QUARTET QUADRIPOLAR 1458Q/86",PP-CA-449
1266044,"GENERATOR, GALLANT HF BI-VENTRICULAR ICD CRT-D",PP-CA-449
1266045,"STYLET, MOND RVOT 58",PP-CA-449
1269504,"GENERATOR, QUADRA ASSURA MP CRT-D",PP-CA-449
1281387,"GENERATOR, ASSURITY MRI PACER DR RF",PP-CA-449
1281388,"LEAD, TENDRIL MRI 52CM",PP-CA-449
1281389,"LEAD, TENDRILL STS 58",PP-CA-449
1284393,"STYLET, MOND RVOT 52",PP-CA-449
1286991,"GENERATOR, ASSURITY MRI PACER DR RF",PP-CA-449
1286992,"LEAD, TENDRIL MRI 52CM",PP-CA-449
1286993,"LEAD, TENDRILL STS 58",PP-CA-449
1286994,"RECORDER, LOOP CONFIRM RX IMPLANTABLE",PP-CA-449
1286996,"SHEATH, CPS DIRECT UPSIZED WIDE 47CM",PP-CA-449
1286998,"GENERATOR, ASSURITY MRI PACER DR RF",PP-CA-449
1286999,"LEAD, TENDRILL STS 52",PP-CA-449
1287000,"LEAD, TENDRILL STS 58",PP-CA-449
1288691,"GENERATOR, ASSURITY MRI PACER DR RF",PP-CA-449
1288692,"LEAD, TENDRIL MRI 52CM",PP-CA-449
1288693,"LEAD, TENDRILL STS 58",PP-CA-449
1292735,"GENERATOR, ASSURITY MRI PACER DR RF",PP-CA-449
1292736,"LEAD, TENDRIL MRI 52CM",PP-CA-449
1292737,"LEAD, TENDRILL STS 58",PP-CA-449
1294813,"SHEATH, CPS DIRECT UPSIZED WIDE 47CM",PP-CA-449
1294814,"SHEATH, CPS DIRECT UPSIZED WIDE 47CM",PP-CA-449
1294815,"LEAD, TENDRIL MRI 52CM",PP-CA-449
1294816,"LEAD, DURATA ICD DF-4 ACTIVE TBP SINGLE SHOCK",PP-CA-449
1294817,"LEAD, QUARTET QUADRIPOLAR SMALL-S 1456Q/86",PP-CA-449
1294818,"GENERATOR, GALLANT HF BI-VENTRICULAR ICD CRT-D",PP-CA-449
1297948,"SLITTER, CPS DIRECT SL II",PP-CA-449
1303740,"SHEATH, CPS DIRECT UPSIZED WIDE 47CM",PP-CA-449
1303741,"GENERATOR, ASSURITY MRI PACER DR RF",PP-CA-449
1303742,"LEAD, TENDRIL MRI 52CM",PP-CA-449
1303743,"LEAD, TENDRILL STS 58",PP-CA-449
1303745,"GENERATOR, ASSURITY MRI PACER DR RF",PP-CA-449
1303746,"LEAD, TENDRILL STS 52",PP-CA-449
1303747,"LEAD, TENDRILL STS 58",PP-CA-449
1305207,"GENERATOR, ASSURITY MRI PACER DR RF",PP-CA-449
1305208,"LEAD, TENDRIL MRI 52CM",PP-CA-449
1305209,"LEAD, TENDRILL STS 58",PP-CA-449
1312406,"SHEATH, CPS DIRECT UPSIZED WIDE 47CM",PP-CA-449
1312407,"SHEATH, CPS DIRECT UPSIZED X-WIDE 47CM",PP-CA-449
1312408,"LEAD, TENDRIL MRI 52CM",PP-CA-449
1312409,"LEAD, DURATA ICD DF-4 ACTIVE TBP SINGLE SHOCK",PP-CA-449
1312410,"LEAD, QUARTET QUADRIPOLAR 1458Q/86",PP-CA-449
1312411,"GENERATOR, GALLANT HF BI-VENTRICULAR ICD CRT-D",PP-CA-449
1312412,"SHEATH, CPS DIRECT UPSIZED WIDE 47CM",PP-CA-449
1312413,"LEAD, TENDRIL MRI 52CM",PP-CA-449
1312414,"LEAD, QUARTET QUADRIPOLAR 1458Q/86",PP-CA-449
1312415,"GENERATOR, GALLANT HF BI-VENTRICULAR ICD CRT-D",PP-CA-449
1312416,"LEAD, DURATA ICD DF-4 ACTIVE TBP SINGLE SHOCK",PP-CA-449
1312418,"LEAD, TENDRILL STS 52",PP-CA-449
1312419,"LEAD, DURATA ICD DF-4 ACTIVE TBP SINGLE SHOCK",PP-CA-449
1312420,"LEAD, QUARTET QUADRIPOLAR 1458Q/92",PP-CA-449
1312421,"GENERATOR, GALLANT HF BI-VENTRICULAR ICD CRT-D",PP-CA-449
1312422,"LEAD, QUARTET QUADRIPOLAR 1458Q/86",PP-CA-449
1312423,"GENERATOR, GALLANT HF BI-VENTRICULAR ICD CRT-D",PP-CA-449
1312424,"LEAD, DURATA ICD DF-4 ACTIVE TBP SINGLE SHOCK 7122Q/58",PP-CA-449
1312427,"SHEATH, CPS DIRECT UPSIZED R SIDE 47CM",PP-CA-449
1312428,"LEAD, DURATA ICD DF-4 ACTIVE TBP SINGLE SHOCK 7122Q/58",PP-CA-449
1312429,"GENERATOR, GALLANT VR ICD",PP-CA-449
1313521,"LEAD, TENDRIL MRI 46CM",PP-CA-449
1313522,"LEAD, DURATA ICD DF-4 ACTIVE TBP SINGLE SHOCK 7122Q/58",PP-CA-449
1313523,"LEAD, QUARTET QUADRIPOLAR 1458Q/86",PP-CA-449
1313524,"GENERATOR, GALLANT HF BI-VENTRICULAR ICD CRT-D",PP-CA-449
1313525,"SHEATH, CPS DIRECT UPSIZED WIDE 47CM",PP-CA-449
1313526,"GENERATOR, ASSURITY MRI PACER DR RF",PP-CA-449
1313527,"LEAD, TENDRIL MRI 46CM",PP-CA-449
1313528,"LEAD, TENDRILL STS 58",PP-CA-449
1314436,"LEAD, DURATA ICD DF-4 ACTIVE TBP SINGLE SHOCK",PP-CA-449
1314437,"LEAD, TENDRILL STS 58",PP-CA-449
1314438,"GENERATOR, UNIFY ASSURA NEXT GEN CRT-D 40 DF4 CONN",PP-CA-449
1314439,"GENERATOR, FORTIFY ASSURA NEXT GEN ICD VR 40 DF4 CONN",PP-CA-449
1314463,"LEAD, TENDRIL MRI 52CM",PP-CA-449
1314464,"GENERATOR, GALLANT DR ICD",PP-CA-449
1314465,"LEAD, DURATA ICD DF-4 ACTIVE TBP SINGLE SHOCK",PP-CA-449
1314466,"LEAD, TENDRILL STS 52",PP-CA-449
1314467,"GENERATOR, ASSURITY MRI PACER DR RF",PP-CA-449
1314468,"LEAD, TENDRILL STS 58",PP-CA-449
1315917,"STYLET, MOND RVOT 58",PP-CA-449
1317159,"SHEATH, CPS DIRECT UPSIZED WIDE 47CM",PP-CA-449
1317161,"SHEATH, CPS DIRECT UPSIZED X-WIDE 47CM",PP-CA-449
1317162,"GENERATOR, ASSURITY MRI PACER SR RF",PP-CA-449
1317163,"LEAD, TENDRILL STS 58",PP-CA-449
1317164,"LEAD, QUARTET QUADRIPOLAR 1458Q/86",PP-CA-449
1322108,"KIT, AVEIR INTRODUCER LEADLESS 25FR ID 50CM",PP-CA-449
1322109,"GENERATOR, AVEIR LEADLESS PACEMAKER VR PM 19.5FR 38.5MM RV",PP-CA-449
1324674,"SHEATH, CPS DIRECT UPSIZED WIDE 47CM",PP-CA-449
1324676,"LEAD, TENDRIL MRI 52CM",PP-CA-449
1324677,"LEAD, DURATA ICD DF-4 ACTIVE TBP SINGLE SHOCK",PP-CA-449
1324678,"LEAD, QUARTET QUADRIPOLAR 1458Q/86",PP-CA-449
1324679,"GENERATOR, GALLANT HF BI-VENTRICULAR ICD CRT-D",PP-CA-449
1326625,"SHEATH, CPS DIRECT UPSIZED WIDE 47CM",PP-CA-449
1326627,"LEAD, TENDRIL MRI 52CM",PP-CA-449
1326628,"LEAD, QUARTET QUADRIPOLAR 1458Q/86",PP-CA-449
1326629,"GENERATOR, GALLANT HF BI-VENTRICULAR ICD CRT-D",PP-CA-449
1326630,"LEAD, DURATA ICD DF-4 ACTIVE TBP SINGLE SHOCK",PP-CA-449
1326974,"SHEATH, CPS DIRECT UPSIZED X-WIDE 47CM",PP-CA-449
1326975,"LEAD, DURATA ICD DF-4 ACTIVE TBP SINGLE SHOCK",PP-CA-449
1326976,"GENERATOR, GALLANT VR ICD",PP-CA-449
1330762,"GENERATOR, ASSURITY MRI PACER DR RF",PP-CA-449
1330763,"GENERATOR, ASSURITY MRI PACER DR RF",PP-CA-449
1330764,"LEAD, TENDRIL MRI 46CM",PP-CA-449
1330765,"LEAD, TENDRILL STS 52",PP-CA-449
1331946,"RECORDER, LOOP CONFIRM RX IMPLANTABLE",PP-CA-449
1332760,"CATH, AVEIR RETRACTOR LEADLESS  VR TRI LOOP",PP-CA-449
1334089,"PACEMAKER CARDIAC DUAL CHAMBER RF TELEMETRY IS1 ASSURITY MRI 10.4ML 20GM 50X6X47MM",PP-CA-449
1334090,"LEAD PACING BIPOLAR EXTENDABLE RETRACTABLE HELIX FIXATION IS1 TENDRIL STS OPTIM 52CM",PP-CA-449
1337678,"GENERATOR, QUADRA ASSURA MP CRT-D DF4",PP-CA-449
13767129,"SHEATH, CPS DIRECT UPSIZED 115DEG 54CM",PP-CA-449
13769129,"SHEATH, CPS DIRECT UPSIZED WIDE 47CM",PP-CA-449
13769130,"LEAD, TENDRIL MRI 52CM",PP-CA-449
13769131,"LEAD, DURATA ICD DF-4 ACTIVE TBP SINGLE SHOCK",PP-CA-449
13769132,"LEAD, QUARTET QUADRIPOLAR 1458Q/86",PP-CA-449
13769133,"GENERATOR, GALLANT HF BI-VENTRICULAR ICD CRT-D",PP-CA-449
13769134,"GENERATOR, ASSURITY MRI PACER DR RF",PP-CA-449
13769135,"LEAD, TENDRILL STS 52",PP-CA-449
13769136,"LEAD, TENDRILL STS 58",PP-CA-449
13770360,"GENERATOR, QUADRA ALLURE MP CRT-P MRI",PP-CA-449
13770361,"LEAD, TENDRILL STS 52",PP-CA-449
13770362,"LEAD, TENDRILL STS 58",PP-CA-449
13770363,"GENERATOR, ASSURITY MRI PACER DR RF",PP-CA-449
13770364,"LEAD, TENDRILL STS 52",PP-CA-449
13770365,"LEAD, TENDRILL STS 58",PP-CA-449
13770366,"RECORDER, LOOP CONFIRM RX IMPLANTABLE",PP-CA-449
13770367,"LEAD, TENDRILL STS 46",PP-CA-449
13770368,"LEAD, TENDRILL STS 52",PP-CA-449
13773135,"GENERATOR, ASSURITY MRI PACER DR RF",PP-CA-449
13773136,"LEAD, TENDRILL STS 46",PP-CA-449
13773137,"LEAD, TENDRILL STS 52",PP-CA-449
13773138,"GENERATOR, FORTIFY ASSURA NEXT GEN ICD VR 40 DF4 CONN",PP-CA-449
13773139,"GENERATOR, ASSURITY MRI PACER DR RF",PP-CA-449
13773140,"LEAD, TENDRIL MRI 46CM",PP-CA-449
13773141,"LEAD, TENDRIL MRI 52CM",PP-CA-449
13776457,"GENERATOR, ASSURITY MRI PACER DR RF",PP-CA-449
13776458,"LEAD, ISOFLEX OPTIM 1944/46",PP-CA-449
13776459,"LEAD, TENDRILL STS 52",PP-CA-449
13781378,"GENERATOR, GALLANT VR ICD",PP-CA-449
13781379,"LEAD, DURATA ICD DF-4 ACTIVE TBP SINGLE SHOCK",PP-CA-449
13781380,"RECORDER, LOOP CONFIRM RX IMPLANTABLE",PP-CA-449
13781381,"GENERATOR, ASSURITY MRI PACER DR RF",PP-CA-449
13781382,"LEAD, TENDRILL STS 52",PP-CA-449
13781383,"LEAD, TENDRILL STS 58",PP-CA-449
13782423,"GENERATOR, GALLANT VR ICD",PP-CA-449
13782424,"LEAD, DURATA ICD DF-4 ACTIVE TBP SINGLE SHOCK",PP-CA-449
13782425,"SHEATH, CPS DIRECT UPSIZED WIDE 47CM",PP-CA-449
13782426,"LEAD, TENDRIL MRI 52CM",PP-CA-449
13782427,"LEAD, QUARTET QUADRIPOLAR 1458Q/86",PP-CA-449
13782428,"GENERATOR, GALLANT HF BI-VENTRICULAR ICD CRT-D",PP-CA-449
13782429,"LEAD, DURATA ICD DF-4 ACTIVE TBP SINGLE SHOCK",PP-CA-449
13790488,"GENERATOR, GALLANT VR ICD",PP-CA-449
13790489,"LEAD, DURATA ICD DF-4 ACTIVE TBP SINGLE SHOCK",PP-CA-449
13795425,"GENERATOR, GALLANT VR ICD",PP-CA-449
13795426,"LEAD, DURATA ICD DF-4 ACTIVE TBP SINGLE SHOCK",PP-CA-449
13796968,"LEAD, TENDRILL STS 52",PP-CA-449
13796969,"GENERATOR, ASSURITY MRI PACER DR RF",PP-CA-449
13796970,"LEAD, TENDRIL MRI 52CM",PP-CA-449
13796972,"LEAD, TENDRIL MRI 52CM",PP-CA-449
13796973,"GENERATOR, GALLANT DR ICD",PP-CA-449
13796974,"LEAD, DURATA ICD DF-4 ACTIVE TBP SINGLE SHOCK 7120Q/65",PP-CA-449
13796975,"RECORDER, LOOP CONFIRM RX IMPLANTABLE",PP-CA-449
13799465,"RECORDER, LOOP CONFIRM RX IMPLANTABLE",PP-CA-449
13799466,"GENERATOR, GALLANT VR ICD",PP-CA-449
13799467,"LEAD, DURATA ICD DF-4 ACTIVE TBP SINGLE SHOCK 7122Q/58",PP-CA-449
13799468,"GENERATOR, QUADRA ASSURA MP CRT-D DF4",PP-CA-449
13799469,"GENERATOR, QUADRA ALLURE MP CRT-P MRI",PP-CA-449
13799470,"LEAD, QUARTET QUADRIPOLAR 1458Q/86",PP-CA-449
13809411,"GENERATOR, ASSURITY MRI PACER DR RF",PP-CA-449
13809412,"LEAD, TENDRILL STS 52",PP-CA-449
13809413,"LEAD, TENDRILL STS 58",PP-CA-449
13812164,"GENERATOR, ASSURITY MRI PACER DR RF",PP-CA-449
13812165,"LEAD, TENDRILL STS 52",PP-CA-449
13812166,"LEAD, TENDRILL STS 58",PP-CA-449
13812167,"SHEATH, CPS DIRECT UPSIZED WIDE 47CM",PP-CA-449
13812169,"LEAD, TENDRIL MRI 52CM",PP-CA-449
13812170,"LEAD, QUARTET QUADRIPOLAR 1458Q/86",PP-CA-449
13812171,"GENERATOR, GALLANT HF BI-VENTRICULAR ICD CRT-D",PP-CA-449
13812172,"LEAD, DURATA ICD DF-4 ACTIVE TBP SINGLE SHOCK",PP-CA-449
13816058,"GENERATOR, QUADRA ASSURA MP CRT-D DF4",PP-CA-449
13817503,"GENERATOR, ASSURITY MRI PACER DR RF",PP-CA-449
13817504,"LEAD, TENDRIL MRI 46CM",PP-CA-449
13817505,"LEAD, TENDRIL MRI 52CM",PP-CA-449
13817506,"LEAD, DURATA ICD DF-4 ACTIVE TBP SINGLE SHOCK",PP-CA-449
13827312,"GENERATOR, GALLANT VR ICD",PP-CA-449
13827313,"LEAD, DURATA ICD DF-4 ACTIVE TBP SINGLE SHOCK",PP-CA-449
13827314,"GENERATOR, ASSURITY MRI PACER DR RF",PP-CA-449
13827315,"LEAD, TENDRIL MRI 52CM",PP-CA-449
13827316,"LEAD, TENDRILL STS 58",PP-CA-449
13827317,"GENERATOR, ASSURITY MRI PACER DR RF",PP-CA-449
13827318,"LEAD, TENDRILL STS 52",PP-CA-449
13827319,"LEAD, TENDRILL STS 58",PP-CA-449
13827325,"GENERATOR, ASSURITY MRI PACER DR RF",PP-CA-449
13827326,"LEAD, TENDRILL STS 52",PP-CA-449
13827327,"LEAD, TENDRILL STS 58",PP-CA-449
13827328,"LEAD, DURATA ICD DF-4 ACTIVE TBP SINGLE SHOCK",PP-CA-449
13827329,"GENERATOR, ASSURITY MRI PACER SR RF",PP-CA-449
13832511,"GENERATOR, QUADRA ASSURA MP CRT-D DF4",PP-CA-449
13832512,"LEAD, DURATA ICD DF-4 ACTIVE TBP SINGLE SHOCK",PP-CA-449
13832513,"GENERATOR, ASSURITY MRI PACER DR RF",PP-CA-449
13832514,"LEAD, TENDRIL MRI 52CM",PP-CA-449
13832515,"LEAD, TENDRILL STS 58",PP-CA-449
13836465,"LEAD, TENDRILL STS 58",PP-CA-449
13836466,"LEAD, TENDRILL STS 52",PP-CA-449
13836467,"LEAD, QUARTET QUADRIPOLAR 1458Q/86",PP-CA-449
13836468,"GENERATOR, ASSURITY MRI PACER DR RF",PP-CA-449
13839051,"GENERATOR, GALLANT HF BI-VENTRICULAR ICD CRT-D",PP-CA-449
13839052,"LEAD, TENDRILL STS 46",PP-CA-449
13839053,"LEAD, DURATA ICD DF-4 ACTIVE TBP SINGLE SHOCK 7122Q/58",PP-CA-449
13839054,"LEAD, QUARTET QUADRIPOLAR 1458Q/86",PP-CA-449
13841492,"SHEATH, CPS DIRECT UPSIZED WIDE 47CM",PP-CA-449
13841493,"GENERATOR, QUADRA ALLURE MP CRT-P MRI",PP-CA-449
13841494,"LEAD, TENDRIL MRI 46CM",PP-CA-449
13841495,"LEAD, TENDRILL STS 52",PP-CA-449
13841496,"LEAD, QUARTET QUADRIPOLAR 1458Q/86",PP-CA-449
13841497,"GENERATOR, GALLANT VR ICD",PP-CA-449
13841498,"LEAD, DURATA ICD DF-4 ACTIVE TBP SINGLE SHOCK 7122Q/58",PP-CA-449
13844045,"LEAD, TENDRILL STS 52",PP-CA-449
13844046,"LEAD, DURATA ICD DF-4 ACTIVE TBP SINGLE SHOCK",PP-CA-449
13844047,"GENERATOR, GALLANT DR ICD",PP-CA-449
13845151,"GENERATOR, QUADRA ASSURA MP CRT-D",PP-CA-449
13849647,"SHEATH, CPS DIRECT UPSIZED WIDE 47CM",PP-CA-449
13849648,"LEAD, TENDRIL MRI 52CM",PP-CA-449
13849649,"LEAD, DURATA ICD DF-4 ACTIVE TBP SINGLE SHOCK 7122Q/58",PP-CA-449
13849650,"LEAD, QUARTET QUADRIPOLAR 1458Q/86",PP-CA-449
13849651,"GENERATOR, GALLANT HF BI-VENTRICULAR ICD CRT-D",PP-CA-449
13849652,"GENERATOR, ASSURITY MRI PACER DR RF",PP-CA-449
13849653,"LEAD, TENDRIL MRI 46CM",PP-CA-449
13849654,"LEAD, TENDRIL MRI 52CM",PP-CA-449
13850987,"GENERATOR, FORTIFY ASSURA NEXT GEN ICD DR 40 DF4 CONN",PP-CA-449
13850988,"LEAD, TENDRILL STS 52",PP-CA-449
13850989,"LEAD, TENDRILL STS 52",PP-CA-449
13850990,"GENERATOR, GALLANT DR ICD",PP-CA-449
13850991,"LEAD, DURATA ICD DF-4 ACTIVE TBP SINGLE SHOCK",PP-CA-449
13850992,"GENERATOR, ASSURITY MRI PACER DR RF",PP-CA-449
13850993,"LEAD, TENDRIL MRI 52CM",PP-CA-449
13850994,"LEAD, TENDRILL STS 58",PP-CA-449
13850995,"GENERATOR, QUADRA ALLURE MP CRT-P MRI",PP-CA-449
13850996,"LEAD, QUARTET QUADRIPOLAR 1458Q/86",PP-CA-449
13850997,"LEAD, DURATA ICD DF-4 ACTIVE TBP SINGLE SHOCK 7122Q/58",PP-CA-449
13850998,"GENERATOR, GALLANT VR ICD",PP-CA-449
13859921,"GENERATOR, QUADRA ASSURA MP CRT-D DF4",PP-CA-449
13861320,"GENERATOR, ASSURITY MRI PACER DR RF",PP-CA-449
13861321,"LEAD, TENDRIL MRI 52CM",PP-CA-449
13865198,"GENERATOR, ASSURITY MRI PACER DR RF",PP-CA-449
13865199,"LEAD, TENDRIL MRI 46CM",PP-CA-449
13865200,"LEAD, TENDRILL STS 52",PP-CA-449
13865202,"SHEATH, CPS DIRECT UPSIZED WIDE 47CM",PP-CA-449
13865203,"GENERATOR, GALLANT HF BI-VENTRICULAR ICD CRT-D",PP-CA-449
13865204,"LEAD, TENDRIL MRI 46CM",PP-CA-449
13865205,"LEAD, DURATA ICD DF-4 ACTIVE TBP SINGLE SHOCK 7122Q/58",PP-CA-449
13865206,"LEAD, QUARTET QUADRIPOLAR 1458Q/86",PP-CA-449
13869464,"GENERATOR, ASSURITY MRI PACER DR RF",PP-CA-449
13869465,"LEAD, TENDRILL STS 52",PP-CA-449
13869466,"LEAD, TENDRILL STS 58",PP-CA-449
13874927,"LEAD, TENDRILL STS 52",PP-CA-449
13874928,"GENERATOR, GALLANT DR ICD",PP-CA-449
13874929,"LEAD, DURATA ICD DF-4 ACTIVE TBP SINGLE SHOCK",PP-CA-449
13874931,"LEAD, ISOFLEX OPTIM 1944/52",PP-CA-449
13874932,"LEAD, ISOFLEX OPTIM 1948/5846",PP-CA-449
13874934,"GENERATOR, ASSURITY MRI PACER DR RF",PP-CA-449
13874935,"LEAD, TENDRILL STS 52",PP-CA-449
13874936,"LEAD, TENDRILL STS 58",PP-CA-449
13874937,"GENERATOR, ASSURITY MRI PACER DR RF",PP-CA-449
13874938,"LEAD, TENDRILL STS 52",PP-CA-449
13874939,"LEAD, TENDRILL STS 58",PP-CA-449
13877431,"RECORDER, LOOP CONFIRM RX IMPLANTABLE",PP-CA-449
13885933,"LEAD, TENDRILL STS 52",PP-CA-449
13885934,"LEAD, TENDRILL STS 58",PP-CA-449
13885935,"GENERATOR, ASSURITY MRI PACER DR RF",PP-CA-449
13885937,"SHEATH, CPS DIRECT UPSIZED WIDE 47CM",PP-CA-449
13885938,"LEAD, TENDRIL MRI 52CM",PP-CA-449
13885939,"LEAD, DURATA ICD DF-4 ACTIVE TBP SINGLE SHOCK",PP-CA-449
13885940,"LEAD, QUARTET QUADRIPOLAR 1458Q/86",PP-CA-449
13885941,"GENERATOR, GALLANT HF BI-VENTRICULAR ICD CRT-D",PP-CA-449
13885942,"GENERATOR, ASSURITY MRI PACER DR RF",PP-CA-449
13885943,"LEAD, TENDRILL STS 46",PP-CA-449
13885944,"LEAD, TENDRILL STS 52",PP-CA-449
13885945,"GENERATOR, GALLANT VR ICD",PP-CA-449
13885946,"LEAD, DURATA ICD DF-4 ACTIVE TBP SINGLE SHOCK",PP-CA-449
13885947,"GENERATOR, ALLURE CRT-P RF",PP-CA-449
13885948,"LEAD, TENDRILL STS 52",PP-CA-449
13885949,"GENERATOR, GALLANT VR ICD",PP-CA-449
13885950,"LEAD, DURATA ICD DF-4 ACTIVE TBP SINGLE SHOCK",PP-CA-449
13885953,"SHEATH, CPS DIRECT UPSIZED WIDE 47CM",PP-CA-449
13885955,"LEAD, TENDRIL MRI 52CM",PP-CA-449
13885956,"LEAD, QUARTET QUADRIPOLAR 1458Q/86",PP-CA-449
13885957,"GENERATOR, GALLANT HF BI-VENTRICULAR ICD CRT-D",PP-CA-449
13885958,"LEAD, DURATA ICD DF-4 ACTIVE TBP SINGLE SHOCK",PP-CA-449
13885960,"GENERATOR, ASSURITY MRI PACER DR RF",PP-CA-449
13887571,"SHEATH, CPS DIRECT UPSIZED WIDE 47CM",PP-CA-449
13887572,"GENERATOR, GALLANT HF BI-VENTRICULAR ICD CRT-D",PP-CA-449
13887573,"LEAD, DURATA ICD DF-4 ACTIVE TBP SINGLE SHOCK",PP-CA-449
13887575,"LEAD, TENDRIL MRI 52CM",PP-CA-449
13887576,"LEAD, DURATA ICD DF-4 ACTIVE TBP SINGLE SHOCK",PP-CA-449
13887577,"LEAD, TENDRILL STS 52",PP-CA-449
13887578,"GENERATOR, GALLANT DR ICD",PP-CA-449
13887579,"GENERATOR, ASSURITY MRI PACER DR RF",PP-CA-449
13887580,"LEAD, ISOFLEX OPTIM 1944/46",PP-CA-449
13887581,"LEAD, ISOFLEX OPTIM 1948/52",PP-CA-449
13890343,"SHEATH, CPS DIRECT UPSIZED WIDE 47CM",PP-CA-449
13898016,"RECORDER, LOOP CONFIRM RX IMPLANTABLE",PP-CA-449
13898017,"GENERATOR, ASSURITY MRI PACER DR RF",PP-CA-449
13898018,"LEAD, ISOFLEX OPTIM 1948/5846",PP-CA-449
13900781,"SHEATH, CPS DIRECT UPSIZED WIDE 47CM",PP-CA-449
13900783,"LEAD, TENDRIL MRI 46CM",PP-CA-449
13900784,"LEAD, DURATA ICD DF-4 ACTIVE TBP SINGLE SHOCK 7122Q/58",PP-CA-449
13900785,"LEAD, QUARTET QUADRIPOLAR 1458Q/86",PP-CA-449
13900786,"GENERATOR, GALLANT HF BI-VENTRICULAR ICD CRT-D",PP-CA-449
13900787,"GENERATOR, GALLANT DR ICD",PP-CA-449
13900788,"LEAD, TENDRILL STS 52",PP-CA-449
13900789,"LEAD, DURATA ICD DF-4 ACTIVE TBP SINGLE SHOCK 7120Q/65",PP-CA-449
13900790,"GENERATOR, ASSURITY MRI PACER DR RF",PP-CA-449
13900791,"LEAD, TENDRILL STS 46",PP-CA-449
13900792,"LEAD, TENDRILL STS 52",PP-CA-449
13903685,"GENERATOR, GALLANT VR ICD",PP-CA-449
13905015,"GENERATOR, ASSURITY MRI PACER DR RF",PP-CA-449
13905016,"LEAD, TENDRILL STS 46",PP-CA-449
13905017,"LEAD, TENDRILL STS 52",PP-CA-449
13905020,"LEAD, DURATA ICD DF-4 ACTIVE TBP SINGLE SHOCK",PP-CA-449
13905021,"GENERATOR, GALLANT VR ICD",PP-CA-449
13907537,"GENERATOR, ASSURITY MRI PACER DR RF",PP-CA-449
13907538,"LEAD, TENDRILL STS 52",PP-CA-449
13907539,"LEAD, TENDRILL STS 58",PP-CA-449
13907540,"GENERATOR, ASSURITY MRI PACER DR RF",PP-CA-449
13907541,"LEAD, TENDRIL MRI 46CM",PP-CA-449
13907542,"LEAD, TENDRIL MRI 52CM",PP-CA-449
13907543,"LEAD, DURATA ICD DF-4 ACTIVE TBP SINGLE SHOCK",PP-CA-449
13907544,"GENERATOR, GALLANT VR ICD",PP-CA-449
13907545,"GENERATOR, ASSURITY MRI PACER DR RF",PP-CA-449
13911302,"GENERATOR, ASSURITY MRI PACER DR RF",PP-CA-449
13911303,"LEAD, TENDRILL STS 46",PP-CA-449
13911304,"LEAD, TENDRILL STS 52",PP-CA-449
13912945,"GENERATOR, ASSURITY MRI PACER DR RF",PP-CA-449
13915968,"GENERATOR, GALLANT VR ICD",PP-CA-449
13915969,"LEAD, DURATA ICD DF-4 ACTIVE TBP SINGLE SHOCK",PP-CA-449
13915970,"LEAD, TENDRIL MRI 52CM",PP-CA-449
13915971,"GENERATOR, GALLANT DR ICD",PP-CA-449
13915972,"LEAD, DURATA ICD DF-4 ACTIVE TBP SINGLE SHOCK 7120Q/65",PP-CA-449
13918438,"GENERATOR, ASSURITY MRI PACER DR RF",PP-CA-449
13918439,"LEAD, TENDRILL STS 46",PP-CA-449
13918440,"LEAD, TENDRILL STS 52",PP-CA-449
13918441,"LEAD, DURATA ICD DF-4 ACTIVE TBP SINGLE SHOCK",PP-CA-449
13918442,"GENERATOR, GALLANT VR ICD",PP-CA-449
13921499,"GENERATOR, ASSURITY MRI PACER DR RF",PP-CA-449
13921500,"LEAD, TENDRILL STS 46",PP-CA-449
13921501,"LEAD, TENDRILL STS 52",PP-CA-449
13924127,"GENERATOR, ASSURITY MRI PACER DR RF",PP-CA-449
13924128,"LEAD, TENDRILL STS 52",PP-CA-449
13924129,"LEAD, TENDRILL STS 58",PP-CA-449
13924130,"SHEATH, CPS DIRECT UPSIZED WIDE 47CM",PP-CA-449
13924131,"LEAD, TENDRIL MRI 52CM",PP-CA-449
13924132,"LEAD, TENDRILL STS 58",PP-CA-449
13924133,"LEAD, QUARTET QUADRIPOLAR 1458Q/86",PP-CA-449
13924134,"GENERATOR, QUADRA ALLURE MP CRT-P MRI",PP-CA-449
13925332,"GENERATOR, ASSURITY MRI PACER DR RF",PP-CA-449
13925333,"LEAD, TENDRILL STS 46",PP-CA-449
13925334,"LEAD, TENDRILL STS 58",PP-CA-449
13926547,"LEAD, TENDRIL MRI 52CM",PP-CA-449
13926548,"LEAD, DURATA ICD DF-4 ACTIVE TBP SINGLE SHOCK",PP-CA-449
13926549,"LEAD, QUARTET QUADRIPOLAR 1458Q/86",PP-CA-449
13926550,"GENERATOR, GALLANT HF BI-VENTRICULAR ICD CRT-D",PP-CA-449
13926551,"SHEATH, CPS DIRECT UPSIZED WIDE 47CM",PP-CA-449
13926552,"GENERATOR, ASSURITY MRI PACER DR RF",PP-CA-449
13926553,"GENERATOR, ASSURITY MRI PACER DR RF",PP-CA-449
13926554,"LEAD, TENDRILL STS 52",PP-CA-449
13926555,"LEAD, TENDRILL STS 58",PP-CA-449
13928152,"GENERATOR, QUADRA ALLURE MP CRT-P MRI",PP-CA-449
13928153,"LEAD, TENDRILL STS 58",PP-CA-449
13928154,"LEAD, QUARTET QUADRIPOLAR SMALL-S 1456Q/86",PP-CA-449
13928157,"GENERATOR, ELLIPSE NEXT GEN ICD VR 36",PP-CA-449
13928158,"GENERATOR, GALLANT DR ICD",PP-CA-449
13928159,"LEAD, TENDRIL MRI 52CM",PP-CA-449
13928160,"LEAD, DURATA ICD DF-4 ACTIVE TBP SINGLE SHOCK",PP-CA-449
13940373,"GENERATOR, ASSURITY MRI PACER DR RF",PP-CA-449
13940374,"LEAD, TENDRIL MRI 46CM",PP-CA-449
13940375,"LEAD, TENDRILL STS 52",PP-CA-449
13943657,"GENERATOR, ASSURITY MRI PACER DR RF",PP-CA-449
13943658,"GENERATOR, ASSURITY MRI PACER DR RF",PP-CA-449
13947933,"LEAD, DURATA ICD DF-4 ACTIVE TBP SINGLE SHOCK",PP-CA-449
13947934,"GENERATOR, GALLANT VR ICD",PP-CA-449
13947935,"LEAD, TENDRILL STS 52",PP-CA-449
13947936,"GENERATOR, GALLANT DR ICD",PP-CA-449
13947937,"LEAD, DURATA ICD DF-4 ACTIVE TBP SINGLE SHOCK 7120Q/65",PP-CA-449
13950530,"LEAD, TENDRILL STS 46",PP-CA-449
13952226,"GENERATOR, ASSURITY MRI PACER DR RF",PP-CA-449
13952227,"LEAD, TENDRIL MRI 46CM",PP-CA-449
13952228,"LEAD, TENDRILL STS 52",PP-CA-449
13952229,"LEAD, TENDRILL STS 46",PP-CA-449
13952230,"LEAD, DURATA ICD DF-4 ACTIVE TBP SINGLE SHOCK 7122Q/58",PP-CA-449
13952231,"GENERATOR, GALLANT DR ICD",PP-CA-449
13952233,"GENERATOR, ASSURITY MRI PACER SR RF",PP-CA-449
13952234,"LEAD, TENDRILL STS 52",PP-CA-449
13952235,"LEAD, DURATA ICD DF-4 ACTIVE TBP SINGLE SHOCK 7122Q/58",PP-CA-449
13952236,"GENERATOR, GALLANT VR ICD",PP-CA-449
13952248,"SHEATH, CPS DIRECT UPSIZED WIDE 47CM",PP-CA-449
13952249,"LEAD, TENDRIL MRI 52CM",PP-CA-449
13952250,"LEAD, DURATA ICD DF-4 ACTIVE TBP SINGLE SHOCK",PP-CA-449
13952251,"LEAD, QUARTET QUADRIPOLAR 1458Q/86",PP-CA-449
13952252,"GENERATOR, GALLANT HF BI-VENTRICULAR ICD CRT-D",PP-CA-449
13952253,"SHEATH, CPS DIRECT UPSIZED WIDE 47CM",PP-CA-449
13952255,"LEAD, TENDRIL MRI 52CM",PP-CA-449
13952256,"LEAD, DURATA ICD DF-4 ACTIVE TBP SINGLE SHOCK",PP-CA-449
13952257,"LEAD, QUARTET QUADRIPOLAR 1458Q/86",PP-CA-449
13952258,"GENERATOR, GALLANT HF BI-VENTRICULAR ICD CRT-D",PP-CA-449
13954684,"LEAD, QUARTET QUADRIPOLAR 1458Q/86",PP-CA-449
13954685,"GENERATOR, GALLANT HF BI-VENTRICULAR ICD CRT-D",PP-CA-449
13954686,"LEAD, TENDRILL STS 52",PP-CA-449
13954687,"GENERATOR, QUADRA ASSURA MP CRT-D DF4",PP-CA-449
13960403,"SHEATH, CPS DIRECT UPSIZED WIDE 47CM",PP-CA-449
13963122,"GENERATOR, GALLANT VR ICD",PP-CA-449
13963123,"GENERATOR, QUADRA ALLURE MP CRT-P MRI",PP-CA-449
13963124,"LEAD, QUARTET QUADRIPOLAR 1458Q/86",PP-CA-449
13968430,"GENERATOR, ASSURITY MRI PACER DR RF",PP-CA-449
13968432,"GENERATOR, GALLANT VR ICD",PP-CA-449
13968433,"LEAD, DURATA ICD DF-4 ACTIVE TBP SINGLE SHOCK",PP-CA-449
13968435,"LEAD, QUARTET QUADRIPOLAR 1458Q/86",PP-CA-449
13968436,"GENERATOR, UNIFY ASSURA NEXT GEN CRT-D 40 DF4 CONN",PP-CA-449
13968437,"LEAD, DURATA ICD DF-4 ACTIVE TBP SINGLE SHOCK",PP-CA-449
13972503,"GENERATOR, ASSURITY MRI PACER DR RF",PP-CA-449
13972504,"LEAD, TENDRIL MRI 52CM",PP-CA-449
13972505,"LEAD, TENDRILL STS 58",PP-CA-449
13972509,"GENERATOR, ASSURITY MRI PACER DR RF",PP-CA-449
13972510,"LEAD, TENDRILL STS 52",PP-CA-449
13972511,"LEAD, TENDRILL STS 58",PP-CA-449
13974056,"GENERATOR, ASSURITY MRI PACER DR RF",PP-CA-449
13980574,"GENERATOR, ELLIPSE NEXT GEN ICD DR 36 DF4 CONN",PP-CA-449
13980575,"GENERATOR, FORTIFY ASSURA NEXT GEN ICD DR 40 DF4 CONN",PP-CA-449
13983404,"LEAD, TENDRIL MRI 46CM",PP-CA-449
13983405,"GENERATOR, ASSURITY MRI PACER DR RF",PP-CA-449
13983406,"LEAD, TENDRILL STS 52",PP-CA-449
13983411,"SHEATH, CPS DIRECT UPSIZED R SIDE 47CM",PP-CA-449
13983413,"GENERATOR, UNIFY ASSURA NEXT GEN CRT-D 40 DF4 CONN",PP-CA-449
13983414,"GENERATOR, ASSURITY MRI PACER DR RF",PP-CA-449
13983415,"LEAD, TENDRILL STS 52",PP-CA-449
13983416,"LEAD, TENDRILL STS 58",PP-CA-449
13983417,"GENERATOR, ASSURITY MRI PACER DR RF",PP-CA-449
13983418,"LEAD, TENDRILL STS 52",PP-CA-449
13983419,"LEAD, TENDRILL STS 58",PP-CA-449
13986283,"LEAD, QUARTET QUADRIPOLAR 1458Q/86",PP-CA-449
13986285,"GENERATOR, GALLANT DR ICD",PP-CA-449
13986286,"LEAD, TENDRILL STS 52",PP-CA-449
13986287,"LEAD, DURATA ICD DF-4 ACTIVE TBP SINGLE SHOCK",PP-CA-449
13987580,"GENERATOR, ASSURITY MRI PACER DR RF",PP-CA-449
13987581,"LEAD, ISOFLEX OPTIM 1944/46",PP-CA-449
13987582,"LEAD, TENDRILL STS 52",PP-CA-449
13987585,"GENERATOR, GALLANT DR ICD",PP-CA-449
13987586,"LEAD, TENDRIL MRI 46CM",PP-CA-449
13987587,"LEAD, DURATA ICD DF-4 ACTIVE TBP SINGLE SHOCK",PP-CA-449
13987589,"RECORDER, LOOP CONFIRM RX IMPLANTABLE",PP-CA-449
13987590,"GENERATOR, QUADRA ALLURE MP CRT-P MRI",PP-CA-449
13987591,"LEAD, TENDRILL STS 52",PP-CA-449
13987592,"LEAD, TENDRILL STS 58",PP-CA-449
13987593,"LEAD, QUARTET QUADRIPOLAR 1458Q/86",PP-CA-449
13987594,"GENERATOR, QUADRA ASSURA MP CRT-D",PP-CA-449
13987595,"LEAD, DURATA ICD DF-4 ACTIVE TBP SINGLE SHOCK",PP-CA-449
13987596,"GENERATOR, GALLANT VR ICD",PP-CA-449
13987598,"GENERATOR, ASSURITY MRI PACER DR RF",PP-CA-449
13987599,"LEAD, TENDRILL STS 52",PP-CA-449
13987600,"LEAD, TENDRILL STS 58",PP-CA-449
13987611,"SHEATH, CPS DIRECT UPSIZED WIDE 47CM",PP-CA-449
13987612,"SHEATH, CPS DIRECT UPSIZED WIDE 47CM",PP-CA-449
13987613,"SHEATH, CPS DIRECT UPSIZED WIDE 47CM",PP-CA-449
13987616,"LEAD, ISOFLEX OPTIM 1944/52",PP-CA-449
13987617,"LEAD, QUARTET QUADRIPOLAR 1458Q/86",PP-CA-449
13987618,"GENERATOR, GALLANT HF BI-VENTRICULAR ICD CRT-D",PP-CA-449
13987619,"LEAD, DURATA ICD DF-4 ACTIVE TBP SINGLE SHOCK",PP-CA-449
13990145,"GENERATOR, ASSURITY MRI PACER DR RF",PP-CA-449
13990146,"LEAD, TENDRILL STS 52",PP-CA-449
13990147,"LEAD, TENDRILL STS 58",PP-CA-449
13990149,"GENERATOR, ASSURITY MRI PACER DR RF",PP-CA-449
13990150,"LEAD, TENDRILL STS 52",PP-CA-449
13990151,"LEAD, TENDRILL STS 58",PP-CA-449
13990153,"GENERATOR, ASSURITY MRI PACER DR RF",PP-CA-449
13990154,"LEAD, TENDRILL STS 58",PP-CA-449
13990155,"LEAD, ISOFLEX OPTIM 1944/52",PP-CA-449
13999206,"SHEATH, CPS DIRECT UPSIZED WIDE 47CM",PP-CA-449
13999208,"SHEATH, CPS DIRECT UPSIZED WIDE 47CM",PP-CA-449
13999209,"LEAD, QUARTET QUADRIPOLAR 1458Q/86",PP-CA-449
13999210,"LEAD, TENDRIL MRI 52CM",PP-CA-449
13999211,"LEAD, DURATA ICD DF-4 ACTIVE TBP SINGLE SHOCK",PP-CA-449
13999212,"LEAD, QUARTET QUADRIPOLAR SMALL-S 1456Q/86",PP-CA-449
13999213,"GENERATOR, GALLANT HF BI-VENTRICULAR ICD CRT-D",PP-CA-449
13999214,"GENERATOR, GALLANT VR ICD",PP-CA-449
13999215,"LEAD, DURATA ICD DF-4 ACTIVE TBP SINGLE SHOCK",PP-CA-449
13999216,"GENERATOR, ASSURITY MRI PACER DR RF",PP-CA-449
13999217,"GENERATOR, ASSURITY MRI PACER DR RF",PP-CA-449
13999218,"LEAD, TENDRILL STS 52",PP-CA-449
13999219,"LEAD, TENDRILL STS 58",PP-CA-449
13999221,"GENERATOR, ASSURITY MRI PACER SR RF",PP-CA-449
13999222,"LEAD, TENDRILL STS 58",PP-CA-449
13999229,"GENERATOR, ASSURITY MRI PACER SR RF",PP-CA-449
13999230,"LEAD, TENDRILL STS 58",PP-CA-449
14003487,"GENERATOR, ASSURITY MRI PACER DR RF",PP-CA-449
14003488,"LEAD, TENDRILL STS 52",PP-CA-449
14003489,"LEAD, TENDRILL STS 58",PP-CA-449
14003490,"LEAD, TENDRIL MRI 46CM",PP-CA-449
14003491,"GENERATOR, ASSURITY MRI PACER DR RF",PP-CA-449
14003492,"LEAD, TENDRILL STS 58",PP-CA-449
14007676,"GENERATOR, GALLANT HF BI-VENTRICULAR ICD CRT-D",PP-CA-449
14007678,"GENERATOR, ASSURITY MRI PACER DR RF",PP-CA-449
14007679,"LEAD, TENDRIL MRI 52CM",PP-CA-449
14007680,"GENERATOR, ASSURITY MRI PACER DR RF",PP-CA-449
14007681,"LEAD, ISOFLEX OPTIM 1944/46",PP-CA-449
14007682,"LEAD, TENDRILL STS 52",PP-CA-449
14013799,"GENERATOR, ASSURITY MRI PACER DR RF",PP-CA-449
14013800,"LEAD, TENDRILL STS 46",PP-CA-449
14013801,"LEAD, TENDRILL STS 52",PP-CA-449
14015068,"GENERATOR, ASSURITY MRI PACER DR RF",PP-CA-449
14019123,"SHEATH, CPS DIRECT UPSIZED WIDE 47CM",PP-CA-449
14019125,"LEAD, TENDRIL MRI 46CM",PP-CA-449
14019127,"GENERATOR, GALLANT HF BI-VENTRICULAR ICD CRT-D",PP-CA-449
14019128,"LEAD, DURATA ICD DF-4 ACTIVE TBP SINGLE SHOCK 7122Q/58",PP-CA-449
14019129,"LEAD, QUARTET QUADRIPOLAR 1458Q/86",PP-CA-449
14019130,"SHEATH, CPS DIRECT UPSIZED WIDE 47CM",PP-CA-449
14023234,"GENERATOR, ASSURITY MRI PACER DR RF",PP-CA-449
14023235,"LEAD, TENDRILL STS 46",PP-CA-449
14023236,"LEAD, ISOFLEX OPTIM 1948/52",PP-CA-449
14023240,"SHEATH, CPS DIRECT UPSIZED R SIDE 47CM",PP-CA-449
14023241,"LEAD, DURATA ICD DF-4 ACTIVE TBP SINGLE SHOCK",PP-CA-449
14023242,"LEAD, QUARTET QUADRIPOLAR 1458Q/86",PP-CA-449
14023243,"GENERATOR, QUADRA ASSURA MP CRT-D DF4",PP-CA-449
14023244,"LEAD, TENDRILL STS 46",PP-CA-449
14024435,"LEAD, TENDRIL MRI 52CM",PP-CA-449
14024436,"GENERATOR, GALLANT HF BI-VENTRICULAR ICD CRT-D",PP-CA-449
14030307,"LEAD, DURATA ICD DF-4 ACTIVE TBP SINGLE SHOCK",PP-CA-449
14032953,"GENERATOR, ASSURITY MRI PACER DR RF",PP-CA-449
14032954,"LEAD, TENDRILL STS 46",PP-CA-449
14032955,"LEAD, TENDRILL STS 52",PP-CA-449
14032956,"GENERATOR, ASSURITY MRI PACER DR RF",PP-CA-449
14032957,"LEAD, TENDRILL STS 46",PP-CA-449
14032958,"LEAD, TENDRILL STS 52",PP-CA-449
14032968,"SHEATH, CPS DIRECT UPSIZED WIDE 47CM",PP-CA-449
14032971,"GENERATOR, UNIFY ASSURA NEXT GEN CRT-D 40 DF4 CONN",PP-CA-449
14032972,"LEAD, TENDRILL STS 52",PP-CA-449
14032973,"LEAD, DURATA ICD DF-4 ACTIVE TBP SINGLE SHOCK",PP-CA-449
14038817,"GENERATOR, ASSURITY MRI PACER DR RF",PP-CA-449
14038818,"LEAD, TENDRILL STS 52",PP-CA-449
14038819,"LEAD, TENDRILL STS 58",PP-CA-449
14040162,"GENERATOR, GALLANT VR ICD",PP-CA-449
14040163,"LEAD, DURATA ICD DF-4 ACTIVE TBP SINGLE SHOCK",PP-CA-449
14041579,"GENERATOR, ASSURITY MRI PACER DR RF",PP-CA-449
14041580,"GENERATOR, ASSURITY MRI PACER DR RF",PP-CA-449
14043139,"GENERATOR, ASSURITY MRI PACER DR RF",PP-CA-449
14043140,"LEAD, TENDRILL STS 46",PP-CA-449
14043141,"LEAD, TENDRILL STS 52",PP-CA-449
14043142,"GENERATOR, ASSURITY MRI PACER DR RF",PP-CA-449
14043143,"LEAD, TENDRILL STS 52",PP-CA-449
14043144,"LEAD, TENDRILL STS 58",PP-CA-449
14043155,"LEAD, TENDRILL STS 52",PP-CA-449
14048959,"GENERATOR, ASSURITY MRI PACER DR RF",PP-CA-449
14048960,"LEAD, TENDRILL STS 52",PP-CA-449
14048961,"LEAD, TENDRILL STS 58",PP-CA-449
14048962,"SHEATH, CPS DIRECT UPSIZED WIDE 47CM",PP-CA-449
14048964,"GENERATOR, GALLANT HF BI-VENTRICULAR ICD CRT-D",PP-CA-449
14048965,"LEAD, QUARTET QUADRIPOLAR 1458Q/86",PP-CA-449
14048966,"GENERATOR, GALLANT VR ICD",PP-CA-449
14048967,"LEAD, DURATA ICD DF-4 ACTIVE TBP SINGLE SHOCK",PP-CA-449
14050416,"GENERATOR, GALLANT VR ICD",PP-CA-449
14050417,"LEAD, DURATA ICD DF-4 ACTIVE TBP SINGLE SHOCK",PP-CA-449
14051761,"LEAD, QUARTET QUADRIPOLAR 1458Q/86",PP-CA-449
14051762,"GENERATOR, ALLURE CRT-P RF",PP-CA-449
14051763,"LEAD, QUICKFLEX MICRO 86",PP-CA-449
14051771,"LEAD, TENDRILL STS 52",PP-CA-449
14051772,"LEAD, DURATA ICD DF-4 ACTIVE TBP SINGLE SHOCK",PP-CA-449
14051773,"GENERATOR, GALLANT DR ICD",PP-CA-449
14051780,"GENERATOR, ASSURITY MRI PACER DR RF",PP-CA-449
14051781,"GENERATOR, ASSURITY MRI PACER DR RF",PP-CA-449
14055204,"GENERATOR, ALLURE CRT-P RF",PP-CA-449
14055207,"GENERATOR, GALLANT DR ICD",PP-CA-449
14055208,"GENERATOR, ASSURITY MRI PACER SR RF",PP-CA-449
14055209,"LEAD, TENDRILL STS 58",PP-CA-449
14058332,"GENERATOR, ASSURITY MRI PACER DR RF",PP-CA-449
14058333,"LEAD, TENDRILL STS 52",PP-CA-449
14058334,"LEAD, TENDRILL STS 58",PP-CA-449
14058335,"GENERATOR, ASSURITY MRI PACER DR RF",PP-CA-449
14058336,"LEAD, TENDRILL STS 52",PP-CA-449
14058337,"LEAD, TENDRILL STS 58",PP-CA-449
14061142,"SHEATH, CPS DIRECT UPSIZED WIDE 47CM",PP-CA-449
14061144,"GENERATOR, GALLANT HF BI-VENTRICULAR ICD CRT-D",PP-CA-449
14061145,"LEAD, TENDRILL STS 52",PP-CA-449
14061146,"LEAD, DURATA ICD DF-4 ACTIVE TBP SINGLE SHOCK",PP-CA-449
14061147,"LEAD, QUARTET QUADRIPOLAR 1458Q/86",PP-CA-449
14061148,"GENERATOR, FORTIFY ASSURA NEXT GEN ICD VR 40 DF4 CONN",PP-CA-449
14062342,"GENERATOR, ASSURITY MRI PACER DR RF",PP-CA-449
14062343,"GENERATOR, ASSURITY MRI PACER DR RF",PP-CA-449
14062344,"LEAD, TENDRILL STS 46",PP-CA-449
14062345,"LEAD, TENDRILL STS 52",PP-CA-449
14067009,"GENERATOR, QUADRA ALLURE MP CRT-P MRI",PP-CA-449
14067010,"LEAD, TENDRILL STS 58",PP-CA-449
14067011,"LEAD, QUARTET QUADRIPOLAR 1458Q/86",PP-CA-449
14067012,"GENERATOR, ASSURITY MRI PACER SR RF",PP-CA-449
14071132,"GENERATOR, ASSURITY MRI PACER DR RF",PP-CA-449
14071133,"LEAD, TENDRILL STS 52",PP-CA-449
14071134,"LEAD, TENDRILL STS 58",PP-CA-449
14071145,"GENERATOR, ASSURITY MRI PACER DR RF",PP-CA-449
14071146,"LEAD, TENDRILL STS 52",PP-CA-449
14071147,"LEAD, TENDRILL STS 58",PP-CA-449
14074291,"GENERATOR, ASSURITY MRI PACER DR RF",PP-CA-449
14075991,"GENERATOR, ASSURITY MRI PACER DR RF",PP-CA-449
14075992,"LEAD, TENDRILL STS 46",PP-CA-449
14075993,"LEAD, TENDRILL STS 52",PP-CA-449
14078653,"GENERATOR, ASSURITY MRI PACER DR RF",PP-CA-449
14078654,"LEAD, TENDRILL STS 52",PP-CA-449
14078655,"LEAD, TENDRILL STS 58",PP-CA-449
14078656,"LEAD, TENDRILL STS 52",PP-CA-449
14078657,"GENERATOR, ASSURITY MRI PACER SR RF",PP-CA-449
14078658,"LEAD, ISOFLEX OPTIM 1944/52",PP-CA-449
14078659,"GENERATOR, ASSURITY MRI PACER DR RF",PP-CA-449
14078660,"LEAD, TENDRILL STS 46",PP-CA-449
14078661,"LEAD, TENDRILL STS 52",PP-CA-449
14078662,"GENERATOR, ASSURITY MRI PACER DR RF",PP-CA-449
14080075,"GENERATOR, GALLANT HF BI-VENTRICULAR ICD CRT-D",PP-CA-449
14080076,"LEAD, TENDRILL STS 52",PP-CA-449
14080077,"SHEATH, CPS DIRECT UPSIZED WIDE 47CM",PP-CA-449
14080078,"LEAD, DURATA ICD DF-4 ACTIVE TBP SINGLE SHOCK",PP-CA-449
14080079,"LEAD, QUARTET QUADRIPOLAR 1458Q/86",PP-CA-449
14080080,"GENERATOR, ASSURITY MRI PACER DR RF",PP-CA-449
14080081,"LEAD, TENDRILL STS 46",PP-CA-449
14080082,"LEAD, TENDRILL STS 52",PP-CA-449
14080083,"GENERATOR, ASSURITY MRI PACER DR RF",PP-CA-449
14080084,"LEAD, TENDRILL STS 52",PP-CA-449
14080085,"LEAD, TENDRILL STS 58",PP-CA-449
14084084,"RECORDER, LOOP CONFIRM RX IMPLANTABLE",PP-CA-449
14084085,"LEAD, QUARTET QUADRIPOLAR 1458Q/86",PP-CA-449
14086137,"GENERATOR, ASSURITY MRI PACER DR RF",PP-CA-449
14086138,"LEAD, TENDRILL STS 46",PP-CA-449
14086139,"LEAD, TENDRILL STS 52",PP-CA-449
14086140,"GENERATOR, ASSURITY MRI PACER DR RF",PP-CA-449
14086141,"LEAD, TENDRILL STS 46",PP-CA-449
14086142,"LEAD, TENDRILL STS 52",PP-CA-449
14086143,"GENERATOR, GALLANT VR ICD",PP-CA-449
14086144,"LEAD, DURATA ICD DF-4 ACTIVE TBP SINGLE SHOCK 7120Q/65",PP-CA-449
14086145,"LEAD, DURATA ICD DF-4 ACTIVE TBP SINGLE SHOCK 7122Q/58",PP-CA-449
14086147,"GENERATOR, GALLANT HF BI-VENTRICULAR ICD CRT-D",PP-CA-449
14086149,"GENERATOR, QUADRA ASSURA MP CRT-D DF4",PP-CA-449
14090235,"LEAD, DURATA ICD DF-4 ACTIVE TBP SINGLE SHOCK",PP-CA-449
14090236,"LEAD, TENDRILL STS 52",PP-CA-449
14090237,"GENERATOR, GALLANT DR ICD",PP-CA-449
14091895,"GENERATOR, ASSURITY MRI PACER DR RF",PP-CA-449
14091896,"LEAD, TENDRILL STS 46",PP-CA-449
14091897,"LEAD, TENDRILL STS 52",PP-CA-449
14093129,"GENERATOR, ASSURITY MRI PACER DR RF",PP-CA-449
14097739,"GENERATOR, QUADRA ALLURE MP CRT-P MRI",PP-CA-449
14097740,"LEAD, TENDRILL STS 58",PP-CA-449
14097742,"GENERATOR, GALLANT HF BI-VENTRICULAR ICD CRT-D",PP-CA-449
14097743,"LEAD, TENDRILL STS 52",PP-CA-449
14097744,"LEAD, DURATA ICD DF-4 ACTIVE TBP SINGLE SHOCK",PP-CA-449
14097745,"LEAD, QUARTET QUADRIPOLAR 1458Q/86",PP-CA-449
14097746,"GENERATOR, GALLANT HF BI-VENTRICULAR ICD CRT-D",PP-CA-449
14097747,"LEAD, TENDRILL STS 52",PP-CA-449
14097748,"LEAD, DURATA ICD DF-4 ACTIVE TBP SINGLE SHOCK",PP-CA-449
14097749,"LEAD, QUARTET QUADRIPOLAR 1458Q/86",PP-CA-449
14098933,"GENERATOR, ASSURITY MRI PACER DR RF",PP-CA-449
14098934,"LEAD, TENDRILL STS 52",PP-CA-449
14098935,"LEAD, TENDRILL STS 46",PP-CA-449
14100677,"GENERATOR, GALLANT VR ICD",PP-CA-449
14100678,"LEAD, DURATA ICD DF-4 ACTIVE TBP SINGLE SHOCK 7120Q/65",PP-CA-449
14106788,"GENERATOR, ASSURITY MRI PACER DR RF",PP-CA-449
14106789,"LEAD, TENDRILL STS 46",PP-CA-449
14106790,"LEAD, TENDRILL STS 52",PP-CA-449
14106792,"GENERATOR, ASSURITY MRI PACER DR RF",PP-CA-449
14106793,"LEAD, TENDRILL STS 52",PP-CA-449
14106794,"LEAD, TENDRILL STS 58",PP-CA-449
14106795,"GENERATOR, ASSURITY MRI PACER DR RF",PP-CA-449
14106796,"LEAD, TENDRILL STS 52",PP-CA-449
14106797,"LEAD, TENDRILL STS 58",PP-CA-449
14106798,"GENERATOR, ASSURITY MRI PACER DR RF",PP-CA-449
14106799,"GENERATOR, ASSURITY MRI PACER DR RF",PP-CA-449
14106800,"LEAD, TENDRILL STS 52",PP-CA-449
14106801,"LEAD, TENDRILL STS 58",PP-CA-449
14106804,"GENERATOR, ASSURITY MRI PACER DR RF",PP-CA-449
14106805,"LEAD, TENDRILL STS 52",PP-CA-449
14106806,"LEAD, TENDRILL STS 58",PP-CA-449
14113482,"GENERATOR, ASSURITY MRI PACER DR RF",PP-CA-449
14113483,"LEAD, TENDRILL STS 52",PP-CA-449
14113484,"LEAD, TENDRILL STS 58",PP-CA-449
14113485,"LEAD, TENDRILL STS 52",PP-CA-449
14113486,"LEAD, DURATA ICD DF-4 ACTIVE TBP SINGLE SHOCK",PP-CA-449
14113487,"LEAD, QUARTET QUADRIPOLAR 1458Q/86",PP-CA-449
14113488,"GENERATOR, GALLANT HF BI-VENTRICULAR ICD CRT-D",PP-CA-449
14113490,"SHEATH, CPS DIRECT UPSIZED WIDE 47CM",PP-CA-449
14113491,"GENERATOR, ASSURITY MRI PACER DR RF",PP-CA-449
14113492,"LEAD, ISOFLEX OPTIM 1944/52",PP-CA-449
14113493,"LEAD, ISOFLEX OPTIM 1948/52",PP-CA-449
14113494,"LEAD, TENDRILL STS 58",PP-CA-449
14114901,"GENERATOR, GALLANT VR ICD",PP-CA-449
14114902,"LEAD, DURATA ICD DF-4 ACTIVE TBP SINGLE SHOCK",PP-CA-449
14114903,"GENERATOR, QUADRA ALLURE MP CRT-P MRI",PP-CA-449
14114904,"LEAD, TENDRILL STS 58",PP-CA-449
14114905,"LEAD, QUARTET QUADRIPOLAR 1458Q/86",PP-CA-449
14114917,"GENERATOR, ELLIPSE NEXT GEN ICD DR 36",PP-CA-449
14114918,"LEAD, TENDRILL STS 52",PP-CA-449
14114919,"GENERATOR, ASSURITY MRI PACER DR RF",PP-CA-449
14114920,"LEAD, TENDRILL STS 46",PP-CA-449
14114921,"LEAD, TENDRILL STS 52",PP-CA-449
14116580,"GENERATOR, ASSURITY MRI PACER DR RF",PP-CA-449
14116581,"LEAD, TENDRILL STS 52",PP-CA-449
14116582,"LEAD, TENDRILL STS 46",PP-CA-449
14121767,"GENERATOR, GALLANT DR ICD",PP-CA-449
14121768,"LEAD, TENDRILL STS 46",PP-CA-449
14121769,"LEAD, DURATA ICD DF-4 ACTIVE TBP SINGLE SHOCK 7122Q/58",PP-CA-449
14121772,"SHEATH, CPS DIRECT UPSIZED R SIDE 47CM",PP-CA-449
14121774,"GENERATOR, GALLANT HF BI-VENTRICULAR ICD CRT-D",PP-CA-449
14121775,"LEAD, TENDRILL STS 46",PP-CA-449
14121776,"LEAD, DURATA ICD DF-4 ACTIVE TBP SINGLE SHOCK 7122Q/58",PP-CA-449
14121777,"LEAD, QUARTET QUADRIPOLAR 1458Q/86",PP-CA-449
14128389,"GENERATOR, GALLANT HF BI-VENTRICULAR ICD CRT-D",PP-CA-449
14128390,"LEAD, QUARTET QUADRIPOLAR 1458Q/86",PP-CA-449
14128391,"GENERATOR, ASSURITY MRI PACER DR RF",PP-CA-449
14128392,"LEAD, TENDRILL STS 52",PP-CA-449
14128393,"LEAD, TENDRILL STS 58",PP-CA-449
14128397,"GENERATOR, ASSURITY MRI PACER DR RF",PP-CA-449
14131532,"LEAD, DURATA ICD DF-4 ACTIVE TBP SINGLE SHOCK 7122Q/58",PP-CA-449
14131533,"GENERATOR, GALLANT VR ICD",PP-CA-449
14131534,"GENERATOR, ASSURITY MRI PACER DR RF",PP-CA-449
14131535,"LEAD, TENDRILL STS 52",PP-CA-449
14131536,"LEAD, TENDRILL STS 58",PP-CA-449
14131542,"LEAD, ISOFLEX OPTIM 1944/46",PP-CA-449
14131543,"LEAD, TENDRILL STS 46",PP-CA-449
14135709,"GENERATOR, ASSURITY MRI PACER SR RF",PP-CA-449
14135710,"LEAD, TENDRILL STS 52",PP-CA-449
14137025,"GENERATOR, GALLANT VR ICD",PP-CA-449
14137026,"LEAD, DURATA ICD DF-4 ACTIVE TBP SINGLE SHOCK",PP-CA-449
14138451,"LEAD, TENDRILL STS 52",PP-CA-449
14138452,"GENERATOR, GALLANT DR ICD",PP-CA-449
14138453,"LEAD, DURATA ICD DF-4 ACTIVE TBP SINGLE SHOCK",PP-CA-449
14138454,"GENERATOR, ASSURITY MRI PACER DR RF",PP-CA-449
14138455,"LEAD, TENDRILL STS 52",PP-CA-449
14138456,"GENERATOR, ASSURITY MRI PACER DR RF",PP-CA-449
14138457,"LEAD, TENDRILL STS 52",PP-CA-449
14138458,"LEAD, TENDRILL STS 58",PP-CA-449
14139560,"SHEATH, CPS DIRECT UPSIZED WIDE 47CM",PP-CA-449
14145197,"GENERATOR, GALLANT DR ICD",PP-CA-449
14145198,"LEAD, TENDRILL STS 52",PP-CA-449
14145199,"LEAD, DURATA ICD DF-4 ACTIVE TBP SINGLE SHOCK",PP-CA-449
14145200,"GENERATOR, ASSURITY MRI PACER DR RF",PP-CA-449
14145201,"LEAD, TENDRILL STS 46",PP-CA-449
14145202,"LEAD, TENDRILL STS 52",PP-CA-449
14149192,"RECORDER, LOOP CONFIRM RX IMPLANTABLE",PP-CA-449
14150266,"GENERATOR, ASSURITY MRI PACER DR RF",PP-CA-449
14150267,"LEAD, TENDRILL STS 46",PP-CA-449
14150268,"LEAD, TENDRILL STS 52",PP-CA-449
14154732,"LEAD, DURATA ICD DF-4 ACTIVE TBP SINGLE SHOCK",PP-CA-449
14154733,"GENERATOR, GALLANT VR ICD",PP-CA-449
14154734,"GENERATOR, ASSURITY MRI PACER SR RF",PP-CA-449
14154735,"LEAD, TENDRILL STS 58",PP-CA-449
14154736,"GENERATOR, ASSURITY MRI PACER DR RF",PP-CA-449
14154737,"LEAD, TENDRILL STS 46",PP-CA-449
14154738,"LEAD, TENDRILL STS 52",PP-CA-449
14154739,"GENERATOR, ASSURITY MRI PACER DR RF",PP-CA-449
14154740,"LEAD, TENDRILL STS 52",PP-CA-449
14154741,"LEAD, TENDRILL STS 58",PP-CA-449
14154742,"GENERATOR, GALLANT HF BI-VENTRICULAR ICD CRT-D",PP-CA-449
14154743,"LEAD, TENDRILL STS 52",PP-CA-449
14154744,"LEAD, DURATA ICD DF-4 ACTIVE TBP SINGLE SHOCK",PP-CA-449
14154745,"LEAD, QUARTET QUADRIPOLAR 1458Q/86",PP-CA-449
14154747,"GENERATOR, ASSURITY MRI PACER DR RF",PP-CA-449
14154748,"LEAD, TENDRILL STS 52",PP-CA-449
14154749,"LEAD, TENDRILL STS 58",PP-CA-449
14162413,"GENERATOR, ASSURITY MRI PACER DR RF",PP-CA-449
14162414,"LEAD, TENDRILL STS 52",PP-CA-449
14162415,"LEAD, TENDRILL STS 58",PP-CA-449
14162416,"GENERATOR, ASSURITY MRI PACER DR RF",PP-CA-449
14162417,"LEAD, TENDRILL STS 46",PP-CA-449
14162418,"LEAD, TENDRILL STS 52",PP-CA-449
14162419,"GENERATOR, ASSURITY MRI PACER DR RF",PP-CA-449
14164359,"SHEATH, CPS DIRECT UPSIZED WIDE 47CM",PP-CA-449
14168688,"SHEATH, CPS DIRECT UPSIZED WIDE 47CM",PP-CA-449
14168689,"SHEATH, CPS DIRECT UPSIZED 135DEG 47CM",PP-CA-449
14168699,"LEAD, TENDRILL STS 46",PP-CA-449
14168700,"LEAD, DURATA ICD DF-4 ACTIVE TBP SINGLE SHOCK 7122Q/58",PP-CA-449
14168701,"GENERATOR, UNIFY ASSURA NEXT GEN CRT-D 40 DF4 CONN",PP-CA-449
14168702,"SHEATH, CPS DIRECT UPSIZED 135DEG 47CM",PP-CA-449
14168704,"SHEATH, CPS DIRECT UPSIZED WIDE 47CM",PP-CA-449
14168705,"GENERATOR, ASSURITY MRI PACER DR RF",PP-CA-449
14168706,"LEAD, TENDRILL STS 46",PP-CA-449
14168707,"LEAD, TENDRILL STS 52",PP-CA-449
14168708,"LEAD, TENDRILL STS 52",PP-CA-449
14168709,"LEAD, DURATA ICD DF-4 ACTIVE TBP SINGLE SHOCK",PP-CA-449
14168710,"GENERATOR, GALLANT DR ICD",PP-CA-449
14168711,"GENERATOR, ASSURITY MRI PACER DR RF",PP-CA-449
14168712,"LEAD, TENDRILL STS 46",PP-CA-449
14168713,"LEAD, TENDRILL STS 52",PP-CA-449
14170465,"GENERATOR, ASSURITY MRI PACER DR RF",PP-CA-449
14170466,"LEAD, TENDRILL STS 52",PP-CA-449
14170467,"LEAD, TENDRILL STS 52",PP-CA-449
14170468,"GENERATOR, GALLANT HF BI-VENTRICULAR ICD CRT-D",PP-CA-449
14170469,"LEAD, DURATA ICD DF-4 ACTIVE TBP SINGLE SHOCK",PP-CA-449
14170470,"LEAD, QUARTET QUADRIPOLAR 1458Q/86",PP-CA-449
14179501,"LEAD, TENDRILL STS 52",PP-CA-449
14179502,"LEAD, DURATA ICD DF-4 ACTIVE TBP SINGLE SHOCK",PP-CA-449
14179503,"GENERATOR, GALLANT HF BI-VENTRICULAR ICD CRT-D",PP-CA-449
14180827,"GENERATOR, ASSURITY MRI PACER DR RF",PP-CA-449
14180828,"GENERATOR, ASSURITY MRI PACER DR RF",PP-CA-449
14180829,"LEAD, TENDRILL STS 52",PP-CA-449
14180830,"LEAD, TENDRILL STS 58",PP-CA-449
14180831,"GENERATOR, ASSURITY MRI PACER DR RF",PP-CA-449
14186835,"LEAD, DURATA ICD DF-4 ACTIVE TBP SINGLE SHOCK",PP-CA-449
14188178,"GENERATOR, ELLIPSE NEXT GEN ICD DR 36 DF4 CONN",PP-CA-449
14188179,"LEAD, TENDRILL STS 52",PP-CA-449
14188180,"LEAD, TENDRILL STS 58",PP-CA-449
14188181,"GENERATOR, ASSURITY MRI PACER DR RF",PP-CA-449
14191801,"GENERATOR, ASSURITY MRI PACER DR RF",PP-CA-449
14191802,"GENERATOR, GALLANT HF BI-VENTRICULAR ICD CRT-D",PP-CA-449
14191803,"LEAD, TENDRILL STS 52",PP-CA-449
14191804,"LEAD, DURATA ICD DF-4 ACTIVE TBP SINGLE SHOCK",PP-CA-449
14191805,"LEAD, QUARTET QUADRIPOLAR 1458Q/86",PP-CA-449
14191806,"SHEATH, CPS DIRECT UPSIZED WIDE 47CM",PP-CA-449
14199718,"GENERATOR, GALLANT HF BI-VENTRICULAR ICD CRT-D",PP-CA-449
14200742,"GENERATOR, ASSURITY MRI PACER DR RF",PP-CA-449
14200743,"LEAD, TENDRILL STS 52",PP-CA-449
14200744,"LEAD, TENDRILL STS 58",PP-CA-449
14200745,"SHEATH, CPS DIRECT UPSIZED WIDE 47CM",PP-CA-449
14200746,"LEAD, TENDRILL STS 52",PP-CA-449
14200747,"LEAD, DURATA ICD DF-4 ACTIVE TBP SINGLE SHOCK",PP-CA-449
14200748,"LEAD, QUARTET QUADRIPOLAR 1458Q/86",PP-CA-449
14200749,"GENERATOR, GALLANT HF BI-VENTRICULAR ICD CRT-D",PP-CA-449
14200752,"GENERATOR, QUADRA ASSURA MP CRT-D DF4",PP-CA-449
14200757,"SHEATH, CPS DIRECT UPSIZED WIDE 47CM",PP-CA-449
14200758,"GENERATOR, GALLANT HF BI-VENTRICULAR ICD CRT-D",PP-CA-449
14200759,"LEAD, TENDRILL STS 52",PP-CA-449
14200760,"LEAD, DURATA ICD DF-4 ACTIVE TBP SINGLE SHOCK",PP-CA-449
14200761,"LEAD, QUARTET QUADRIPOLAR 1458Q/86",PP-CA-449
14200762,"SHEATH, CPS DIRECT UPSIZED WIDE 47CM",PP-CA-449
14200764,"GENERATOR, QUADRA ASSURA MP CRT-D DF4",PP-CA-449
14200765,"LEAD, TENDRILL STS 52",PP-CA-449
14200766,"LEAD, DURATA ICD DF-4 ACTIVE TBP SINGLE SHOCK 7122Q/58",PP-CA-449
14200767,"LEAD, QUARTET QUADRIPOLAR 1458Q/86",PP-CA-449
14200768,"GENERATOR, ASSURITY MRI PACER DR RF",PP-CA-449
14200769,"LEAD, TENDRILL STS 46",PP-CA-449
14200770,"LEAD, TENDRILL STS 52",PP-CA-449
14207159,"GENERATOR, ASSURITY MRI PACER DR RF",PP-CA-449
14207160,"LEAD, TENDRILL STS 52",PP-CA-449
14207161,"LEAD, TENDRILL STS 58",PP-CA-449
14208648,"RECORDER, LOOP CONFIRM RX IMPLANTABLE",PP-CA-449
14208649,"LEAD, DURATA ICD DF-4 ACTIVE TBP SINGLE SHOCK",PP-CA-449
14208650,"LEAD, QUARTET QUADRIPOLAR 1458Q/86",PP-CA-449
14208652,"SHEATH, CPS DIRECT UPSIZED WIDE 47CM",PP-CA-449
14210037,"GENERATOR, ASSURITY MRI PACER DR RF",PP-CA-449
14210038,"LEAD, TENDRILL STS 52",PP-CA-449
14210039,"LEAD, TENDRILL STS 46",PP-CA-449
14213604,"GENERATOR, GALLANT HF BI-VENTRICULAR ICD CRT-D",PP-CA-449
14213605,"LEAD, TENDRILL STS 52",PP-CA-449
14213606,"LEAD, DURATA ICD DF-4 ACTIVE TBP SINGLE SHOCK",PP-CA-449
14213607,"LEAD, QUARTET QUADRIPOLAR 1458Q/86",PP-CA-449
14213608,"SHEATH, CPS DIRECT UPSIZED WIDE 47CM",PP-CA-449
14216635,"LEAD, DURATA ICD DF-4 ACTIVE TBP SINGLE SHOCK",PP-CA-449
14216636,"LEAD, TENDRILL STS 52",PP-CA-449
14218174,"GENERATOR, ASSURITY MRI PACER DR RF",PP-CA-449
14218175,"LEAD, TENDRILL STS 52",PP-CA-449
14218176,"LEAD, TENDRILL STS 58",PP-CA-449
14219733,"LEAD, TENDRILL STS 46",PP-CA-449
14219734,"LEAD, TENDRILL STS 52",PP-CA-449
14219735,"GENERATOR, ASSURITY MRI PACER DR RF",PP-CA-449
14220263,"GENERATOR, ASSURITY MRI PACER DR RF",PP-CA-449
14220264,"LEAD, TENDRILL STS 52",PP-CA-449
14220265,"LEAD, TENDRILL STS 58",PP-CA-449
14220266,"LEAD, TENDRILL STS 46",PP-CA-449
14220267,"LEAD, DURATA ICD DF-4 ACTIVE TBP SINGLE SHOCK 7122Q/58",PP-CA-449
14220268,"LEAD, QUARTET QUADRIPOLAR 1458Q/86",PP-CA-449
14220269,"GENERATOR, GALLANT HF BI-VENTRICULAR ICD CRT-D",PP-CA-449
14220270,"SHEATH, CPS DIRECT UPSIZED WIDE 47CM",PP-CA-449
14220501,"LEAD, TENDRILL STS 52",PP-CA-449
14220502,"GENERATOR, ASSURITY MRI PACER SR RF",PP-CA-449
14224088,"RECORDER, LOOP CONFIRM RX IMPLANTABLE",PP-CA-449
14237195,"RECORDER, LOOP CONFIRM RX IMPLANTABLE",PP-CA-449
14237207,"GENERATOR, ASSURITY MRI PACER DR RF",PP-CA-449
14237208,"LEAD, TENDRILL STS 46",PP-CA-449
14237209,"LEAD, TENDRILL STS 52",PP-CA-449
14237210,"GENERATOR, ASSURITY MRI PACER DR RF",PP-CA-449
14237211,"LEAD, TENDRILL STS 52",PP-CA-449
14237212,"LEAD, TENDRILL STS 58",PP-CA-449
14238021,"LEAD, TENDRILL STS 52",PP-CA-449
14238022,"LEAD, DURATA ICD DF-4 ACTIVE TBP SINGLE SHOCK",PP-CA-449
14238023,"LEAD, QUARTET QUADRIPOLAR 1458Q/86",PP-CA-449
14238024,"GENERATOR, GALLANT HF BI-VENTRICULAR ICD CRT-D",PP-CA-449
14238885,"GENERATOR, ASSURITY MRI PACER DR RF",PP-CA-449
14238886,"LEAD, TENDRILL STS 52",PP-CA-449
14238887,"LEAD, TENDRILL STS 58",PP-CA-449
14238890,"GENERATOR, QUADRA ALLURE MP CRT-P MRI",PP-CA-449
14238891,"LEAD, TENDRILL STS 52",PP-CA-449
14238892,"LEAD, TENDRILL STS 58",PP-CA-449
14238893,"LEAD, QUARTET QUADRIPOLAR 1458Q/86",PP-CA-449
14238894,"GENERATOR, ASSURITY MRI PACER DR RF",PP-CA-449
14253907,"GENERATOR, ASSURITY MRI PACER DR RF",PP-CA-449
14253908,"LEAD, TENDRILL STS 46",PP-CA-449
14253909,"LEAD, TENDRILL STS 52",PP-CA-449
14253920,"RECORDER, LOOP CONFIRM RX IMPLANTABLE",PP-CA-449
14253921,"GENERATOR, GALLANT VR ICD",PP-CA-449
14253922,"LEAD, DURATA ICD DF-4 ACTIVE TBP SINGLE SHOCK",PP-CA-449
14253923,"GENERATOR, ASSURITY MRI PACER DR RF",PP-CA-449
14253924,"LEAD, TENDRILL STS 52",PP-CA-449
14253925,"LEAD, TENDRILL STS 58",PP-CA-449
14253926,"GENERATOR, GALLANT VR ICD",PP-CA-449
14253927,"LEAD, DURATA ICD DF-4 ACTIVE TBP SINGLE SHOCK",PP-CA-449
14253928,"GENERATOR, GALLANT DR ICD",PP-CA-449
14253929,"LEAD, TENDRILL STS 52",PP-CA-449
14253930,"LEAD, DURATA ICD DF-4 ACTIVE TBP SINGLE SHOCK",PP-CA-449
14253931,"GENERATOR, FORTIFY ASSURA NEXT GEN ICD DR 40 DF4 CONN",PP-CA-449
14264148,"LEAD, DURATA ICD DF-4 ACTIVE TBP SINGLE SHOCK",PP-CA-449
14264153,"GENERATOR, ASSURITY MRI PACER DR RF",PP-CA-449
14265577,"GENERATOR, ASSURITY MRI PACER DR RF",PP-CA-449
14265578,"LEAD, TENDRILL STS 52",PP-CA-449
14265579,"LEAD, TENDRILL STS 58",PP-CA-449
14269382,"GENERATOR, ASSURITY MRI PACER DR RF",PP-CA-449
14273359,"LEAD, TENDRILL STS 46",PP-CA-449
14273360,"LEAD, DURATA ICD DF-4 ACTIVE TBP SINGLE SHOCK 7122Q/58",PP-CA-449
14273361,"LEAD, QUARTET QUADRIPOLAR 1458Q/86",PP-CA-449
14273362,"GENERATOR, GALLANT HF BI-VENTRICULAR ICD CRT-D",PP-CA-449
14275567,"GENERATOR, QUADRA ASSURA MP CRT-D DF4",PP-CA-449
14277987,"GENERATOR, ASSURITY MRI PACER DR RF",PP-CA-449
14277988,"LEAD, TENDRILL STS 52",PP-CA-449
14277989,"LEAD, TENDRILL STS 58",PP-CA-449
14277990,"GENERATOR, ASSURITY MRI PACER DR RF",PP-CA-449
14277991,"LEAD, TENDRILL STS 52",PP-CA-449
14277992,"LEAD, TENDRILL STS 58",PP-CA-449
14277993,"GENERATOR, ASSURITY MRI PACER DR RF",PP-CA-449
14279663,"LEAD, TENDRILL STS 46",PP-CA-449
14279664,"LEAD, DURATA ICD DF-4 ACTIVE TBP SINGLE SHOCK 7122Q/58",PP-CA-449
14279665,"LEAD, QUARTET QUADRIPOLAR 1458Q/86",PP-CA-449
14281894,"SLITTER, CPS DIRECT SL II",PP-CA-449
14283369,"LEAD, TENDRILL STS 58",PP-CA-449
14291335,"GENERATOR, ASSURITY MRI PACER DR RF",PP-CA-449
14292723,"GENERATOR, ASSURITY MRI PACER DR RF",PP-CA-449
14292724,"LEAD, TENDRILL STS 52",PP-CA-449
14292725,"LEAD, TENDRILL STS 58",PP-CA-449
14292728,"LEAD, TENDRILL STS 52",PP-CA-449
14292729,"LEAD, DURATA ICD DF-4 ACTIVE TBP SINGLE SHOCK",PP-CA-449
14292731,"GENERATOR, ASSURITY MRI PACER DR RF",PP-CA-449
14292732,"LEAD, TENDRILL STS 52",PP-CA-449
14292733,"LEAD, TENDRILL STS 58",PP-CA-449
14294535,"LEAD, TENDRILL STS 52",PP-CA-449
14294536,"LEAD, DURATA ICD DF-4 ACTIVE TBP SINGLE SHOCK",PP-CA-449
14294537,"LEAD, QUARTET QUADRIPOLAR 1458Q/86",PP-CA-449
14294539,"GENERATOR, ASSURITY MRI PACER DR RF",PP-CA-449
14294540,"LEAD, TENDRILL STS 46",PP-CA-449
14294541,"LEAD, TENDRILL STS 52",PP-CA-449
14294543,"GENERATOR, ASSURITY MRI PACER DR RF",PP-CA-449
14294544,"LEAD, TENDRILL STS 46",PP-CA-449
14294545,"LEAD, TENDRILL STS 52",PP-CA-449
14294546,"GENERATOR, FORTIFY ASSURA NEXT GEN ICD DR 40 DF4 CONN",PP-CA-449
14294547,"LEAD, TENDRILL STS 52",PP-CA-449
14294548,"LEAD, DURATA ICD DF-4 ACTIVE TBP SINGLE SHOCK 7120Q/65",PP-CA-449
14294549,"GENERATOR, ASSURITY MRI PACER DR RF",PP-CA-449
14294550,"LEAD, TENDRILL STS 52",PP-CA-449
14294551,"LEAD, TENDRILL STS 58",PP-CA-449
14294552,"GENERATOR, ASSURITY MRI PACER SR RF",PP-CA-449
14294553,"ADAPTER, UNIPOLAR LEAD 3.2MM LOW-PROFILE CONN TO IS-1 RECEPT 47CM",PP-CA-449
14294554,"GENERATOR, QUADRA ASSURA MP CRT-D DF4",PP-CA-449
14294555,"GENERATOR, QUADRA ASSURA MP CRT-D DF4",PP-CA-449
14302156,"GENERATOR, ASSURITY MRI PACER SR RF",PP-CA-449
14302157,"LEAD, TENDRILL STS 58",PP-CA-449
14307505,"LEAD, ISOFLEX OPTIM 1944/46",PP-CA-449
14308821,"GENERATOR, ASSURITY MRI PACER DR RF",PP-CA-449
14308822,"LEAD, TENDRILL STS 46",PP-CA-449
14308823,"LEAD, TENDRILL STS 52",PP-CA-449
14314085,"GENERATOR, ASSURITY MRI PACER DR RF",PP-CA-449
14314086,"LEAD, TENDRILL STS 46",PP-CA-449
14314087,"LEAD, TENDRILL STS 52",PP-CA-449
14317885,"GENERATOR, GALLANT DR ICD",PP-CA-449
14322536,"LEAD, TENDRILL STS 52",PP-CA-449
14322537,"LEAD, TENDRILL STS 58",PP-CA-449
14322538,"GENERATOR, ASSURITY MRI PACER DR RF",PP-CA-449
14322548,"SHEATH, CPS DIRECT UPSIZED R SIDE 47CM",PP-CA-449
14322550,"LEAD, QUARTET QUADRIPOLAR 1458Q/92",PP-CA-449
14322554,"GENERATOR, ASSURITY MRI PACER DR RF",PP-CA-449
14322555,"GENERATOR, GALLANT VR ICD",PP-CA-449
14322556,"GENERATOR, GALLANT DR ICD",PP-CA-449
14322557,"GENERATOR, GALLANT HF BI-VENTRICULAR ICD CRT-D",PP-CA-449
14325821,"GENERATOR, ASSURITY MRI PACER DR RF",PP-CA-449
14325822,"LEAD, TENDRILL STS 52",PP-CA-449
14325823,"LEAD, TENDRILL STS 58",PP-CA-449
14326969,"SLITTER, CPS DIRECT SL II",PP-CA-449
14326973,"LEAD, ISOFLEX OPTIM 1944/52",PP-CA-449
14326974,"LEAD, ISOFLEX OPTIM 1948/5846",PP-CA-449
14326976,"GENERATOR, FORTIFY ASSURA NEXT GEN ICD DR 40 DF4 CONN",PP-CA-449
14326977,"LEAD, TENDRILL STS 52",PP-CA-449
14326978,"LEAD, DURATA ICD DF-4 ACTIVE TBP SINGLE SHOCK",PP-CA-449
14326979,"LEAD, QUARTET QUADRIPOLAR 1458Q/86",PP-CA-449
14326980,"GENERATOR, GALLANT HF BI-VENTRICULAR ICD CRT-D",PP-CA-449
14331482,"GENERATOR, ASSURITY MRI PACER DR RF",PP-CA-449
14331483,"LEAD, TENDRILL STS 52",PP-CA-449
14331484,"LEAD, TENDRILL STS 58",PP-CA-449
14331493,"SHEATH, CPS DIRECT UPSIZED WIDE 47CM",PP-CA-449
14331494,"GENERATOR, QUADRA ASSURA MP CRT-D DF4",PP-CA-449
14331495,"LEAD, DURATA ICD DF-4 ACTIVE TBP SINGLE SHOCK",PP-CA-449
14331496,"LEAD, QUARTET QUADRIPOLAR 1458Q/86",PP-CA-449
14332721,"LEAD, TENDRILL STS 58",PP-CA-449
14332722,"GENERATOR, GALLANT VR ICD",PP-CA-449
14332723,"LEAD, DURATA ICD DF-4 ACTIVE TBP SINGLE SHOCK",PP-CA-449
14332724,"GENERATOR, ASSURITY MRI PACER DR RF",PP-CA-449
14332725,"LEAD, TENDRILL STS 46",PP-CA-449
14332726,"LEAD, TENDRILL STS 52",PP-CA-449
14334098,"GENERATOR, ASSURITY MRI PACER DR RF",PP-CA-449
14334099,"LEAD, TENDRILL STS 52",PP-CA-449
14334100,"LEAD, TENDRILL STS 58",PP-CA-449
14334101,"GENERATOR, ASSURITY MRI PACER DR RF",PP-CA-449
14334102,"GENERATOR, ASSURITY MRI PACER DR RF",PP-CA-449
14334103,"LEAD, TENDRILL STS 52",PP-CA-449
14334104,"LEAD, TENDRILL STS 58",PP-CA-449
14336477,"GENERATOR, ASSURITY MRI PACER DR RF",PP-CA-449
14336478,"LEAD, TENDRILL STS 52",PP-CA-449
14336479,"LEAD, TENDRILL STS 58",PP-CA-449
14337784,"GENERATOR, GALLANT HF BI-VENTRICULAR ICD CRT-D",PP-CA-449
14337785,"LEAD, TENDRILL STS 52",PP-CA-449
14337786,"LEAD, DURATA ICD DF-4 ACTIVE TBP SINGLE SHOCK",PP-CA-449
14337787,"LEAD, QUARTET QUADRIPOLAR 1458Q/86",PP-CA-449
14337788,"SHEATH, CPS DIRECT UPSIZED WIDE 47CM",PP-CA-449
14340178,"LEAD, QUARTET QUADRIPOLAR 1458Q/86",PP-CA-449
14340179,"GENERATOR, QUADRA ALLURE MP CRT-P MRI",PP-CA-449
14343073,"GENERATOR, ASSURITY MRI PACER SR RF",PP-CA-449
14343074,"LEAD, TENDRILL STS 58",PP-CA-449
14343087,"GENERATOR, ASSURITY MRI PACER DR RF",PP-CA-449
14343088,"LEAD, TENDRILL STS 46",PP-CA-449
14343089,"LEAD, TENDRILL STS 52",PP-CA-449
14345626,"SHEATH, CPS DIRECT UPSIZED WIDE 47CM",PP-CA-449
14345627,"SHEATH, CPS DIRECT UPSIZED X-WIDE 47CM",PP-CA-449
14345629,"GENERATOR, GALLANT HF BI-VENTRICULAR ICD CRT-D",PP-CA-449
14345630,"LEAD, TENDRILL STS 52",PP-CA-449
14345631,"LEAD, QUARTET QUADRIPOLAR 1458Q/86",PP-CA-449
14346880,"RECORDER, LOOP CONFIRM RX IMPLANTABLE",PP-CA-449
14349220,"LEAD, QUARTET QUADRIPOLAR 1458Q/86",PP-CA-449
14349221,"GENERATOR, GALLANT HF BI-VENTRICULAR ICD CRT-D",PP-CA-449
14349222,"LEAD, DURATA ICD DF-4 ACTIVE TBP SINGLE SHOCK",PP-CA-449
14349225,"GENERATOR, ASSURITY MRI PACER DR RF",PP-CA-449
14349226,"LEAD, TENDRILL STS 52",PP-CA-449
14349227,"LEAD, TENDRILL STS 58",PP-CA-449
14349228,"GENERATOR, ASSURITY MRI PACER DR RF",PP-CA-449
14350793,"GENERATOR, FORTIFY ASSURA NEXT GEN ICD DR 40 DF4 CONN",PP-CA-449
14350794,"GENERATOR, ASSURITY MRI PACER DR RF",PP-CA-449
14350795,"LEAD, TENDRILL STS 46",PP-CA-449
14350796,"LEAD, TENDRILL STS 52",PP-CA-449
14350797,"GENERATOR, ASSURITY MRI PACER SR RF",PP-CA-449
14350798,"LEAD, TENDRILL STS 58",PP-CA-449
14350799,"LEAD, TENDRILL STS 52",PP-CA-449
14350800,"GENERATOR, FORTIFY ASSURA NEXT GEN ICD DR 40 DF4 CONN",PP-CA-449
14352331,"GENERATOR, ASSURITY MRI PACER DR RF",PP-CA-449
14352332,"LEAD, TENDRILL STS 52",PP-CA-449
14352333,"LEAD, TENDRILL STS 58",PP-CA-449
14355167,"RECORDER, LOOP CONFIRM RX IMPLANTABLE",PP-CA-449
14355179,"LEAD, TENDRILL STS 52",PP-CA-449
14355180,"GENERATOR, FORTIFY ASSURA NEXT GEN ICD DR 40 DF4 CONN",PP-CA-449
14355181,"LEAD, DURATA ICD DF-4 ACTIVE TBP SINGLE SHOCK",PP-CA-449
14357235,"GENERATOR, ASSURITY MRI PACER DR RF",PP-CA-449
14357236,"LEAD, TENDRILL STS 46",PP-CA-449
14357237,"LEAD, TENDRILL STS 52",PP-CA-449
14357238,"GENERATOR, GALLANT DR ICD",PP-CA-449
14357239,"LEAD, DURATA ICD DF-4 ACTIVE TBP SINGLE SHOCK",PP-CA-449
14357240,"LEAD, TENDRILL STS 52",PP-CA-449
14357241,"SHEATH, CPS DIRECT UPSIZED WIDE 47CM",PP-CA-449
14357242,"SHEATH, CPS DIRECT UPSIZED WIDE 47CM",PP-CA-449
14357243,"LEAD, TENDRILL STS 52",PP-CA-449
14357244,"GENERATOR, GALLANT HF BI-VENTRICULAR ICD CRT-D",PP-CA-449
14357245,"LEAD, DURATA ICD DF-4 ACTIVE TBP SINGLE SHOCK",PP-CA-449
14357246,"LEAD, QUARTET QUADRIPOLAR 1458Q/86",PP-CA-449
14358903,"LEAD, TENDRILL STS 52",PP-CA-449
14358904,"LEAD, DURATA ICD DF-4 ACTIVE TBP SINGLE SHOCK 7122Q/58",PP-CA-449
14358911,"LEAD, TENDRILL STS 52",PP-CA-449
14358912,"LEAD, DURATA ICD DF-4 ACTIVE TBP SINGLE SHOCK",PP-CA-449
14360344,"GENERATOR, ASSURITY MRI PACER DR RF",PP-CA-449
14360345,"LEAD, TENDRILL STS 52",PP-CA-449
14360346,"LEAD, TENDRILL STS 58",PP-CA-449
14360347,"GENERATOR, QUADRA ASSURA MP CRT-D DF4",PP-CA-449
14360348,"GENERATOR, QUADRA ALLURE MP CRT-P MRI",PP-CA-449
14361446,"GENERATOR, QUADRA ALLURE MP CRT-P MRI",PP-CA-449
14361447,"LEAD, TENDRILL STS 58",PP-CA-449
14361448,"LEAD, QUARTET QUADRIPOLAR 1458Q/86",PP-CA-449
14363365,"LEAD, QUARTET QUADRIPOLAR 1458Q/86",PP-CA-449
14363366,"GENERATOR, QUADRA ASSURA MP CRT-D DF4",PP-CA-449
14363367,"LEAD, DURATA ICD DF-4 ACTIVE TBP SINGLE SHOCK",PP-CA-449
14363368,"LEAD, QUARTET QUADRIPOLAR 1458Q/86",PP-CA-449
14363369,"GENERATOR, QUADRA ASSURA MP CRT-D DF4",PP-CA-449
14368017,"GENERATOR, ALLURE CRT-P RF",PP-CA-449
14371398,"LEAD, TENDRILL STS 52",PP-CA-449
14371399,"GENERATOR, GALLANT DR ICD",PP-CA-449
14371400,"LEAD, DURATA ICD DF-4 ACTIVE TBP SINGLE SHOCK",PP-CA-449
14371408,"RECORDER, LOOP CONFIRM RX IMPLANTABLE",PP-CA-449
14371409,"GENERATOR, ASSURITY MRI PACER DR RF",PP-CA-449
14371410,"LEAD, TENDRILL STS 52",PP-CA-449
14371411,"LEAD, TENDRILL STS 58",PP-CA-449
14373870,"SHEATH, CPS DIRECT UPSIZED X-WIDE 47CM",PP-CA-449
14373871,"SHEATH, CPS DIRECT UPSIZED WIDE 47CM",PP-CA-449
14373872,"LEAD, TENDRILL STS 52",PP-CA-449
14373873,"GENERATOR, GALLANT HF BI-VENTRICULAR ICD CRT-D",PP-CA-449
14373874,"LEAD, QUARTET QUADRIPOLAR 1458Q/86",PP-CA-449
14373875,"LEAD, DURATA ICD DF-4 ACTIVE TBP SINGLE SHOCK",PP-CA-449
14373880,"RECORDER, LOOP CONFIRM RX IMPLANTABLE",PP-CA-449
14378969,"LEAD, TENDRILL STS 52",PP-CA-449
14381209,"GENERATOR, FORTIFY ASSURA NEXT GEN ICD VR 40 DF4 CONN",PP-CA-449
14381210,"LEAD, DURATA ICD DF-4 ACTIVE TBP SINGLE SHOCK",PP-CA-449
14387864,"GENERATOR, ASSURITY MRI PACER DR RF",PP-CA-449
14387865,"GENERATOR, FORTIFY ASSURA NEXT GEN ICD VR 40 DF4 CONN",PP-CA-449
14387866,"RECORDER, LOOP CONFIRM RX IMPLANTABLE",PP-CA-449
14391630,"RECORDER, LOOP CONFIRM RX IMPLANTABLE",PP-CA-449
14391638,"GENERATOR, GALLANT VR ICD",PP-CA-449
14391639,"LEAD, DURATA ICD DF-4 ACTIVE TBP SINGLE SHOCK 7122Q/58",PP-CA-449
14392851,"GENERATOR, FORTIFY ASSURA NEXT GEN ICD VR 40 DF4 CONN",PP-CA-449
14392852,"LEAD, DURATA ICD DF-4 ACTIVE TBP SINGLE SHOCK",PP-CA-449
14392854,"GENERATOR, GALLANT VR ICD",PP-CA-449
14392855,"LEAD, DURATA ICD DF-4 ACTIVE TBP SINGLE SHOCK",PP-CA-449
14392856,"GENERATOR, QUADRA ASSURA MP CRT-D DF4",PP-CA-449
14395545,"LEAD, DURATA ICD DF-4 ACTIVE TBP SINGLE SHOCK 7122Q/58",PP-CA-449
14395555,"GENERATOR, ASSURITY MRI PACER SR RF",PP-CA-449
14395556,"LEAD, TENDRILL STS 52",PP-CA-449
14401979,"GENERATOR, FORTIFY ASSURA NEXT GEN ICD DR 40 DF4 CONN",PP-CA-449
14401980,"LEAD, DURATA ICD DF-4 ACTIVE TBP SINGLE SHOCK 7120Q/65",PP-CA-449
14401981,"LEAD, TENDRILL STS 52",PP-CA-449
14401982,"LEAD, DURATA ICD DF-4 ACTIVE TBP SINGLE SHOCK 7120Q/65",PP-CA-449
14401983,"GENERATOR, GALLANT VR ICD",PP-CA-449
14401984,"SHEATH, CPS DIRECT SL II WIDE 47CM",PP-CA-449
14401986,"SHEATH, CPS DIRECT UPSIZED 135DEG 47CM",PP-CA-449
14401987,"SHEATH, CPS DIRECT UPSIZED WIDE 47CM",PP-CA-449
14401989,"GENERATOR, QUADRA ALLURE MP CRT-P MRI",PP-CA-449
14401990,"LEAD, QUARTET QUADRIPOLAR 1458Q/86",PP-CA-449
14401991,"LEAD, TENDRILL STS 52",PP-CA-449
14401992,"LEAD, TENDRILL STS 58",PP-CA-449
14401993,"GENERATOR, ASSURITY MRI PACER DR RF",PP-CA-449
14401994,"LEAD, TENDRILL STS 52",PP-CA-449
14401995,"LEAD, TENDRILL STS 58",PP-CA-449
14404410,"GENERATOR, ASSURITY MRI PACER DR RF",PP-CA-449
14404411,"LEAD, TENDRILL STS 46",PP-CA-449
14404412,"LEAD, TENDRILL STS 52",PP-CA-449
14405662,"GENERATOR, ASSURITY MRI PACER DR RF",PP-CA-449
14405663,"GENERATOR, ASSURITY MRI PACER DR RF",PP-CA-449
14412308,"GENERATOR, ASSURITY MRI PACER DR RF",PP-CA-449
14412309,"LEAD, TENDRILL STS 52",PP-CA-449
14412310,"LEAD, TENDRILL STS 58",PP-CA-449
14412311,"GENERATOR, ASSURITY MRI PACER DR RF",PP-CA-449
14412312,"LEAD, TENDRILL STS 52",PP-CA-449
14412313,"LEAD, TENDRILL STS 58",PP-CA-449
14416138,"LEAD, QUARTET QUADRIPOLAR 1458Q/86",PP-CA-449
14416139,"GENERATOR, QUADRA ASSURA MP CRT-D DF4",PP-CA-449
14417500,"GENERATOR, ASSURITY MRI PACER DR RF",PP-CA-449
14417501,"LEAD, TENDRILL STS 58",PP-CA-449
14417502,"LEAD, DURATA ICD DF-4 ACTIVE TBP SINGLE SHOCK",PP-CA-449
14417503,"GENERATOR, GALLANT VR ICD",PP-CA-449
14417506,"GENERATOR, QUADRA ASSURA MP CRT-D DF4",PP-CA-449
14417507,"GENERATOR, QUADRA ALLURE MP CRT-P MRI",PP-CA-449
14417508,"LEAD, TENDRILL STS 46",PP-CA-449
14417509,"LEAD, TENDRILL STS 52",PP-CA-449
14417510,"LEAD, QUARTET QUADRIPOLAR 1458Q/86",PP-CA-449
14417511,"GENERATOR, ASSURITY MRI PACER DR RF",PP-CA-449
14417512,"LEAD, ISOFLEX OPTIM 1944/52",PP-CA-449
14417513,"LEAD, TENDRILL STS 58",PP-CA-449
14420487,"GENERATOR, ASSURITY MRI PACER DR RF",PP-CA-449
14420488,"LEAD, TENDRILL STS 52",PP-CA-449
14420489,"LEAD, TENDRILL STS 58",PP-CA-449
14420490,"GENERATOR, ASSURITY MRI PACER DR RF",PP-CA-449
14420491,"GENERATOR, ASSURITY MRI PACER DR RF",PP-CA-449
14420492,"LEAD, TENDRILL STS 52",PP-CA-449
14420493,"LEAD, TENDRILL STS 58",PP-CA-449
14420494,"GENERATOR, ASSURITY MRI PACER DR RF",PP-CA-449
14420495,"GENERATOR, ASSURITY MRI PACER SR RF",PP-CA-449
14420496,"LEAD, TENDRILL STS 52",PP-CA-449
14425550,"GENERATOR, GALLANT DR ICD",PP-CA-449
14427384,"GENERATOR, ASSURITY MRI PACER DR RF",PP-CA-449
14427385,"LEAD, TENDRILL STS 46",PP-CA-449
14427386,"LEAD, TENDRILL STS 52",PP-CA-449
14427387,"LEAD, TENDRILL STS 52",PP-CA-449
14427393,"LEAD, TENDRILL STS 46",PP-CA-449
14427394,"GENERATOR, GALLANT DR ICD",PP-CA-449
14427395,"LEAD, DURATA ICD DF-4 ACTIVE TBP SINGLE SHOCK",PP-CA-449
14427396,"GENERATOR, ASSURITY MRI PACER DR RF",PP-CA-449
14427397,"LEAD, TENDRILL STS 46",PP-CA-449
14427398,"LEAD, TENDRILL STS 52",PP-CA-449
14427399,"GENERATOR, QUADRA ASSURA MP CRT-D DF4",PP-CA-449
14428617,"GENERATOR, GALLANT DR ICD",PP-CA-449
14428618,"LEAD, TENDRILL STS 52",PP-CA-449
14428619,"LEAD, DURATA ICD DF-4 ACTIVE TBP SINGLE SHOCK",PP-CA-449
14428620,"GENERATOR, ASSURITY MRI PACER DR RF",PP-CA-449
14428621,"LEAD, TENDRILL STS 52",PP-CA-449
14428622,"LEAD, TENDRILL STS 58",PP-CA-449
14428638,"GENERATOR, FORTIFY ASSURA NEXT GEN ICD VR 40 DF4 CONN",PP-CA-449
14430183,"LEAD, TENDRILL STS 52",PP-CA-449
14430184,"LEAD, DURATA ICD DF-4 ACTIVE TBP SINGLE SHOCK",PP-CA-449
14430186,"GENERATOR, GALLANT HF BI-VENTRICULAR ICD CRT-D",PP-CA-449
14430187,"SHEATH, CPS DIRECT SL II WIDE 47CM",PP-CA-449
14430188,"GENERATOR, ASSURITY MRI PACER DR RF",PP-CA-449
14430189,"LEAD, TENDRILL STS 46",PP-CA-449
14430190,"LEAD, TENDRILL STS 52",PP-CA-449
14430191,"GENERATOR, ASSURITY MRI PACER DR RF",PP-CA-449
14435342,"GENERATOR, ASSURITY MRI PACER SR RF",PP-CA-449
14435343,"LEAD, TENDRILL STS 58",PP-CA-449
14436532,"GENERATOR, ASSURITY MRI PACER DR RF",PP-CA-449
14436533,"LEAD, TENDRILL STS 52",PP-CA-449
14436534,"LEAD, TENDRILL STS 58",PP-CA-449
14438842,"GENERATOR, ELLIPSE NEXT GEN ICD DR 36 DF4 CONN",PP-CA-449
14438845,"GENERATOR, ASSURITY MRI PACER SR RF",PP-CA-449
14438853,"GENERATOR, ASSURITY MRI PACER DR RF",PP-CA-449
14438854,"LEAD, TENDRILL STS 52",PP-CA-449
14438855,"LEAD, TENDRILL STS 58",PP-CA-449
14441456,"GENERATOR, ASSURITY MRI PACER SR RF",PP-CA-449
14441457,"LEAD, TENDRILL STS 58",PP-CA-449
14442797,"RECORDER, LOOP CONFIRM RX IMPLANTABLE",PP-CA-449
14442798,"GENERATOR, FORTIFY ASSURA NEXT GEN ICD VR 40 DF4 CONN",PP-CA-449
14442799,"LEAD, DURATA ICD DF-4 ACTIVE TBP SINGLE SHOCK",PP-CA-449
14442800,"GENERATOR, QUADRA ALLURE MP CRT-P MRI",PP-CA-449
14444109,"RECORDER, LOOP CONFIRM RX IMPLANTABLE",PP-CA-449
14444110,"GENERATOR, FORTIFY ASSURA NEXT GEN ICD VR 40 DF4 CONN",PP-CA-449
14444111,"LEAD, DURATA ICD DF-4 ACTIVE TBP SINGLE SHOCK",PP-CA-449
14446534,"GENERATOR, ASSURITY MRI PACER DR RF",PP-CA-449
14446535,"LEAD, TENDRILL STS 46",PP-CA-449
14446536,"LEAD, TENDRILL STS 52",PP-CA-449
14446537,"SHEATH, CPS DIRECT UPSIZED WIDE 47CM",PP-CA-449
14446538,"GENERATOR, GALLANT HF BI-VENTRICULAR ICD CRT-D",PP-CA-449
14446539,"LEAD, TENDRILL STS 52",PP-CA-449
14446540,"LEAD, QUARTET QUADRIPOLAR 1458Q/86",PP-CA-449
14446541,"LEAD, DURATA ICD DF-4 ACTIVE TBP SINGLE SHOCK",PP-CA-449
14448708,"LEAD, TENDRILL STS 52",PP-CA-449
14448709,"GENERATOR, GALLANT DR ICD",PP-CA-449
14448710,"LEAD, DURATA ICD DF-4 ACTIVE TBP SINGLE SHOCK",PP-CA-449
14451318,"RECORDER, LOOP CONFIRM RX IMPLANTABLE",PP-CA-449
14462774,"GENERATOR, GALLANT HF BI-VENTRICULAR ICD CRT-D",PP-CA-449
14462775,"LEAD, DURATA ICD DF-4 ACTIVE TBP SINGLE SHOCK",PP-CA-449
14462776,"LEAD, QUARTET QUADRIPOLAR 1458Q/92",PP-CA-449
14462777,"LEAD, QUARTET QUADRIPOLAR 1458Q/92",PP-CA-449
14462778,"LEAD, TENDRILL STS 52",PP-CA-449
14462779,"GENERATOR, QUADRA ASSURA MP CRT-D DF4",PP-CA-449
14462791,"GENERATOR, ASSURITY MRI PACER SR RF",PP-CA-449
14462792,"LEAD, TENDRILL STS 58",PP-CA-449
14462793,"GENERATOR, GALLANT VR ICD",PP-CA-449
14462794,"LEAD, DURATA ICD DF-4 ACTIVE TBP SINGLE SHOCK 7120Q/65",PP-CA-449
14462795,"GENERATOR, QUADRA ASSURA MP CRT-D DF4",PP-CA-449
14462796,"LEAD, TENDRILL STS 46",PP-CA-449
14462797,"LEAD, DURATA ICD DF-4 ACTIVE TBP SINGLE SHOCK 7122Q/58",PP-CA-449
14462798,"LEAD, QUARTET QUADRIPOLAR 1458Q/86",PP-CA-449
14462799,"SHEATH, CPS DIRECT SL II WIDE 47CM",PP-CA-449
14462800,"LEAD, TENDRILL STS 52",PP-CA-449
14462801,"GENERATOR, ASSURITY MRI PACER DR RF",PP-CA-449
14462802,"GENERATOR, FORTIFY ASSURA NEXT GEN ICD DR 40 DF4 CONN",PP-CA-449
14462803,"LEAD, TENDRILL STS 52",PP-CA-449
14462804,"GENERATOR, ASSURITY MRI PACER SR RF",PP-CA-449
14462805,"LEAD, TENDRILL STS 58",PP-CA-449
14462806,"LEAD, QUARTET QUADRIPOLAR 1458Q/86",PP-CA-449
14462807,"GENERATOR, QUADRA ALLURE MP CRT-P MRI",PP-CA-449
14462808,"LEAD, TENDRILL STS 52",PP-CA-449
14462809,"LEAD, TENDRILL STS 58",PP-CA-449
14462810,"LEAD, QUARTET QUADRIPOLAR 1458Q/86",PP-CA-449
14462811,"GENERATOR, ASSURITY MRI PACER DR RF",PP-CA-449
14462812,"LEAD, TENDRILL STS 52",PP-CA-449
14462813,"LEAD, TENDRILL STS 58",PP-CA-449
14462814,"GENERATOR, GALLANT VR ICD",PP-CA-449
14462815,"LEAD, DURATA ICD DF-4 ACTIVE TBP SINGLE SHOCK",PP-CA-449
14462816,"GENERATOR, GALLANT VR ICD",PP-CA-449
14462817,"LEAD, DURATA ICD DF-4 ACTIVE TBP SINGLE SHOCK",PP-CA-449
14471270,"GENERATOR, ASSURITY MRI PACER DR RF",PP-CA-449
14472431,"GENERATOR, ASSURITY MRI PACER DR RF",PP-CA-449
14472432,"LEAD, TENDRILL STS 52",PP-CA-449
14472433,"LEAD, TENDRILL STS 58",PP-CA-449
14472434,"LEAD, QUICKFLEX MICRO 86",PP-CA-449
14481468,"LEAD, TENDRILL STS 52",PP-CA-449
14481469,"LEAD, DURATA ICD DF-4 ACTIVE TBP SINGLE SHOCK",PP-CA-449
14481470,"LEAD, QUARTET QUADRIPOLAR 1458Q/86",PP-CA-449
14481471,"GENERATOR, GALLANT HF BI-VENTRICULAR ICD CRT-D",PP-CA-449
14485557,"GENERATOR, ASSURITY MRI PACER SR RF",PP-CA-449
14485558,"LEAD, TENDRILL STS 58",PP-CA-449
14485559,"GENERATOR, ASSURITY MRI PACER DR RF",PP-CA-449
14485560,"LEAD, TENDRILL STS 46",PP-CA-449
14485561,"LEAD, TENDRILL STS 52",PP-CA-449
14485566,"LEAD, TENDRILL STS 46",PP-CA-449
14485567,"LEAD, TENDRILL STS 52",PP-CA-449
14485568,"GENERATOR, ASSURITY MRI PACER DR RF",PP-CA-449
14485569,"RECORDER, LOOP CONFIRM RX IMPLANTABLE",PP-CA-449
14485570,"GENERATOR, ASSURITY MRI PACER DR RF",PP-CA-449
14485571,"LEAD, TENDRILL STS 46",PP-CA-449
14485572,"LEAD, TENDRILL STS 52",PP-CA-449
14488224,"LEAD, TENDRILL STS 52",PP-CA-449
14488225,"LEAD, QUARTET QUADRIPOLAR 1458Q/86",PP-CA-449
14488226,"LEAD, DURATA ICD DF-4 ACTIVE TBP SINGLE SHOCK",PP-CA-449
14488227,"GENERATOR, GALLANT HF BI-VENTRICULAR ICD CRT-D",PP-CA-449
14493772,"GENERATOR, ASSURITY MRI PACER DR RF",PP-CA-449
14493773,"LEAD, TENDRILL STS 52",PP-CA-449
14493774,"LEAD, TENDRILL STS 58",PP-CA-449
14493775,"GENERATOR, ASSURITY MRI PACER DR RF",PP-CA-449
14493776,"LEAD, TENDRILL STS 46",PP-CA-449
14493777,"LEAD, TENDRILL STS 52",PP-CA-449
14501620,"GENERATOR, GALLANT DR ICD",PP-CA-449
14501621,"LEAD, TENDRILL STS 52",PP-CA-449
14501622,"LEAD, DURATA ICD DF-4 ACTIVE TBP SINGLE SHOCK",PP-CA-449
14503951,"SHEATH, CPS DIRECT SL II WIDE 47CM",PP-CA-449
14503952,"GENERATOR, QUADRA ASSURA MP CRT-D DF4",PP-CA-449
14503953,"LEAD, TENDRILL STS 52",PP-CA-449
14503954,"LEAD, DURATA ICD DF-4 ACTIVE TBP SINGLE SHOCK 7120Q/65",PP-CA-449
14503955,"LEAD, QUARTET QUADRIPOLAR 1458Q/86",PP-CA-449
14503956,"GENERATOR, QUADRA ALLURE MP CRT-P MRI",PP-CA-449
14503957,"LEAD, QUARTET QUADRIPOLAR 1458Q/92",PP-CA-449
14503958,"GENERATOR, FORTIFY ASSURA NEXT GEN ICD VR 40 DF4 CONN",PP-CA-449
14503959,"GENERATOR, ASSURITY MRI PACER DR RF",PP-CA-449
14503960,"LEAD, TENDRILL STS 58",PP-CA-449
14503961,"LEAD, TENDRILL STS 52",PP-CA-449
14503962,"GENERATOR, QUADRA ASSURA MP CRT-D DF4",PP-CA-449
14503963,"LEAD, TENDRILL STS 52",PP-CA-449
14503964,"LEAD, DURATA ICD DF-4 ACTIVE TBP SINGLE SHOCK",PP-CA-449
14503965,"LEAD, QUARTET QUADRIPOLAR 1458Q/86",PP-CA-449
14503966,"GENERATOR, ASSURITY MRI PACER DR RF",PP-CA-449
14503967,"LEAD, TENDRILL STS 52",PP-CA-449
14503968,"LEAD, TENDRILL STS 58",PP-CA-449
14506180,"LEAD, DURATA ICD DF-4 ACTIVE TBP SINGLE SHOCK 7122Q/58",PP-CA-449
14506181,"LEAD, QUARTET QUADRIPOLAR 1458Q/86",PP-CA-449
14506182,"GENERATOR, GALLANT HF BI-VENTRICULAR ICD CRT-D",PP-CA-449
14506183,"LEAD, DURATA ICD DF-4 ACTIVE TBP SINGLE SHOCK",PP-CA-449
14506184,"LEAD, TENDRILL STS 52",PP-CA-449
14506185,"LEAD, QUARTET QUADRIPOLAR 1458Q/86",PP-CA-449
14506186,"GENERATOR, GALLANT HF BI-VENTRICULAR ICD CRT-D",PP-CA-449
14506197,"GENERATOR, ASSURITY MRI PACER DR RF",PP-CA-449
14506198,"LEAD, TENDRILL STS 52",PP-CA-449
14506199,"LEAD, TENDRILL STS 58",PP-CA-449
14506200,"GENERATOR, GALLANT VR ICD",PP-CA-449
14506201,"LEAD, DURATA ICD DF-4 ACTIVE TBP SINGLE SHOCK 7122Q/58",PP-CA-449
14508468,"GENERATOR, ALLURE CRT-P RF",PP-CA-449
14508469,"GENERATOR, ASSURITY MRI PACER DR RF",PP-CA-449
14508470,"LEAD, TENDRILL STS 52",PP-CA-449
14508471,"LEAD, TENDRILL STS 58",PP-CA-449
14510726,"LEAD, TENDRILL STS 52",PP-CA-449
14510727,"LEAD, QUARTET QUADRIPOLAR 1458Q/86",PP-CA-449
14510728,"LEAD, DURATA ICD DF-4 ACTIVE TBP SINGLE SHOCK",PP-CA-449
14510729,"GENERATOR, GALLANT HF BI-VENTRICULAR ICD CRT-D",PP-CA-449
14514166,"LEAD, DURATA ICD DF-4 ACTIVE TBP SINGLE SHOCK",PP-CA-449
14514167,"LEAD, QUARTET QUADRIPOLAR 1458Q/86",PP-CA-449
14514168,"GENERATOR, QUADRA ASSURA MP CRT-D DF4",PP-CA-449
14514169,"GENERATOR, ELLIPSE NEXT GEN ICD VR 36",PP-CA-449
14516562,"RECORDER, LOOP CONFIRM RX IMPLANTABLE",PP-CA-449
14516563,"LEAD, TENDRILL STS 46",PP-CA-449
14516564,"GENERATOR, ASSURITY MRI PACER DR RF",PP-CA-449
14516565,"GENERATOR, ASSURITY MRI PACER DR RF",PP-CA-449
14516566,"LEAD, TENDRILL STS 52",PP-CA-449
14516567,"LEAD, TENDRILL STS 58",PP-CA-449
14518572,"LEAD, DURATA ICD DF-4 ACTIVE TBP SINGLE SHOCK",PP-CA-449
14518573,"LEAD, TENDRILL STS 52",PP-CA-449
14518574,"GENERATOR, FORTIFY ASSURA NEXT GEN ICD DR 40 DF4 CONN",PP-CA-449
14526683,"GENERATOR, ASSURITY MRI PACER DR RF",PP-CA-449
14526684,"LEAD, TENDRILL STS 52",PP-CA-449
14526685,"LEAD, TENDRILL STS 58",PP-CA-449
14526686,"RECORDER, LOOP CONFIRM RX IMPLANTABLE",PP-CA-449
14526687,"GENERATOR, ASSURITY MRI PACER DR RF",PP-CA-449
14526688,"LEAD, TENDRILL STS 52",PP-CA-449
14526689,"LEAD, TENDRILL STS 58",PP-CA-449
14533262,"GENERATOR, ASSURITY MRI PACER DR RF",PP-CA-449
14533263,"LEAD, TENDRILL STS 46",PP-CA-449
14533264,"LEAD, TENDRILL STS 52",PP-CA-449
14533267,"GENERATOR, ASSURITY MRI PACER DR RF",PP-CA-449
14533268,"LEAD, TENDRILL STS 52",PP-CA-449
14533269,"LEAD, TENDRILL STS 58",PP-CA-449
14533270,"GENERATOR, ASSURITY MRI PACER DR RF",PP-CA-449
14533271,"LEAD, TENDRILL STS 52",PP-CA-449
14533272,"LEAD, TENDRILL STS 58",PP-CA-449
14533274,"GENERATOR, ASSURITY MRI PACER DR RF",PP-CA-449
14533275,"LEAD, TENDRILL STS 52",PP-CA-449
14533276,"LEAD, TENDRILL STS 58",PP-CA-449
14538157,"GENERATOR, ASSURITY MRI PACER DR RF",PP-CA-449
14538158,"LEAD, TENDRILL STS 52",PP-CA-449
14538159,"LEAD, TENDRILL STS 58",PP-CA-449
14538160,"GENERATOR, ASSURITY MRI PACER SR RF",PP-CA-449
14538161,"LEAD, TENDRILL STS 52",PP-CA-449
14538162,"GENERATOR, ELLIPSE NEXT GEN ICD DR 36 DF4 CONN",PP-CA-449
14538165,"GENERATOR, ASSURITY MRI PACER SR RF",PP-CA-449
14538166,"LEAD, TENDRILL STS 58",PP-CA-449
14539274,"GENERATOR, ELLIPSE NEXT GEN ICD VR 36",PP-CA-449
14539275,"GENERATOR, ASSURITY MRI PACER DR RF",PP-CA-449
14539276,"LEAD, TENDRILL STS 52",PP-CA-449
14539277,"LEAD, TENDRILL STS 58",PP-CA-449
14539285,"LEAD, TENDRILL STS 46",PP-CA-449
14539286,"LEAD, QUARTET QUADRIPOLAR 1458Q/86",PP-CA-449
14539287,"GENERATOR, QUADRA ASSURA MP CRT-D DF4",PP-CA-449
14539288,"LEAD, DURATA ICD DF-4 ACTIVE TBP SINGLE SHOCK 7122Q/58",PP-CA-449
14540472,"SHEATH, CPS DIRECT UPSIZED R SIDE 47CM",PP-CA-449
14540474,"LEAD, TENDRILL STS 46",PP-CA-449
14540475,"LEAD, DURATA ICD DF-4 ACTIVE TBP SINGLE SHOCK",PP-CA-449
14540476,"LEAD, QUARTET QUADRIPOLAR SMALL-S 1456Q/86",PP-CA-449
14540477,"GENERATOR, UNIFY ASSURA NEXT GEN CRT-D 40 DF4 CONN",PP-CA-449
14545253,"GENERATOR, ELLIPSE NEXT GEN ICD DR 36 DF4 CONN",PP-CA-449
14545255,"GENERATOR, ASSURITY MRI PACER DR RF",PP-CA-449
14545256,"LEAD, TENDRILL STS 52",PP-CA-449
14545257,"LEAD, TENDRILL STS 58",PP-CA-449
14545258,"LEAD, TENDRILL STS 58",PP-CA-449
14545259,"GENERATOR, QUADRA ASSURA MP CRT-D DF4",PP-CA-449
14547594,"GENERATOR, ASSURITY MRI PACER DR RF",PP-CA-449
14548695,"GENERATOR, FORTIFY ASSURA NEXT GEN ICD DR 40 DF4 CONN",PP-CA-449
14550509,"RECORDER, LOOP CONFIRM RX IMPLANTABLE",PP-CA-449
14550511,"LEAD, TENDRILL STS 52",PP-CA-449
14550512,"GENERATOR, ASSURITY MRI PACER DR RF",PP-CA-449
14550513,"LEAD, TENDRILL STS 52",PP-CA-449
14550514,"LEAD, TENDRILL STS 58",PP-CA-449
14553702,"GENERATOR, ASSURITY MRI PACER DR RF",PP-CA-449
14553703,"LEAD, TENDRILL STS 46",PP-CA-449
14553704,"LEAD, TENDRILL STS 52",PP-CA-449
14553705,"LEAD, TENDRILL STS 52",PP-CA-449
14553706,"LEAD, DURATA ICD DF-4 ACTIVE TBP SINGLE SHOCK 7120Q/65",PP-CA-449
14553707,"GENERATOR, FORTIFY ASSURA NEXT GEN ICD DR 40 DF4 CONN",PP-CA-449
14554989,"ADAPTER, UNIPOLAR LEAD 3.2MM LOW-PROFILE CONN TO IS-1 RECEPT 47CM",PP-CA-449
14559359,"LEAD, QUARTET QUADRIPOLAR 1458Q/86",PP-CA-449
14559360,"GENERATOR, QUADRA ASSURA MP CRT-D",PP-CA-449
14564270,"GENERATOR, ASSURITY MRI PACER SR RF",PP-CA-449
14564271,"LEAD, TENDRILL STS 52",PP-CA-449
14564272,"LEAD, TENDRILL STS 52",PP-CA-449
14564273,"LEAD, QUARTET QUADRIPOLAR 1458Q/86",PP-CA-449
14564274,"GENERATOR, QUADRA ASSURA MP CRT-D DF4",PP-CA-449
14564275,"LEAD, DURATA ICD DF-4 ACTIVE TBP SINGLE SHOCK 7120Q/65",PP-CA-449
14564276,"SHEATH, CPS DIRECT UPSIZED WIDE 47CM",PP-CA-449
14565653,"GENERATOR, ASSURITY MRI PACER DR RF",PP-CA-449
14565654,"LEAD, TENDRILL STS 52",PP-CA-449
14565655,"LEAD, TENDRILL STS 58",PP-CA-449
14568043,"GENERATOR, QUADRA ASSURA MP CRT-D DF4",PP-CA-449
14568044,"LEAD, DURATA ICD DF-4 ACTIVE TBP SINGLE SHOCK",PP-CA-449
14568045,"LEAD, QUARTET QUADRIPOLAR 1458Q/92",PP-CA-449
14568046,"GENERATOR, ASSURITY MRI PACER DR RF",PP-CA-449
14568047,"LEAD, TENDRILL STS 46",PP-CA-449
14568048,"LEAD, TENDRILL STS 52",PP-CA-449
14570633,"GENERATOR, ASSURITY MRI PACER DR RF",PP-CA-449
14570634,"LEAD, TENDRILL STS 46",PP-CA-449
14570635,"LEAD, TENDRILL STS 52",PP-CA-449
14570636,"GENERATOR, ASSURITY MRI PACER DR RF",PP-CA-449
14570637,"LEAD, TENDRILL STS 52",PP-CA-449
14570638,"LEAD, TENDRILL STS 58",PP-CA-449
14571706,"GENERATOR, ELLIPSE NEXT GEN ICD VR 36 DF4 CONN",PP-CA-449
14571707,"LEAD, DURATA ICD DF-4 ACTIVE TBP SINGLE SHOCK 7122Q/58",PP-CA-449
14573421,"GENERATOR, ASSURITY MRI PACER SR RF",PP-CA-449
14573422,"LEAD, TENDRILL STS 58",PP-CA-449
14573423,"GENERATOR, ASSURITY MRI PACER DR RF",PP-CA-449
14573424,"LEAD, TENDRILL STS 46",PP-CA-449
14573425,"LEAD, TENDRILL STS 52",PP-CA-449
14573426,"LEAD, DURATA ICD DF-4 ACTIVE TBP SINGLE SHOCK",PP-CA-449
14573427,"LEAD, TENDRILL STS 52",PP-CA-449
14573428,"LEAD, QUARTET QUADRIPOLAR 1458Q/86",PP-CA-449
14573429,"GENERATOR, QUADRA ASSURA MP CRT-D DF4",PP-CA-449
14573430,"GENERATOR, ASSURITY MRI PACER DR RF",PP-CA-449
14576148,"GENERATOR, ASSURITY MRI PACER DR RF",PP-CA-449
14576150,"SHEATH, CPS DIRECT UPSIZED WIDE 47CM",PP-CA-449
14576152,"LEAD, TENDRILL STS 52",PP-CA-449
14576153,"LEAD, QUARTET QUADRIPOLAR 1458Q/86",PP-CA-449
14576154,"GENERATOR, QUADRA ASSURA MP CRT-D DF4",PP-CA-449
14576155,"LEAD, DURATA ICD DF-4 ACTIVE TBP SINGLE SHOCK",PP-CA-449
14578280,"GENERATOR, QUADRA ASSURA MP CRT-D DF4",PP-CA-449
14578281,"LEAD, TENDRILL STS 52",PP-CA-449
14578282,"LEAD, DURATA ICD DF-4 ACTIVE TBP SINGLE SHOCK",PP-CA-449
14578283,"LEAD, QUARTET QUADRIPOLAR 1458Q/86",PP-CA-449
14578284,"SHEATH, CPS DIRECT SL II WIDE 47CM",PP-CA-449
14579682,"LEAD, TENDRILL STS 58",PP-CA-449
14579683,"GENERATOR, ASSURITY MRI PACER DR RF",PP-CA-449
14579684,"LEAD, TENDRILL STS 52",PP-CA-449
14579685,"LEAD, TENDRILL STS 58",PP-CA-449
14581668,"GENERATOR, ASSURITY MRI PACER DR RF",PP-CA-449
14581669,"LEAD, TENDRILL STS 52",PP-CA-449
14581670,"LEAD, TENDRILL STS 58",PP-CA-449
14581671,"GENERATOR, ASSURITY MRI PACER DR RF",PP-CA-449
14581672,"LEAD, TENDRILL STS 52",PP-CA-449
14581673,"LEAD, TENDRILL STS 58",PP-CA-449
14581674,"GENERATOR, ASSURITY MRI PACER DR RF",PP-CA-449
14581675,"LEAD, TENDRILL STS 46",PP-CA-449
14581676,"LEAD, TENDRILL STS 52",PP-CA-449
14586660,"GENERATOR, ELLIPSE NEXT GEN ICD DR 36 DF4 CONN",PP-CA-449
14586661,"GENERATOR, ASSURITY MRI PACER DR RF",PP-CA-449
14586662,"LEAD, TENDRILL STS 52",PP-CA-449
14586663,"LEAD, TENDRILL STS 58",PP-CA-449
14586664,"LEAD, QUARTET QUADRIPOLAR 1458Q/86",PP-CA-449
14586665,"GENERATOR, QUADRA ASSURA MP CRT-D DF4",PP-CA-449
14588383,"ADAPTER, UNIPOLAR LEAD 3.2MM LOW-PROFILE CONN TO IS-1 RECEPT 14CM",PP-CA-449
14588384,"ADAPTER, UNIPOLAR LEAD 3.2MM LOW-PROFILE CONN TO IS-1 RECEPT 14CM",PP-CA-449
14592297,"GENERATOR, ASSURITY MRI PACER DR RF",PP-CA-449
14597672,"GENERATOR, QUADRA ASSURA MP CRT-D DF4",PP-CA-449
14597673,"RECORDER, LOOP CONFIRM RX IMPLANTABLE",PP-CA-449
14599310,"LEAD, QUARTET QUADRIPOLAR 1458Q/92",PP-CA-449
14599311,"GENERATOR, QUADRA ASSURA MP CRT-D DF4",PP-CA-449
14599312,"LEAD, DURATA ICD DF-4 ACTIVE TBP SINGLE SHOCK",PP-CA-449
14599313,"GENERATOR, ASSURITY MRI PACER DR RF",PP-CA-449
14599314,"LEAD, TENDRILL STS 52",PP-CA-449
14599315,"LEAD, TENDRILL STS 58",PP-CA-449
14599316,"GENERATOR, ASSURITY MRI PACER DR RF",PP-CA-449
14599317,"LEAD, TENDRILL STS 52",PP-CA-449
14599318,"LEAD, TENDRILL STS 58",PP-CA-449
14600867,"GENERATOR, ASSURITY MRI PACER SR RF",PP-CA-449
14600868,"LEAD, TENDRILL STS 58",PP-CA-449
14600869,"GENERATOR, ASSURITY MRI PACER DR RF",PP-CA-449
14600870,"LEAD, TENDRILL STS 52",PP-CA-449
14600871,"LEAD, TENDRILL STS 58",PP-CA-449
14602876,"GENERATOR, ASSURITY MRI PACER DR RF",PP-CA-449
14602877,"LEAD, TENDRILL STS 52",PP-CA-449
14602878,"LEAD, TENDRILL STS 58",PP-CA-449
14604468,"GENERATOR, ASSURITY MRI PACER DR RF",PP-CA-449
14604469,"LEAD, TENDRILL STS 46",PP-CA-449
14604470,"LEAD, TENDRILL STS 52",PP-CA-449
14604471,"GENERATOR, ASSURITY MRI PACER DR RF",PP-CA-449
14604472,"LEAD, TENDRILL STS 46",PP-CA-449
14604473,"LEAD, TENDRILL STS 52",PP-CA-449
14606315,"GENERATOR, ELLIPSE NEXT GEN ICD VR 36 DF4 CONN",PP-CA-449
14606316,"LEAD, DURATA ICD DF-4 ACTIVE TBP SINGLE SHOCK",PP-CA-449
14606317,"GENERATOR, FORTIFY ASSURA NEXT GEN ICD VR 40 DF4 CONN",PP-CA-449
14606318,"LEAD, DURATA ICD DF-4 ACTIVE TBP SINGLE SHOCK 7120Q/65",PP-CA-449
14608009,"GENERATOR, QUADRA ASSURA MP CRT-D DF4",PP-CA-449
14608010,"LEAD, DURATA ICD DF-4 ACTIVE TBP SINGLE SHOCK 7120Q/65",PP-CA-449
14609257,"RECORDER, LOOP CONFIRM RX IMPLANTABLE",PP-CA-449
14609258,"GENERATOR, ELLIPSE NEXT GEN ICD DR 36",PP-CA-449
14610591,"LEAD, TENDRILL STS 52",PP-CA-449
14610592,"GENERATOR, FORTIFY ASSURA NEXT GEN ICD DR 40 DF4 CONN",PP-CA-449
14610593,"LEAD, DURATA ICD DF-4 ACTIVE TBP SINGLE SHOCK",PP-CA-449
14610594,"GENERATOR, ASSURITY MRI PACER DR RF",PP-CA-449
14610595,"LEAD, TENDRILL STS 58",PP-CA-449
14610596,"LEAD, TENDRILL STS 52",PP-CA-449
14613524,"GENERATOR, ASSURITY MRI PACER DR RF",PP-CA-449
14613525,"LEAD, TENDRILL STS 52",PP-CA-449
14613526,"LEAD, DURATA ICD DF-4 ACTIVE TBP SINGLE SHOCK 7120Q/65",PP-CA-449
14613527,"GENERATOR, QUADRA ASSURA MP CRT-D DF4",PP-CA-449
14613528,"LEAD, TENDRILL STS 52",PP-CA-449
14613529,"LEAD, QUARTET QUADRIPOLAR 1458Q/86",PP-CA-449
14613530,"LEAD, TENDRILL STS 58",PP-CA-449
14613531,"LEAD, TENDRILL STS 52",PP-CA-449
14613532,"GENERATOR, ASSURITY MRI PACER DR RF",PP-CA-449
14613537,"GENERATOR, FORTIFY ASSURA NEXT GEN ICD VR 40 DF4 CONN",PP-CA-449
14613538,"LEAD, DURATA ICD DF-4 ACTIVE TBP SINGLE SHOCK",PP-CA-449
14613540,"GENERATOR, ASSURITY MRI PACER SR RF",PP-CA-449
14613541,"GENERATOR, FORTIFY ASSURA NEXT GEN ICD VR 40 DF4 CONN",PP-CA-449
14613542,"LEAD, DURATA ICD DF-4 ACTIVE TBP SINGLE SHOCK",PP-CA-449
14613543,"LEAD, TENDRILL STS 58",PP-CA-449
14613544,"LEAD, TENDRILL STS 52",PP-CA-449
14613545,"GENERATOR, ASSURITY MRI PACER DR RF",PP-CA-449
14613546,"GENERATOR, QUADRA ASSURA MP CRT-D DF4",PP-CA-449
14613547,"LEAD, DURATA ICD DF-4 ACTIVE TBP SINGLE SHOCK 7122Q/58",PP-CA-449
14613548,"GENERATOR, ASSURITY MRI PACER DR RF",PP-CA-449
14613549,"LEAD, TENDRILL STS 52",PP-CA-449
14613550,"LEAD, TENDRILL STS 58",PP-CA-449
14617417,"SLITTER, CPS DIRECT SL II",PP-CA-449
14630447,"LEAD, TENDRILL STS 46",PP-CA-449
14630448,"LEAD, DURATA ICD DF-4 ACTIVE TBP SINGLE SHOCK 7122Q/58",PP-CA-449
14630449,"LEAD, QUARTET QUADRIPOLAR SMALL-S 1456Q/86",PP-CA-449
14630450,"GENERATOR, QUADRA ASSURA MP CRT-D DF4",PP-CA-449
14630452,"SHEATH, CPS DIRECT UPSIZED R SIDE 47CM",PP-CA-449
14630918,"GENERATOR, ASSURITY MRI PACER DR RF",PP-CA-449
14631602,"LEAD, TENDRILL STS 58",PP-CA-449
14634060,"LEAD, TENDRILL STS 46",PP-CA-449
14634061,"GENERATOR, QUADRA ASSURA MP CRT-D DF4",PP-CA-449
14634062,"LEAD, DURATA ICD DF-4 ACTIVE TBP SINGLE SHOCK 7122Q/58",PP-CA-449
14634065,"SHEATH, CPS DIRECT UPSIZED WIDE 47CM",PP-CA-449
14634919,"LEAD, TENDRILL STS 52",PP-CA-449
14634920,"LEAD, DURATA ICD DF-4 ACTIVE TBP SINGLE SHOCK",PP-CA-449
14634922,"LEAD, QUARTET QUADRIPOLAR 1458Q/86",PP-CA-449
14634923,"GENERATOR, QUADRA ASSURA MP CRT-D DF4",PP-CA-449
14634924,"SHEATH, CPS DIRECT UPSIZED WIDE 47CM",PP-CA-449
14635502,"GENERATOR, ASSURITY MRI PACER DR RF",PP-CA-449
14635503,"LEAD, TENDRILL STS 52",PP-CA-449
14635504,"LEAD, TENDRILL STS 58",PP-CA-449
14637421,"GENERATOR, ASSURITY MRI PACER DR RF",PP-CA-449
14637422,"LEAD, TENDRILL STS 58",PP-CA-449
14638710,"LEAD, TENDRILL STS 58",PP-CA-449
14638711,"GENERATOR, ASSURITY MRI PACER DR RF",PP-CA-449
14638712,"LEAD, TENDRILL STS 52",PP-CA-449
14640086,"RECORDER, LOOP CONFIRM RX IMPLANTABLE",PP-CA-449
NULL,NULL,PP-CA-449
