seq_no,Line_Description,contract_number
481,"PAN DUST LOBBY WITH HANDLE BLACK 12X10X6IN",PP-OR-1487
2157,"APPLIER, SURGICLIP III 9.0IN SMALL",PP-OR-1487
2158,"APPLIER, SURGICLIP 11.5IN MED",PP-OR-1487
2331,"RELOAD, SIGNIA TRI-STAPLE 2.0 30 MM CURVED TIP ARTICULATING VASCULAR/MEDIUM",PP-OR-1487
2356,"RELOAD, SIGNIA TRI-STAPLE 2.0 30 MM CURVED TIP ARTICULATING VASCULAR/MEDIUM",PP-OR-1487
2359,"HANDLE, ENDO GIA 12MM UNIVERSAL",PP-OR-1487
2360,"RELOAD, ENDO GIA 45MM CURVE TIP ART MED/THCK PURPL",PP-OR-1487
2361,"APPLIER, ENDO CLIP III 5MM",PP-OR-1487
2362,"APPLIER, ENDOCLIP 10MM",PP-OR-1487
2363,"BAG, SPECIMEN RETRIEVAL 10MM",PP-OR-1487
2364,"TROCAR, ENDO CLOSE",PP-OR-1487
3063,"STAPLER, SHELL SIGNIA POWER CONTROL",PP-OR-1487
3067,"STAPLER, GIA 80MM - 3.8MM",PP-OR-1487
3068,"STAPLER, GIA 80MM - 3.8MM",PP-OR-1487
3069,"STAPLER, DST SERIES 28 MM W/ 4.8 MM STAPLE",PP-OR-1487
3125,"RELOAD, ENDO GIA 45MM CURVE TIP ART MED/THCK PURPL",PP-OR-1487
3871,"STAPLER, GIA 80MM - 3.8MM",PP-OR-1487
3904,"RELOAD, SIGNIA TRI-STAPLE 2.0 30 MM CURVED TIP ARTICULATING VASCULAR/MEDIUM",PP-OR-1487
3909,"TROCAR, ENDO CLOSE",PP-OR-1487
3910,"ENDO STITCH, DISP 10MM",PP-OR-1487
3911,"POUCH, SPECIMEN ENDOCATCH II 15MM",PP-OR-1487
3916,"HANDLE, ENDO GIA 12MM UNIVERSAL",PP-OR-1487
3917,"HANDLE, ENDO GIA 12MM UNIVERSAL",PP-OR-1487
3918,"RELOAD, SIGNIA TRI-STAPLE 2.0 30 MM CURVED TIP ARTICULATING VASCULAR/MEDIUM",PP-OR-1487
3919,"RELOAD, ENDO GIA 45MM CURVE TIP ART MED/THCK PURPL",PP-OR-1487
3920,"RELOAD, ENDO GIA ROT VASCULAR MED TAN 45MM",PP-OR-1487
3921,"RELOAD, ENDO GIA ARTICULATE TRI-STAPLE 60MM MED/THCK",PP-OR-1487
3922,"RELOAD, ENDO GIA ARTICULATE TRI-STAPLE 60MM EXTRA/THCK",PP-OR-1487
3924,"SCISSOR, ENDO SHEARS 5MM",PP-OR-1487
4748,"RELOAD, ARTICULATE ENDO GIA TRISTAPLE MED/THICK RE",PP-OR-1487
4749,"APPLIER, SURGICLIP III 9.0IN SMALL",PP-OR-1487
4790,"SUTURE, 0 POLYSORB ENDO STITCH UNDYED ES-9 48",PP-OR-1487
4794,"BAG, SPECIMEN RETRIEVAL 10MM",PP-OR-1487
4795,"STAPLER, TA 60-3.5",PP-OR-1487
4796,"TROCAR, ENDO CLOSE",PP-OR-1487
4803,"HANDLE, GIA UNIVERSAL SHORT 12MM",PP-OR-1487
4804,"RELOAD, ENDO GIA 45MM TRISTAPLE ARTICULATING MED TAN",PP-OR-1487
4805,"RELOAD, ENDO GIA ARTICULATE TRI-STAPLE 60MM MED/THCK",PP-OR-1487
6490,"RELOAD, ARTICULATE ENDO GIA TRISTAPLE MED/THICK RE",PP-OR-1487
6534,"STAPLER, ENDOGIA ULTRA UNIV 12MM XL",PP-OR-1487
6535,"RELOAD, ENDO GIA 45MM TRISTAPLE ARTICULATING MED TAN",PP-OR-1487
6536,"RELOAD, ARTICULATING ENDO GIA TRISTAPLE MED TAN 60MM",PP-OR-1487
6538,"APPLIER, ENDO CLIP III 5MM",PP-OR-1487
6539,"APPLIER, ENDO CLIP II MED/LARGE 10 MM 20 TI CLIPS",PP-OR-1487
6540,"ENDO STITCH, DISP 10MM",PP-OR-1487
6541,"POUCH, SPECIMEN ENDOCATCH II 15MM",PP-OR-1487
6549,"TROCAR, ENDO CLOSE",PP-OR-1487
6715,"Scissors: Iris Surgical Scissors, CurvedIris Surgical Scissors",PP-OR-1487
6788,"APPLIER, ENDO CLIP II MED/LARGE 10 MM 20 TI CLIPS",PP-OR-1487
6789,"BAG, SPECIMEN RETRIEVAL 10MM",PP-OR-1487
6791,"HANDLE, ENDO GIA 12MM UNIVERSAL",PP-OR-1487
6792,"RELOAD, ENDO GIA 45MM TRISTAPLE ARTICULATING MED TAN",PP-OR-1487
6793,"RELOAD, ENDO GIA ARTICULATE TRI-STAPLE 60MM MED/THCK",PP-OR-1487
6794,"RELOAD, ENDO GIA ARTICULATE TRI-STAPLE 60MM EXTRA/THCK",PP-OR-1487
7852,"STAPLER, SHELL SIGNIA POWER CONTROL",PP-OR-1487
7885,"STAPLER, DST SERIES GIA 60MM - 3.8MM RELOADABLE",PP-OR-1487
8809,"APPLIER, SURGICLIP III 9.0IN SMALL",PP-OR-1487
8810,"APPLIER, SURGICLIP III 9.0IN SMALL",PP-OR-1487
8811,"APPLIER, SURGICLIP 11.5IN MED",PP-OR-1487
8840,"RELOAD, TA 30MM - V3",PP-OR-1487
9770,"STAPLER, UNIVERSAL ENDO 4.6MM STAPLES",PP-OR-1487
9794,"SUTURE, 0 POLYSORB ENDO STITCH UNDYED ES-9 48",PP-OR-1487
9797,"HANDLE, ENDO GIA 12MM UNIVERSAL",PP-OR-1487
9798,"RELOAD, SIGNIA TRI-STAPLE 2.0 30 MM CURVED TIP ARTICULATING VASCULAR/MEDIUM",PP-OR-1487
9799,"RELOAD, ENDO GIA 45MM CURVE TIP ART MED/THCK PURPL",PP-OR-1487
9800,"RELOAD, ENDO GIA ARTICULATE TRI-STAPLE 60MM MED/THCK",PP-OR-1487
9801,"RELOAD, ENDO GIA ARTICULATE TRI-STAPLE 60MM EXTRA/THCK",PP-OR-1487
9829,"RELOAD, GIA 80MM - 3.8MM",PP-OR-1487
10707,"RELOAD, ARTICULATE ENDO GIA TRISTAPLE MED/THICK RE",PP-OR-1487
11671,"STAPLER, TA 30V-3 NON-ABS CLIP",PP-OR-1487
11672,"APPLIER, ENDOCLIP 10MM",PP-OR-1487
11673,"TROCAR, ENDO CLOSE",PP-OR-1487
11674,"PURSTRING, DISP. 65 INST.",PP-OR-1487
11675,"HANDLE, ENDO GIA 12MM UNIVERSAL",PP-OR-1487
11676,"HANDLE, GIA UNIVERSAL SHORT 12MM",PP-OR-1487
11677,"RELOAD, SIGNIA TRI-STAPLE 2.0 30 MM CURVED TIP ARTICULATING VASCULAR/MEDIUM",PP-OR-1487
11678,"RELOAD, ENDO GIA ARTICULATE TRI-STAPLE 60MM MED/THCK",PP-OR-1487
11679,"RELOAD, ENDO GIA ARTICULATE TRI-STAPLE 60MM EXTRA/THCK",PP-OR-1487
11683,"APPLIER, ENDO CLIP III 5MM",PP-OR-1487
11684,"RELOAD, DST SERIES GIA 60MM - 3.8MM LOADING UNIT",PP-OR-1487
11685,"BAG, SPECIMEN RETRIEVAL 10MM",PP-OR-1487
12005,"RELOAD, ENDO GIA ROT VASCULAR MED TAN 45MM",PP-OR-1487
12913,"APPLIER, SURGICLIP 11.5IN MED",PP-OR-1487
12974,"APPLIER, ENDOCLIP 10MM",PP-OR-1487
12975,"ENDO STITCH, DISP 10MM",PP-OR-1487
13935,"STAPLER, EEA XL 28MM W/ 4.8MM STAPLE",PP-OR-1487
13989,"APPLIER, ENDOCLIP 10MM",PP-OR-1487
13990,"RELOAD, DST SERIES GIA 100MM - 3.8MM LOADING UNIT",PP-OR-1487
13991,"RELOAD, ENDO GIA 45MM TRISTAPLE ARTICULATING MED TAN",PP-OR-1487
14003,"RELOAD, ARTICULATING ENDO GIA TRISTAPLE MED TAN 60MM",PP-OR-1487
14004,"RELOAD, ARTICULATE ENDO GIA TRISTAPLE MED/THICK RE",PP-OR-1487
14006,"APPLIER, ENDO CLIP III 5MM",PP-OR-1487
14007,"POUCH, SPECIMEN ENDOCATCH II 15MM",PP-OR-1487
15042,"ADAPTER, SIGNIA POWER LINEAR XL",PP-OR-1487
15045,"APPLIER, SURGICLIP 11.5IN MED",PP-OR-1487
15046,"STAPLER, TA 90-3.5",PP-OR-1487
15115,"TROCAR, ENDO CLOSE",PP-OR-1487
15118,"SCISSOR, ENDO SHEARS 5MM",PP-OR-1487
15119,"TROCAR, ENDO CLOSE",PP-OR-1487
15120,"RELOAD, SIGNIA TRI-STAPLE 2.0 30 MM CURVED TIP ARTICULATING VASCULAR/MEDIUM",PP-OR-1487
15121,"RELOAD, ENDO GIA ARTICULATE TRI-STAPLE 60MM EXTRA/THCK",PP-OR-1487
16285,"STAPLER, EEA XL 25MM W/ 4.8MM STAPLE",PP-OR-1487
16362,"RELOAD, ENDO GIA ROT VASCULAR MED TAN 45MM",PP-OR-1487
16363,"RELOAD, ARTICULATE ENDO GIA TRISTAPLE EXTRA/THICK",PP-OR-1487
17515,"STAPLER, SHELL SIGNIA POWER CONTROL",PP-OR-1487
17517,"APPLIER, SURGICLIP 11.5IN MED",PP-OR-1487
17518,"STAPLER, GIA 80MM - 3.8MM",PP-OR-1487
17519,"APPLIER, SURGICLIP III 9.0IN SMALL",PP-OR-1487
17520,"APPLIER, SURGICLIP MED 9.75",PP-OR-1487
17856,"APPLIER, ENDO CLIP III 5MM",PP-OR-1487
17857,"BAG, SPECIMEN RETRIEVAL 10MM",PP-OR-1487
17858,"RELOAD, GIA 80MM - 3.8MM",PP-OR-1487
17859,"CLIP, LAPROCLIP LIGATING CARTRIDGE ABSORB 12MM",PP-OR-1487
17860,"DEVICE, ORVIL EEA DTS SERIES 25MM",PP-OR-1487
17863,"HANDLE, ENDO GIA 12MM UNIVERSAL",PP-OR-1487
17864,"HANDLE, GIA UNIVERSAL SHORT 12MM",PP-OR-1487
17865,"RELOAD, ENDO GIA 45MM CURVE TIP ART MED/THCK PURPL",PP-OR-1487
17871,"RELOAD, GIA 80MM - 3.8MM",PP-OR-1487
19569,"RELOAD, ARTICULATE ENDO GIA TRISTAPLE MED/THICK RE",PP-OR-1487
19570,"STAPLER, SHELL SIGNIA POWER CONTROL",PP-OR-1487
19571,"ADAPTER, SIGNIA POWER LINEAR XL",PP-OR-1487
19639,"RELOAD, ENDO GIA ROT VASCULAR MED TAN 45MM",PP-OR-1487
21000,"STAPLER, EEA XL 33MM W/ 4.8MM STAPLE",PP-OR-1487
21001,"STAPLER, EEA XL 25MM W/ 4.8MM STAPLE",PP-OR-1487
21108,"RELOAD, SIGNIA VASCULAR SM DIA CURVED TIP 30MM",PP-OR-1487
23976,"SCISSORS SURGICAL LISTER ANGLED BLUNT/BLUNT SMOOTH STAINLESS STEEL LATEX FREE DI",PP-OR-1487
24510,"APPLIER, ENDO CLIP III 5MM",PP-OR-1487
24511,"HANDLE, ENDO GIA 12MM UNIVERSAL",PP-OR-1487
24512,"RELOAD, ENDO GIA 45MM TRISTAPLE ARTICULATING MED TAN",PP-OR-1487
24513,"RELOAD, ENDO GIA ARTICULATE TRI-STAPLE 60MM MED/THCK",PP-OR-1487
24514,"RELOAD, ARTICULATING ENDO GIA TRISTAPLE MED TAN 60MM",PP-OR-1487
24539,"APPLIER, ENDO CLIP III 5MM",PP-OR-1487
24540,"BAG, SPECIMEN RETRIEVAL 10MM",PP-OR-1487
24541,"SCISSOR, ENDO SHEARS 5MM",PP-OR-1487
24542,"PURSTRING, DISP. 65 INST.",PP-OR-1487
24543,"TROCAR, ENDO CLOSE",PP-OR-1487
24544,"HANDLE, ENDO GIA 12MM UNIVERSAL",PP-OR-1487
24545,"RELOAD, ENDO GIA 45MM TRISTAPLE ARTICULATING MED TAN",PP-OR-1487
24546,"RELOAD, ENDO GIA ARTICULATE TRI-STAPLE 60MM MED/THCK",PP-OR-1487
24547,"RELOAD, ENDO GIA ARTICULATE TRI-STAPLE 60MM EXTRA/THCK",PP-OR-1487
25631,"STAPLER, SHELL SIGNIA POWER CONTROL",PP-OR-1487
27885,"APPLIER, ENDO CLIP III 5MM",PP-OR-1487
27886,"BAG, SPECIMEN RETRIEVAL 10MM",PP-OR-1487
27887,"TROCAR, ENDO CLOSE",PP-OR-1487
27888,"PURSTRING, DISP. 65 INST.",PP-OR-1487
27916,"HANDLE, ENDO GIA 12MM UNIVERSAL",PP-OR-1487
27917,"RELOAD, ENDO GIA ARTICULATE TRI-STAPLE 60MM MED/THCK",PP-OR-1487
27919,"SUTURE, 0 SURGIDAC ENDO STITCH 48&quot;",PP-OR-1487
27939,"SCISSOR SURG SHARP/BLUNT STR 5.5IN",PP-OR-1487
28252,"Scissors: Iris Surgical Scissors, CurvedIris Surgical Scissors",PP-OR-1487
28317,"HANDLE, GIA UNIVERSAL SHORT 12MM",PP-OR-1487
28344,"APPLIER, ENDOCLIP 10MM",PP-OR-1487
28345,"BAG, SPECIMEN RETRIEVAL 10MM",PP-OR-1487
31512,"SCISSOR,ENDOPTH,CURVED,5MM-ORDR QTY6",PP-OR-1487
31576,"BAG, SPECIMEN RETRIEVAL 10MM",PP-OR-1487
31584,"STAPLER, ENDOGIA ULTRA UNIV 12MM XL",PP-OR-1487
31585,"RELOAD, ENDO GIA 45MM TRISTAPLE ARTICULATING MED TAN",PP-OR-1487
31586,"RELOAD, ARTICULATING ENDO GIA TRISTAPLE MED TAN 60MM",PP-OR-1487
31592,"TROCAR, ENDO CLOSE",PP-OR-1487
31593,"POUCH, SPECIMEN ENDOCATCH II 15MM",PP-OR-1487
32904,"STAPLER, GIA 80MM - 3.8MM",PP-OR-1487
32905,"APPLIER, SURGICLIP MED 9.75",PP-OR-1487
33935,"STAPLER, EEA XL 25MM W/ 4.8MM STAPLE",PP-OR-1487
34023,"APPLIER, ENDO CLIP III 5MM",PP-OR-1487
34024,"APPLIER, ENDO CLIP II MED/LARGE 10 MM 20 TI CLIPS",PP-OR-1487
34027,"STAPLER, DST SERIES GIA 60MM - 3.8MM RELOADABLE",PP-OR-1487
35170,"APPLIER, SURGICLIP III 9.0IN SMALL",PP-OR-1487
35171,"APPLIER, SURGICLIP 11.5IN MED",PP-OR-1487
35253,"APPLIER, ENDO CLIP III 5MM",PP-OR-1487
35254,"APPLIER, ENDOCLIP 10MM",PP-OR-1487
35255,"STAPLER, DST SERIES GIA 60MM - 3.8MM RELOADABLE",PP-OR-1487
35256,"PURSTRING, DISP. 65 INST.",PP-OR-1487
35281,"RELOAD, ENDO GIA ARTICULATE TRI-STAPLE 60MM EXTRA/THCK",PP-OR-1487
36415,"STAPLER, GIA 80MM - 3.8MM",PP-OR-1487
36490,"STAPLER, DST SERIES GIA 100MM - 3.8MM RELOADABLE",PP-OR-1487
37400,"STAPLER, TA 90-3.5",PP-OR-1487
37401,"STAPLER, DST SERIES 28 MM W/ 4.8 MM STAPLE",PP-OR-1487
37404,"STAPLER, EEA XL 28MM W/ 4.8MM STAPLE",PP-OR-1487
37481,"PURSTRING, DISP. 65 INST.",PP-OR-1487
37483,"RELOAD, DST SERIES GIA 100MM - 3.8MM LOADING UNIT",PP-OR-1487
37484,"BAG, SPECIMEN RETRIEVAL 10MM",PP-OR-1487
37496,"HANDLE, ENDO GIA 12MM UNIVERSAL",PP-OR-1487
37497,"RELOAD, SIGNIA 2.0 TRI-STAPLE 30 VSCLR MED TAN 12MM",PP-OR-1487
37498,"RELOAD, ENDO GIA MED THICK PURPLE 45MM",PP-OR-1487
37499,"RELOAD, ARTICULATE ENDO GIA TRISTAPLE EXTRA/THICK",PP-OR-1487
37500,"HANDLE, ENDO GIA 12MM UNIVERSAL",PP-OR-1487
37501,"RELOAD, ENDO GIA MED THICK PURPLE 45MM",PP-OR-1487
37502,"RELOAD, ENDO GIA ARTICULATE TRI-STAPLE 60MM MED/THCK",PP-OR-1487
37507,"BAG, SPECIMEN RETRIEVAL 10MM",PP-OR-1487
37508,"SCISSOR, ENDO SHEARS 5MM",PP-OR-1487
37509,"PURSTRING, DISP. 65 INST.",PP-OR-1487
37934,"SCISSOR SURG SHARP/BLUNT STR 5.5IN",PP-OR-1487
39034,"RELOAD, TA 30MM - V3",PP-OR-1487
39035,"APPLIER, ENDO CLIP II MED/LARGE 10 MM 20 TI CLIPS",PP-OR-1487
39036,"TROCAR, ENDO CLOSE",PP-OR-1487
39037,"HANDLE, ENDO GIA 12MM UNIVERSAL",PP-OR-1487
39736,"Scissors: Universal Bandage Scissors with Plastic Probe, Red, 7.5" (19 cm)Univer",PP-OR-1487
40436,"TROCAR, ENDO CLOSE",PP-OR-1487
40440,"STAPLER, TA 60-3.5",PP-OR-1487
40448,"HANDLE, ENDO GIA 12MM UNIVERSAL",PP-OR-1487
40449,"STAPLER, ENDOGIA ULTRA UNIV 12MM XL",PP-OR-1487
42114,"HANDLE, ENDO GIA 12MM UNIVERSAL",PP-OR-1487
42115,"HANDLE, GIA UNIVERSAL SHORT 12MM",PP-OR-1487
42124,"APPLIER, ENDOCLIP 10MM",PP-OR-1487
42125,"RELOAD, GIA 80MM - 3.8MM",PP-OR-1487
42126,"PURSTRING, DISP. 65 INST.",PP-OR-1487
43361,"SCISSOR SURG SHARP/BLUNT STR 5.5IN",PP-OR-1487
44389,"STAPLER, SHELL SIGNIA POWER CONTROL",PP-OR-1487
44390,"STAPLER, TA 90-3.5",PP-OR-1487
44826,"STAPLER, TA 60-3.5",PP-OR-1487
44827,"RELOAD, GIA 80MM - 3.8MM",PP-OR-1487
44834,"HANDLE, GIA UNIVERSAL SHORT 12MM",PP-OR-1487
44835,"RETRACTOR, ENDO PADDLE - 12MM",PP-OR-1487
44836,"APPLIER, ENDO CLIP II MED/LARGE 10 MM 20 TI CLIPS",PP-OR-1487
44837,"TROCAR, ENDO CLOSE",PP-OR-1487
44838,"ENDO STITCH, DISP 10MM",PP-OR-1487
44839,"BAG, SPECIMEN RETRIEVAL 10MM",PP-OR-1487
44840,"POUCH, SPECIMEN ENDOCATCH II 15MM",PP-OR-1487
46104,"RELOAD, ARTICULATE ENDO GIA TRISTAPLE MED/THICK RE",PP-OR-1487
46170,"RELOAD, TA 90-3.5",PP-OR-1487
46172,"RELOAD, SIGNIA TRI-STAPLE 2.0 30 MM CURVED TIP ARTICULATING VASCULAR/MEDIUM",PP-OR-1487
46173,"RELOAD, ENDO GIA ARTICULATE TRI-STAPLE 60MM MED/THCK",PP-OR-1487
46174,"DEVICE, ORVIL EEA DTS SERIES 25MM",PP-OR-1487
46270,"SCISSOR SURG SHARP/BLUNT STR 5.5IN",PP-OR-1487
47326,"STAPLER, TA 60MM - 4.8MM RELOADABLE",PP-OR-1487
47335,"APPLIER, ENDO CLIP III 5MM",PP-OR-1487
47336,"STAPLER, DST SERIES GIA 100MM - 3.8MM RELOADABLE",PP-OR-1487
47337,"STAPLER, TA 60-3.5",PP-OR-1487
47338,"TROCAR, ENDO CLOSE",PP-OR-1487
47351,"RELOAD, ARTICULATING ENDO GIA TRISTAPLE MED TAN 60MM",PP-OR-1487
48910,"STAPLER, SHELL SIGNIA POWER CONTROL",PP-OR-1487
48912,"APPLIER, SURGICLIP III 9.0IN SMALL",PP-OR-1487
48913,"APPLIER, SURGICLIP 11.5IN MED",PP-OR-1487
48914,"STAPLER, TA 90-3.5",PP-OR-1487
48915,"STAPLER, GIA 80MM - 3.8MM",PP-OR-1487
49037,"SUTURE, 0 POLYSORB ENDO STITCH UNDYED ES-9 48",PP-OR-1487
49040,"BAG, SPECIMEN RETRIEVAL 10MM",PP-OR-1487
49041,"SCISSOR, ENDO SHEARS 5MM",PP-OR-1487
49044,"TROCAR, ENDO CLOSE",PP-OR-1487
54356,"RELOAD, ARTICULATE ENDO GIA TRISTAPLE MED/THICK RE",PP-OR-1487
54876,"RELOAD, ARTICULATING ENDO GIA TRISTAPLE MED TAN 60MM",PP-OR-1487
54910,"CLIP, LAPROCLIP LIGATING CARTRIDGE ABSORB 12MM",PP-OR-1487
54911,"HANDLE, GIA UNIVERSAL SHORT 12MM",PP-OR-1487
54912,"RELOAD, ENDO GIA ARTICULATE TRI-STAPLE 60MM EXTRA/THCK",PP-OR-1487
55868,"APPLIER, ENDOCLIP 10MM",PP-OR-1487
55869,"RELOAD, GIA 80MM - 3.8MM",PP-OR-1487
55870,"SCISSOR, ENDO SHEARS 5MM",PP-OR-1487
55871,"TROCAR, ENDO CLOSE",PP-OR-1487
55872,"PURSTRING, DISP. 65 INST.",PP-OR-1487
55874,"HANDLE, ENDO GIA 12MM UNIVERSAL",PP-OR-1487
55875,"RELOAD, SIGNIA TRI-STAPLE 2.0 30 MM CURVED TIP ARTICULATING VASCULAR/MEDIUM",PP-OR-1487
55876,"RELOAD, ENDO GIA 45MM TRISTAPLE ARTICULATING MED TAN",PP-OR-1487
55877,"RELOAD, ENDO GIA ARTICULATE TRI-STAPLE 60MM MED/THCK",PP-OR-1487
57106,"APPLIER, SURGICLIP III 9.0IN SMALL",PP-OR-1487
57107,"APPLIER, SURGICLIP 11.5IN MED",PP-OR-1487
57109,"APPLIER, SURGICLIP MED 9.75",PP-OR-1487
57110,"STAPLER, GIA 80MM - 3.8MM",PP-OR-1487
57111,"STAPLER, EEA XL 28MM W/ 4.8MM STAPLE",PP-OR-1487
57112,"STAPLER, EEA XL 31MM W/ 4.8MM STAPLE",PP-OR-1487
57708,"HANDLE, ENDO GIA 12MM UNIVERSAL",PP-OR-1487
57710,"PURSTRING, DISP. 65 INST.",PP-OR-1487
57712,"RELOAD, ENDO GIA MED THICK PURPLE 45MM",PP-OR-1487
57721,"APPLIER, ENDO CLIP III 5MM",PP-OR-1487
58889,"RELOAD, ARTICULATE ENDO GIA TRISTAPLE MED/THICK RE",PP-OR-1487
58890,"STAPLER, GIA 80MM - 3.8MM",PP-OR-1487
58938,"STAPLER, TA 60MM - 4.8MM RELOADABLE",PP-OR-1487
58939,"SUTURE, 0 POLYSORB ENDO STITCH UNDYED ES-9 48",PP-OR-1487
58941,"RELOAD, SIGNIA TRI-STAPLE 2.0 30 MM CURVED TIP ARTICULATING VASCULAR/MEDIUM",PP-OR-1487
58942,"RELOAD, ENDO GIA 45MM TRISTAPLE ARTICULATING MED TAN",PP-OR-1487
58943,"RELOAD, GIA 80MM - 3.8MM",PP-OR-1487
59944,"STAPLER, GIA 80MM - 3.8MM",PP-OR-1487
59995,"APPLIER, ENDO CLIP II MED/LARGE 10 MM 20 TI CLIPS",PP-OR-1487
59996,"RELOAD, GIA 80MM - 3.8MM",PP-OR-1487
59997,"BAG, SPECIMEN RETRIEVAL 10MM",PP-OR-1487
59998,"POUCH, SPECIMEN ENDOCATCH II 15MM",PP-OR-1487
61697,"TROCAR, ENDO CLOSE",PP-OR-1487
61699,"BAG, SPECIMEN RETRIEVAL 10MM",PP-OR-1487
61716,"HANDLE, ENDO GIA 12MM UNIVERSAL",PP-OR-1487
61720,"APPLIER, ENDO CLIP II MED/LARGE 10 MM 20 TI CLIPS",PP-OR-1487
61721,"BAG, SPECIMEN RETRIEVAL 10MM",PP-OR-1487
62994,"RELOAD, ENDO GIA 45MM TRISTAPLE ARTICULATING MED TAN",PP-OR-1487
62995,"RELOAD, ENDO GIA ARTICULATE TRI-STAPLE 60MM MED/THCK",PP-OR-1487
62996,"RELOAD, ARTICULATE ENDO GIA TRISTAPLE MED/THICK RE",PP-OR-1487
63002,"RELOAD, SIGNIA TRI-STAPLE 2.0 30 MM CURVED TIP ARTICULATING VASCULAR/MEDIUM",PP-OR-1487
64165,"STAPLER, SHELL SIGNIA POWER CONTROL",PP-OR-1487
64229,"STAPLER, TA 30V-3 NON-ABS CLIP",PP-OR-1487
64230,"RELOAD, ENDO GIA ARTICULATE TRI-STAPLE 60MM MED/THCK",PP-OR-1487
65402,"APPLIER, SURGICLIP 11.5IN MED",PP-OR-1487
65465,"HANDLE, ENDO GIA 12MM UNIVERSAL",PP-OR-1487
65467,"TROCAR, ENDO CLOSE",PP-OR-1487
67707,"STAPLER, ENDOGIA ULTRA UNIV 12MM XL",PP-OR-1487
67708,"RELOAD, ENDO GIA ARTICULATE TRI-STAPLE 60MM MED/THCK",PP-OR-1487
67724,"PURSTRING, DISP. 65 INST.",PP-OR-1487
68170,"BAG, SPECIMEN RETRIEVAL 10MM",PP-OR-1487
68171,"RELOAD, GIA 80MM - 3.8MM",PP-OR-1487
68172,"TROCAR, ENDO CLOSE",PP-OR-1487
68173,"SUTURE, 2-0 ENDO STITCH POLYSORB VIOLET 48INCH",PP-OR-1487
68183,"HANDLE, GIA UNIVERSAL SHORT 12MM",PP-OR-1487
68184,"RELOAD, ENDO GIA 45MM TRISTAPLE ARTICULATING MED TAN",PP-OR-1487
68185,"RELOAD, ENDO GIA ARTICULATE TRI-STAPLE 60MM MED/THCK",PP-OR-1487
68199,"APPLIER, SURGICLIP LRG 13.0 TIT",PP-OR-1487
68202,"TROCAR, ENDO CLOSE",PP-OR-1487
68203,"APPLIER, ENDO CLIP III 5MM",PP-OR-1487
68204,"APPLIER, ENDOCLIP 10MM",PP-OR-1487
68205,"ENDO STITCH, DISP 10MM",PP-OR-1487
68230,"HANDLE, ENDO GIA 12MM UNIVERSAL",PP-OR-1487
68231,"STAPLER, ENDOGIA ULTRA UNIV 12MM XL",PP-OR-1487
68232,"RELOAD, ARTICULATING ENDO GIA TRISTAPLE MED TAN 60MM",PP-OR-1487
68233,"APPLIER, ENDO CLIP II MED/LARGE 10 MM 20 TI CLIPS",PP-OR-1487
68234,"PURSTRING, DISP. 65 INST.",PP-OR-1487
69160,"APPLIER, SURGICLIP III 9.0IN SMALL",PP-OR-1487
69161,"APPLIER, SURGICLIP 11.5IN MED",PP-OR-1487
69164,"STAPLER, DST SERIES 28 MM W/ 4.8 MM STAPLE",PP-OR-1487
69165,"STAPLER, DST SERIES 33 MM W/ 4.8 MM STAPLE",PP-OR-1487
69166,"STAPLER, EEA XL 25MM W/ 4.8MM STAPLE",PP-OR-1487
69167,"STAPLER, EEA XL 28MM W/ 4.8MM STAPLE",PP-OR-1487
70642,"APPLIER, SURGICLIP III 9.0IN SMALL",PP-OR-1487
70643,"APPLIER, SURGICLIP 11.5IN MED",PP-OR-1487
70650,"STAPLER, TA 90-3.5",PP-OR-1487
70765,"APPLIER, ENDO CLIP III 5MM",PP-OR-1487
70766,"APPLIER, ENDO CLIP II MED/LARGE 10 MM 20 TI CLIPS",PP-OR-1487
70767,"APPLIER, ENDOCLIP 10MM",PP-OR-1487
70769,"RELOAD, GIA 80MM - 3.8MM",PP-OR-1487
70809,"HANDLE, ENDO GIA 12MM UNIVERSAL",PP-OR-1487
70810,"RELOAD, SIGNIA TRI-STAPLE 2.0 30 MM CURVED TIP ARTICULATING VASCULAR/MEDIUM",PP-OR-1487
70811,"RELOAD, ENDO GIA ROT VASCULAR MED TAN 45MM",PP-OR-1487
70812,"RELOAD, ENDO GIA ARTICULATE TRI-STAPLE 60MM MED/THCK",PP-OR-1487
72174,"STAPLER, SHELL SIGNIA POWER CONTROL",PP-OR-1487
74430,"STAPLER, SHELL SIGNIA POWER CONTROL",PP-OR-1487
74461,"DEVICE, ORVIL EEA DTS SERIES 25MM",PP-OR-1487
74468,"APPLIER, ENDO CLIP III 5MM",PP-OR-1487
74469,"APPLIER, ENDOCLIP 10MM",PP-OR-1487
74473,"RELOAD, ENDO GIA ROT VASCULAR MED TAN 45MM",PP-OR-1487
74474,"RELOAD, ENDO GIA ARTICULATE TRI-STAPLE 60MM EXTRA/THCK",PP-OR-1487
75220,"BAG, SPECIMEN RETRIEVAL 10MM",PP-OR-1487
75221,"STAPLER, DST SERIES GIA 100MM - 3.8MM RELOADABLE",PP-OR-1487
75222,"STAPLER, TA 60-3.5",PP-OR-1487
76535,"TROCAR, ENDO CLOSE",PP-OR-1487
76568,"HANDLE, ENDO GIA 12MM UNIVERSAL",PP-OR-1487
76569,"RELOAD, ENDO GIA 45MM TRISTAPLE ARTICULATING MED TAN",PP-OR-1487
77362,"Scissors: Universal Bandage Scissors with Plastic Probe, Red, 7.5" (19 cm)Univer",PP-OR-1487
77847,"STAPLER, TA 90-3.5",PP-OR-1487
77848,"STAPLER, GIA 80MM - 3.8MM",PP-OR-1487
77904,"RELOAD, ENDO GIA ROT VASCULAR MED TAN 45MM",PP-OR-1487
77905,"RELOAD, ENDO GIA 45MM TRISTAPLE ARTICULATING MED TAN",PP-OR-1487
77906,"RELOAD, ENDO GIA ARTICULATE TRI-STAPLE 60MM MED/THCK",PP-OR-1487
77907,"TROCAR, ENDO CLOSE",PP-OR-1487
77953,"SCISSOR, ENDO SHEARS 5MM",PP-OR-1487
80397,"STAPLER, GIA 80MM - 3.8MM",PP-OR-1487
81536,"STAPLER, GIA 80MM - 3.8MM",PP-OR-1487
81564,"APPLIER, ENDOCLIP 10MM",PP-OR-1487
81565,"RELOAD, GIA 80MM - 3.8MM",PP-OR-1487
81566,"TROCAR, ENDO CLOSE",PP-OR-1487
81567,"PURSTRING, DISP. 65 INST.",PP-OR-1487
82679,"SCISSORS SURGICAL LISTER ANGLED BLUNT/BLUNT SMOOTH STAINLESS STEEL LATEX FREE DI",PP-OR-1487
82910,"BAG, SPECIMEN RETRIEVAL 10MM",PP-OR-1487
82911,"RELOAD, GIA 80MM - 3.8MM",PP-OR-1487
82912,"SCISSOR, ENDO SHEARS 5MM",PP-OR-1487
82913,"CLIP, LAPROCLIP LIGATING CARTRIDGE ABSORB 12MM",PP-OR-1487
82914,"TROCAR, ENDO CLOSE",PP-OR-1487
82918,"APPLIER, ENDO CLIP II MED/LARGE 10 MM 20 TI CLIPS",PP-OR-1487
82919,"SCISSOR, ENDO SHEARS 5MM",PP-OR-1487
82922,"BAG, SPECIMEN RETRIEVAL 10MM",PP-OR-1487
82923,"POUCH, SPECIMEN ENDOCATCH II 15MM",PP-OR-1487
86765,"STAPLER, SHELL SIGNIA POWER CONTROL",PP-OR-1487
86766,"RELOAD, ARTICULATE ENDO GIA TRISTAPLE MED/THICK RE",PP-OR-1487
86815,"HANDLE, ENDO GIA 12MM UNIVERSAL",PP-OR-1487
86817,"HANDLE, ENDO GIA 12MM UNIVERSAL",PP-OR-1487
86818,"RELOAD, ENDO GIA 45MM TRISTAPLE ARTICULATING MED TAN",PP-OR-1487
86819,"RELOAD, ENDO GIA ARTICULATE TRI-STAPLE 60MM MED/THCK",PP-OR-1487
86820,"RELOAD, ENDO GIA ARTICULATE TRI-STAPLE 60MM EXTRA/THCK",PP-OR-1487
86838,"STAPLER, TA 30V-3 NON-ABS CLIP",PP-OR-1487
86839,"RELOAD, DST SERIES GIA 100MM - 3.8MM LOADING UNIT",PP-OR-1487
86840,"TROCAR, ENDO CLOSE",PP-OR-1487
88249,"RELOAD, ARTICULATE ENDO GIA TRISTAPLE MED/THICK RE",PP-OR-1487
88252,"APPLIER, SURGICLIP III 9.0IN SMALL",PP-OR-1487
88343,"HANDLE, ENDO GIA 12MM UNIVERSAL",PP-OR-1487
88344,"RELOAD, SIGNIA TRI-STAPLE 2.0 30 MM CURVED TIP ARTICULATING VASCULAR/MEDIUM",PP-OR-1487
88345,"RELOAD, ENDO GIA 45MM TRISTAPLE ARTICULATING MED TAN",PP-OR-1487
89616,"STAPLER, TA 90-3.5",PP-OR-1487
89698,"RELOAD, ENDO GIA ARTICULATE TRI-STAPLE 60MM MED/THCK",PP-OR-1487
89701,"TROCAR, ENDO CLOSE",PP-OR-1487
89739,"BAG, SPECIMEN RETRIEVAL 10MM",PP-OR-1487
91557,"RELOAD, ENDO GIA ROT TRI-STAPLE 45MM EXTRA/THCK",PP-OR-1487
93553,"APPLIER, ENDO CLIP III 5MM",PP-OR-1487
93555,"APPLIER, ENDO CLIP III 5MM",PP-OR-1487
93556,"BAG, SPECIMEN RETRIEVAL 10MM",PP-OR-1487
93557,"TROCAR, ENDO CLOSE",PP-OR-1487
93558,"PURSTRING, DISP. 65 INST.",PP-OR-1487
93560,"POUCH, SPECIMEN ENDOCATCH II 15MM",PP-OR-1487
93561,"HANDLE, ENDO GIA 12MM UNIVERSAL",PP-OR-1487
93562,"HANDLE, GIA UNIVERSAL SHORT 12MM",PP-OR-1487
94400,"Scissors: Universal Bandage Scissors with Plastic Probe, Red, 7.5" (19 cm)Univer",PP-OR-1487
95032,"TROCAR, ENDO CLOSE",PP-OR-1487
95033,"PURSTRING, DISP. 65 INST.",PP-OR-1487
96243,"DISSECTOR, BALLOON OVAL SPACEMAKER PLUS SBT",PP-OR-1487
96300,"STAPLER, SKIN ROTATING 35 WIDE",PP-OR-1487
96307,"POUCH, SPECIMEN ENDOCATCH II 15MM",PP-OR-1487
97476,"APPLIER, SURGICLIP III 9.0IN SMALL",PP-OR-1487
97477,"STAPLER, TA 90-3.5",PP-OR-1487
97547,"APPLIER, ENDO CLIP II MED/LARGE 10 MM 20 TI CLIPS",PP-OR-1487
97548,"BAG, SPECIMEN RETRIEVAL 10MM",PP-OR-1487
97550,"HANDLE, ENDO GIA 12MM UNIVERSAL",PP-OR-1487
97551,"RELOAD, SIGNIA TRI-STAPLE 2.0 30 MM CURVED TIP ARTICULATING VASCULAR/MEDIUM",PP-OR-1487
97552,"RELOAD, ENDO GIA ROT VASCULAR MED TAN 45MM",PP-OR-1487
97553,"RELOAD, ENDO GIA ARTICULATE TRI-STAPLE 60MM MED/THCK",PP-OR-1487
98712,"STAPLER, DST SERIES 28 MM W/ 4.8 MM STAPLE",PP-OR-1487
99872,"STAPLER, GIA 80MM - 3.8MM",PP-OR-1487
99981,"RELOAD, ENDO GIA ARTICULATE TRI-STAPLE 60MM MED/THCK",PP-OR-1487
99983,"BAG, SPECIMEN RETRIEVAL 10MM",PP-OR-1487
102582,"RELOAD, ARTICULATE ENDO GIA TRISTAPLE MED/THICK RE",PP-OR-1487
103863,"HANDLE, ENDO GIA 12MM UNIVERSAL",PP-OR-1487
103909,"BAG, SPECIMEN RETRIEVAL 10MM",PP-OR-1487
103910,"STAPLER, TA 60-3.5",PP-OR-1487
103911,"RELOAD, DST SERIES GIA 60MM - 3.8MM LOADING UNIT",PP-OR-1487
103912,"RELOAD, GIA 80MM - 3.8MM",PP-OR-1487
103919,"HANDLE, ENDO GIA 12MM UNIVERSAL",PP-OR-1487
103920,"STAPLER, ENDOGIA ULTRA UNIV 12MM XL",PP-OR-1487
103921,"RELOAD, ENDO GIA 45MM TRISTAPLE ARTICULATING MED TAN",PP-OR-1487
104973,"APPLIER, SURGICLIP 11.5IN MED",PP-OR-1487
106139,"STAPLER, DST SERIES 28 MM W/ 4.8 MM STAPLE",PP-OR-1487
106197,"RELOAD, SIGNIA TRI-STAPLE 2.0 30 MM CURVED TIP ARTICULATING VASCULAR/MEDIUM",PP-OR-1487
106198,"RELOAD, ENDO GIA 45MM CURVE TIP ART MED/THCK PURPL",PP-OR-1487
106199,"RELOAD, ENDO GIA ARTICULATE TRI-STAPLE 60MM MED/THCK",PP-OR-1487
106200,"RELOAD, ARTICULATE ENDO GIA TRISTAPLE EXTRA/THICK",PP-OR-1487
106213,"PURSTRING, DISP. 65 INST.",PP-OR-1487
106723,"HANDLE, ENDO GIA 12MM UNIVERSAL",PP-OR-1487
106724,"RELOAD, SIGNIA TRI-STAPLE 2.0 30 MM CURVED TIP ARTICULATING VASCULAR/MEDIUM",PP-OR-1487
106725,"RELOAD, ENDO GIA 45MM TRISTAPLE ARTICULATING MED TAN",PP-OR-1487
106726,"RELOAD, ENDO GIA ARTICULATE TRI-STAPLE 60MM MED/THCK",PP-OR-1487
106727,"BAG, SPECIMEN RETRIEVAL 10MM",PP-OR-1487
106728,"STAPLER, DST SERIES GIA 60MM - 3.8MM RELOADABLE",PP-OR-1487
106745,"ENDO STITCH, DISP 10MM",PP-OR-1487
106746,"DEVICE, ORVIL EEA DTS SERIES 25MM",PP-OR-1487
106747,"POUCH, SPECIMEN ENDOCATCH II 15MM",PP-OR-1487
108335,"RELOAD, ARTICULATE ENDO GIA TRISTAPLE MED/THICK RE",PP-OR-1487
108336,"RELOAD, ARTICULATE ENDO GIA TRISTAPLE MED/THICK RE",PP-OR-1487
108416,"HANDLE, ENDO GIA 12MM UNIVERSAL",PP-OR-1487
108436,"CLIP, LAPROCLIP LIGATING CARTRIDGE ABSORB 12MM",PP-OR-1487
108437,"HANDLE, ENDO GIA 12MM UNIVERSAL",PP-OR-1487
109352,"Scissors: Single-Use Iris Scissors, Straight, Standard, 4.5"Medline Floor Grade",PP-OR-1487
109353,"Scissors: Iris Scissors, Single-Use, Curved, Standard, 4.5''Medline Iris Curved",PP-OR-1487
109377,"Scissors: Single-Use Iris Scissors, Straight, Standard, 4.5"Medline Floor Grade",PP-OR-1487
109378,"Scissors: Iris Scissors, Single-Use, Curved, Standard, 4.5''Medline Iris Curved",PP-OR-1487
109950,"RELOAD, DST SERIES GIA 80MM - 4.8MM LOADING UNIT",PP-OR-1487
109951,"RELOAD, GIA 80MM - 3.8MM",PP-OR-1487
109952,"PURSTRING, DISP. 65 INST.",PP-OR-1487
109989,"HANDLE, ENDO GIA 12MM UNIVERSAL",PP-OR-1487
109990,"RELOAD, ENDO GIA ARTICULATE TRI-STAPLE 60MM MED/THCK",PP-OR-1487
111273,"STAPLER, SHELL SIGNIA POWER CONTROL",PP-OR-1487
112422,"STAPLER, SHELL SIGNIA POWER CONTROL",PP-OR-1487
112424,"APPLIER, SURGICLIP MED 9.75",PP-OR-1487
112470,"SUTURE, 0 POLYSORB ENDO STITCH UNDYED ES-9 48",PP-OR-1487
112728,"APPLIER, SURGICLIP III 9.0IN SMALL",PP-OR-1487
112729,"APPLIER, SURGICLIP 11.5IN MED",PP-OR-1487
112752,"HANDLE, ENDO GIA 12MM UNIVERSAL",PP-OR-1487
112753,"HANDLE, GIA UNIVERSAL SHORT 12MM",PP-OR-1487
112754,"RELOAD, ENDO GIA 45MM TRISTAPLE ARTICULATING MED TAN",PP-OR-1487
112756,"SCISSOR, ENDO SHEARS 5MM",PP-OR-1487
112757,"TROCAR, ENDO CLOSE",PP-OR-1487
112766,"TROCAR, ENDO CLOSE",PP-OR-1487
112767,"APPLIER, ENDO CLIP III 5MM",PP-OR-1487
113176,"RELOAD, ENDO GIA ARTICULATE TRI-STAPLE 60MM MED/THCK",PP-OR-1487
113177,"PURSTRING, DISP. 65 INST.",PP-OR-1487
113179,"BAG, SPECIMEN RETRIEVAL 10MM",PP-OR-1487
114779,"HANDLE, ENDO GIA 12MM UNIVERSAL",PP-OR-1487
116690,"STAPLER, SHELL SIGNIA POWER CONTROL",PP-OR-1487
116846,"APPLIER, ENDO CLIP II MED/LARGE 10 MM 20 TI CLIPS",PP-OR-1487
116847,"APPLIER, ENDO CLIP II MED/LARGE 10 MM 20 TI CLIPS",PP-OR-1487
120672,"RELOAD, ENDO GIA ARTICULATE TRI-STAPLE 60MM MED/THCK",PP-OR-1487
120675,"SUTURE, 0 SURGIDAC ENDO STITCH 48&quot;",PP-OR-1487
120678,"BAG, SPECIMEN RETRIEVAL 10MM",PP-OR-1487
120679,"SCISSOR, ENDO SHEARS 5MM",PP-OR-1487
123541,"HANDLE, ENDO GIA 12MM UNIVERSAL",PP-OR-1487
123542,"RELOAD, ENDO GIA 45MM TRISTAPLE ARTICULATING MED TAN",PP-OR-1487
123547,"RELOAD, GIA 80MM - 3.8MM",PP-OR-1487
123548,"ENDO STITCH, DISP 10MM",PP-OR-1487
124011,"CLIP, LAPROCLIP LIGATING CARTRIDGE ABSORB 12MM",PP-OR-1487
124012,"TROCAR, ENDO CLOSE",PP-OR-1487
124013,"RELOAD, SIGNIA TRI-STAPLE 2.0 30 MM CURVED TIP ARTICULATING VASCULAR/MEDIUM",PP-OR-1487
124014,"RELOAD, ENDO GIA ROT VASCULAR MED TAN 45MM",PP-OR-1487
124020,"SUTURE, 0 SURGIDAC ENDO STITCH 48&quot;",PP-OR-1487
124021,"SUTURE, 2-0 SURGIDAC ENDO STITCH 48IN",PP-OR-1487
124024,"BAG, SPECIMEN RETRIEVAL 10MM",PP-OR-1487
125130,"APPLIER, SURGICLIP III 9.0IN SMALL",PP-OR-1487
125184,"SUTURE, 0 POLYSORB ENDO STITCH UNDYED ES-9 48",PP-OR-1487
125195,"HANDLE, ENDO GIA 12MM UNIVERSAL",PP-OR-1487
125196,"RELOAD, ENDO GIA ARTICULATE TRI-STAPLE 60MM MED/THCK",PP-OR-1487
126304,"APPLIER, SURGICLIP 11.5IN MED",PP-OR-1487
126373,"BAG, SPECIMEN RETRIEVAL 10MM",PP-OR-1487
126405,"APPLIER, ENDO CLIP III 5MM",PP-OR-1487
126406,"ENDO STITCH, DISP 10MM",PP-OR-1487
126407,"BAG, SPECIMEN RETRIEVAL 10MM",PP-OR-1487
126408,"POUCH, SPECIMEN ENDOCATCH II 15MM",PP-OR-1487
127820,"APPLIER, SURGICLIP 11.5IN MED",PP-OR-1487
127826,"STAPLER, GIA 80MM - 3.8MM",PP-OR-1487
127937,"APPLIER, ENDO CLIP II MED/LARGE 10 MM 20 TI CLIPS",PP-OR-1487
127938,"APPLIER, ENDOCLIP 10MM",PP-OR-1487
128414,"Scissors: Iris Scissors, Stainless Steel, Sterile, Straight, 4.5&quot;Iris S",PP-OR-1487
130041,"ADAPTER, SIGNIA POWER LINEAR SHORT",PP-OR-1487
130045,"STAPLER, GIA 80MM - 3.8MM",PP-OR-1487
130651,"RELOAD, ENDO GIA ARTICULATE TRI-STAPLE 60MM MED/THCK",PP-OR-1487
130652,"RELOAD, ARTICULATING ENDO GIA TRISTAPLE MED TAN 60MM",PP-OR-1487
130654,"TROCAR, ENDO CLOSE",PP-OR-1487
130655,"PURSTRING, DISP. 65 INST.",PP-OR-1487
130677,"TROCAR, ENDO CLOSE",PP-OR-1487
130678,"HANDLE, ENDO GIA 12MM UNIVERSAL",PP-OR-1487
130679,"RELOAD, ENDO GIA ARTICULATE TRI-STAPLE 60MM MED/THCK",PP-OR-1487
130680,"RELOAD, ARTICULATING ENDO GIA TRISTAPLE MED TAN 60MM",PP-OR-1487
130681,"APPLIER, ENDO CLIP II MED/LARGE 10 MM 20 TI CLIPS",PP-OR-1487
130688,"HANDLE, ENDO GIA 12MM UNIVERSAL",PP-OR-1487
130689,"STAPLER, ENDOGIA ULTRA UNIV 12MM XL",PP-OR-1487
130690,"RELOAD, ENDO GIA 45MM TRISTAPLE ARTICULATING MED TAN",PP-OR-1487
130691,"RELOAD, ENDO GIA ARTICULATE TRI-STAPLE 60MM MED/THCK",PP-OR-1487
130692,"RELOAD, ARTICULATING ENDO GIA TRISTAPLE MED TAN 60MM",PP-OR-1487
131700,"STAPLER, DST SERIES 28 MM W/ 4.8 MM STAPLE",PP-OR-1487
131701,"STAPLER, GIA 80MM - 3.8MM",PP-OR-1487
131702,"STAPLER, EEA XL 28MM W/ 4.8MM STAPLE",PP-OR-1487
131769,"RELOAD, ENDO GIA ARTICULATE TRI-STAPLE 60MM MED/THCK",PP-OR-1487
131770,"RELOAD, ARTICULATING ENDO GIA TRISTAPLE MED TAN 60MM",PP-OR-1487
132343,"Scissors: Universal Bandage Scissors with Plastic Probe, Red, 7.5" (19 cm)Univer",PP-OR-1487
133075,"APPLIER, SURGICLIP III 9.0IN SMALL",PP-OR-1487
134348,"TROCAR, ENDO CLOSE",PP-OR-1487
134349,"RELOAD, GIA 80MM - 3.8MM",PP-OR-1487
134350,"POUCH, SPECIMEN ENDOCATCH II 15MM",PP-OR-1487
134360,"BAG, SPECIMEN RETRIEVAL 10MM",PP-OR-1487
134387,"STAPLER, TA 30V-3 NON-ABS CLIP",PP-OR-1487
134388,"RELOAD, TA 30MM - V3",PP-OR-1487
134389,"APPLIER, ENDO CLIP III 5MM",PP-OR-1487
134390,"APPLIER, ENDOCLIP 10MM",PP-OR-1487
134391,"TROCAR, ENDO CLOSE",PP-OR-1487
134400,"RELOAD, ENDO GIA ARTICULATE TRI-STAPLE 60MM MED/THCK",PP-OR-1487
134401,"RELOAD, ENDO GIA ARTICULATE TRI-STAPLE 60MM EXTRA/THCK",PP-OR-1487
136691,"APPLIER, SURGICLIP III 9.0IN SMALL",PP-OR-1487
136751,"RELOAD, ENDO GIA 45MM TRISTAPLE ARTICULATING MED TAN",PP-OR-1487
136756,"SCISSOR, ENDO SHEARS 5MM",PP-OR-1487
136757,"PURSTRING, DISP. 65 INST.",PP-OR-1487
137168,"STAPLER, DST SERIES GIA 100MM - 3.8MM RELOADABLE",PP-OR-1487
137170,"HANDLE, ENDO GIA 12MM UNIVERSAL",PP-OR-1487
137171,"RELOAD, ENDO GIA 45MM TRISTAPLE ARTICULATING MED TAN",PP-OR-1487
137644,"PAN DUST LOBBY WITH HANDLE BLACK 12X10X6IN",PP-OR-1487
138269,"HANDLE, ENDO GIA 12MM UNIVERSAL",PP-OR-1487
138270,"STAPLER, ENDOGIA ULTRA UNIV 12MM XL",PP-OR-1487
139393,"APPLIER, SURGICLIP III 9.0IN SMALL",PP-OR-1487
139395,"APPLIER, SURGICLIP 11.5IN MED",PP-OR-1487
139396,"STAPLER, GIA 80MM - 3.8MM",PP-OR-1487
139468,"APPLIER, ENDO CLIP II MED/LARGE 10 MM 20 TI CLIPS",PP-OR-1487
139469,"ENDO STITCH, DISP 10MM",PP-OR-1487
139470,"SUTURE, 0 SURGIDAC ENDO STITCH 48&quot;",PP-OR-1487
139471,"POUCH, SPECIMEN ENDOCATCH II 15MM",PP-OR-1487
139477,"HANDLE, ENDO GIA 12MM UNIVERSAL",PP-OR-1487
139478,"RELOAD, ENDO GIA MED THICK PURPLE 45MM",PP-OR-1487
139479,"RELOAD, ARTICULATE ENDO GIA TRISTAPLE MED/THICK RE",PP-OR-1487
139480,"RELOAD, ARTICULATE ENDO GIA TRISTAPLE EXTRA/THICK",PP-OR-1487
139481,"STAPLER, TA 60-3.5",PP-OR-1487
140620,"STAPLER, SHELL SIGNIA POWER CONTROL",PP-OR-1487
140684,"APPLIER, ENDO CLIP II MED/LARGE 10 MM 20 TI CLIPS",PP-OR-1487
140699,"HANDLE, ENDO GIA 12MM UNIVERSAL",PP-OR-1487
140700,"RELOAD, ENDO GIA MED THICK PURPLE 45MM",PP-OR-1487
140701,"RELOAD, ENDO GIA ARTICULATE TRI-STAPLE 60MM MED/THCK",PP-OR-1487
140702,"RELOAD, ENDO GIA ARTICULATE TRI-STAPLE 60MM EXTRA/THCK",PP-OR-1487
140714,"RELOAD, DST SERIES GIA 100MM - 3.8MM LOADING UNIT",PP-OR-1487
140715,"STAPLER, TA 60MM - 4.8MM RELOADABLE",PP-OR-1487
140716,"RELOAD, GIA 80MM - 3.8MM",PP-OR-1487
140717,"TROCAR, ENDO CLOSE",PP-OR-1487
142156,"STAPLER, SHELL SIGNIA POWER CONTROL",PP-OR-1487
142158,"ADAPTER, SIGNIA POWER LINEAR SHORT",PP-OR-1487
142159,"STAPLER, EEA XL 31MM W/ 4.8MM STAPLE",PP-OR-1487
142161,"STAPLER, DST SERIES 28 MM W/ 4.8 MM STAPLE",PP-OR-1487
143347,"STAPLER, GIA 80MM - 3.8MM",PP-OR-1487
143770,"BAG, SPECIMEN RETRIEVAL 10MM",PP-OR-1487
143771,"STAPLER, TA 60-3.5",PP-OR-1487
143772,"RELOAD, TA 90-3.5",PP-OR-1487
143773,"HANDLE, ENDO GIA 12MM UNIVERSAL",PP-OR-1487
143774,"RELOAD, SIGNIA 2.0 TRI-STAPLE 30 VSCLR MED TAN 12MM",PP-OR-1487
143775,"RELOAD, SIGNIA 2.0 TRI-STAPLE 30 MED THK PURPLE 12MM",PP-OR-1487
143776,"RELOAD, ENDO GIA 45MM TRISTAPLE ARTICULATING MED TAN",PP-OR-1487
143777,"RELOAD, ARTICULATING ENDO GIA TRISTAPLE MED TAN 60MM",PP-OR-1487
143781,"SUTURE, 0 SURGIDAC ENDO STITCH 48&quot;",PP-OR-1487
143789,"RELOAD, GIA 80MM - 3.8MM",PP-OR-1487
143790,"POUCH, SPECIMEN ENDOCATCH II 15MM",PP-OR-1487
143791,"BAG, SPECIMEN RETRIEVAL 10MM",PP-OR-1487
145111,"RELOAD, ARTICULATE ENDO GIA TRISTAPLE MED/THICK RE",PP-OR-1487
145113,"STAPLER, TA 90-3.5",PP-OR-1487
145226,"TROCAR, ENDO CLOSE",PP-OR-1487
145236,"RELOAD, ENDO GIA ARTICULATE TRI-STAPLE 60MM MED/THCK",PP-OR-1487
147847,"RELOAD, GIA 80MM - 3.8MM",PP-OR-1487
147848,"SCISSOR, ENDO SHEARS 5MM",PP-OR-1487
147850,"TROCAR, ENDO CLOSE",PP-OR-1487
147851,"HANDLE, ENDO GIA 12MM UNIVERSAL",PP-OR-1487
147852,"RELOAD, ENDO GIA 45MM TRISTAPLE ARTICULATING MED TAN",PP-OR-1487
147853,"RELOAD, ARTICULATING ENDO GIA TRISTAPLE MED TAN 60MM",PP-OR-1487
147854,"APPLIER, SURGICLIP LRG 13.0 TIT",PP-OR-1487
149337,"APPLIER, SURGICLIP MED 9.75",PP-OR-1487
149342,"STAPLER, TA 90-3.5",PP-OR-1487
151082,"APPLIER, SURGICLIP III 9.0IN SMALL",PP-OR-1487
151248,"HANDLE, ENDO GIA 12MM UNIVERSAL",PP-OR-1487
151249,"STAPLER, TA 60-3.5",PP-OR-1487
151255,"TROCAR, ENDO CLOSE",PP-OR-1487
154738,"STAPLER, DST SERIES 28 MM W/ 4.8 MM STAPLE",PP-OR-1487
154840,"HANDLE, ENDO GIA 12MM UNIVERSAL",PP-OR-1487
154874,"APPLIER, ENDO CLIP II MED/LARGE 10 MM 20 TI CLIPS",PP-OR-1487
154876,"POUCH, SPECIMEN ENDOCATCH II 15MM",PP-OR-1487
154887,"APPLIER, ENDO CLIP II MED/LARGE 10 MM 20 TI CLIPS",PP-OR-1487
154888,"TROCAR, ENDO CLOSE",PP-OR-1487
154889,"PURSTRING, DISP. 65 INST.",PP-OR-1487
154890,"HANDLE, ENDO GIA 12MM UNIVERSAL",PP-OR-1487
154891,"RELOAD, ENDO GIA MED THICK PURPLE 45MM",PP-OR-1487
156028,"RELOAD, ARTICULATE ENDO GIA TRISTAPLE MED/THICK RE",PP-OR-1487
156036,"APPLIER, SURGICLIP 11.5IN MED",PP-OR-1487
156037,"STAPLER, GIA 80MM - 3.8MM",PP-OR-1487
156128,"APPLIER, ENDOCLIP 10MM",PP-OR-1487
156129,"APPLIER, ENDOCLIP 10MM",PP-OR-1487
156131,"PURSTRING, DISP. 65 INST.",PP-OR-1487
157379,"RELOAD, ARTICULATE ENDO GIA TRISTAPLE MED/THICK RE",PP-OR-1487
157388,"RELOAD, ARTICULATE ENDO GIA TRISTAPLE MED/THICK RE",PP-OR-1487
157395,"APPLIER, SURGICLIP 11.5IN MED",PP-OR-1487
157396,"APPLIER, SURGICLIP MED 9.75",PP-OR-1487
159063,"APPLIER, SURGICLIP III 9.0IN SMALL",PP-OR-1487
160645,"RELOAD, GIA 80MM - 3.8MM",PP-OR-1487
160646,"HANDLE, ENDO GIA 12MM UNIVERSAL",PP-OR-1487
160647,"RELOAD, ENDO GIA 45MM TRISTAPLE ARTICULATING MED TAN",PP-OR-1487
160648,"RELOAD, ENDO GIA ARTICULATE TRI-STAPLE 60MM MED/THCK",PP-OR-1487
160658,"HANDLE, ENDO GIA 12MM UNIVERSAL",PP-OR-1487
160659,"RELOAD, ARTICULATING ENDO GIA TRISTAPLE MED TAN 60MM",PP-OR-1487
160661,"ENDO STITCH, DISP 10MM",PP-OR-1487
160911,"CLIP MEDICAL LIGATING CARTRIDGE ABSORB LATEX FREE LAPRO-CLIP 12MM",PP-OR-1487
161795,"BAG, SPECIMEN RETRIEVAL 10MM",PP-OR-1487
161796,"TROCAR, ENDO CLOSE",PP-OR-1487
161812,"HANDLE, ENDO GIA 12MM UNIVERSAL",PP-OR-1487
163287,"STAPLER, GIA 80MM - 3.8MM",PP-OR-1487
164743,"STAPLER, SHELL SIGNIA POWER CONTROL",PP-OR-1487
164744,"STAPLER, GIA 80MM - 3.8MM",PP-OR-1487
164745,"STAPLER, GIA 80MM - 3.8MM",PP-OR-1487
164746,"APPLIER, SURGICLIP III 9.0IN SMALL",PP-OR-1487
164845,"HANDLE, ENDO GIA 12MM UNIVERSAL",PP-OR-1487
164846,"RELOAD, ENDO GIA 45MM TRISTAPLE ARTICULATING MED TAN",PP-OR-1487
164848,"TROCAR, ENDO CLOSE",PP-OR-1487
166545,"APPLIER CLIP PISTOL GRIP TITANIUM LATEX FREE DISPOSABLE ENDO CLIP LARGE 10MM",PP-OR-1487
167406,"STAPLER, TA 90-3.5",PP-OR-1487
167407,"STAPLER, DST SERIES 28 MM W/ 4.8 MM STAPLE",PP-OR-1487
167447,"RELOAD, DST SERIES GIA 60MM - 3.8MM LOADING UNIT",PP-OR-1487
167908,"RELOAD, ENDO GIA ARTICULATE TRI-STAPLE 60MM EXTRA/THCK",PP-OR-1487
167909,"RELOAD, ENDO GIA 45MM TRISTAPLE ARTICULATING MED TAN",PP-OR-1487
167910,"RELOAD, ARTICULATING ENDO GIA TRISTAPLE MED TAN 60MM",PP-OR-1487
167911,"RELOAD, ENDO GIA 45MM CURVE TIP ART MED/THCK PURPL",PP-OR-1487
168042,"SCISSOR SURG LISTER BNDG SS STER 5.5IN",PP-OR-1487
169199,"STAPLER, SHELL SIGNIA POWER CONTROL",PP-OR-1487
169200,"STAPLER, SHELL SIGNIA POWER CONTROL",PP-OR-1487
169201,"STAPLER, SHELL SIGNIA POWER CONTROL",PP-OR-1487
169202,"STAPLER, GIA 80MM - 3.8MM",PP-OR-1487
169203,"STAPLER, GIA 80MM - 3.8MM",PP-OR-1487
169204,"APPLIER, SURGICLIP III 9.0IN SMALL",PP-OR-1487
169206,"STAPLER, EEA XL 28MM W/ 4.8MM STAPLE",PP-OR-1487
169208,"STAPLER, EEA XL 25MM W/ 4.8MM STAPLE",PP-OR-1487
169356,"RELOAD, ENDO GIA 45MM CURVE TIP ART MED/THCK PURPL",PP-OR-1487
169360,"TROCAR, ENDO CLOSE",PP-OR-1487
169375,"RELOAD, ENDO GIA ARTICULATE TRI-STAPLE 60MM EXTRA/THCK",PP-OR-1487
170354,"RELOAD, ARTICULATE ENDO GIA TRISTAPLE MED/THICK RE",PP-OR-1487
170441,"RELOAD, ARTICULATE ENDO GIA TRISTAPLE MED/THICK RE",PP-OR-1487
170459,"SUTURE, 0 SURGIDAC ENDO STITCH 48&quot;",PP-OR-1487
170460,"POUCH, SPECIMEN ENDOCATCH II 15MM",PP-OR-1487
170485,"HANDLE, ENDO GIA 12MM UNIVERSAL",PP-OR-1487
170486,"RELOAD, ENDO GIA 45MM TRISTAPLE ARTICULATING MED TAN",PP-OR-1487
170487,"RELOAD, ARTICULATE ENDO GIA TRISTAPLE MED/THICK RE",PP-OR-1487
170512,"POUCH, SPECIMEN ENDOCATCH II 15MM",PP-OR-1487
171591,"RELOAD, ARTICULATE ENDO GIA TRISTAPLE MED/THICK RE",PP-OR-1487
171719,"SCISSOR, ENDO SHEARS 5MM",PP-OR-1487
174553,"HANDLE, ENDO GIA 12MM UNIVERSAL",PP-OR-1487
174554,"RELOAD, ENDO GIA MED THICK PURPLE 45MM",PP-OR-1487
174555,"RELOAD, ENDO GIA ARTICULATE TRI-STAPLE 60MM MED/THCK",PP-OR-1487
174556,"RELOAD, ENDO GIA ARTICULATE TRI-STAPLE 60MM EXTRA/THCK",PP-OR-1487
174557,"APPLIER, ENDOCLIP 10MM",PP-OR-1487
174559,"RELOAD, GIA 80MM - 3.8MM",PP-OR-1487
174560,"ENDO STITCH, DISP 10MM",PP-OR-1487
175496,"STAPLER, SHELL SIGNIA POWER CONTROL",PP-OR-1487
175502,"STAPLER, DST SERIES 28 MM W/ 4.8 MM STAPLE",PP-OR-1487
177071,"RELOAD, ENDO GIA ROT VASCULAR MED TAN 45MM",PP-OR-1487
178596,"RELOAD, ENDO GIA ROT VASCULAR MED TAN 45MM",PP-OR-1487
178597,"PURSTRING, DISP. 65 INST.",PP-OR-1487
178713,"SCISSORS,IRIS,CURVED,STD,4.5",STERIL",PP-OR-1487
179191,"APPLIER, SURGICLIP III 9.0IN SMALL",PP-OR-1487
179222,"RELOAD, SIGNIA TRI-STAPLE 2.0 30 MM CURVED TIP ARTICULATING VASCULAR/MEDIUM",PP-OR-1487
179223,"RELOAD, ENDO GIA ARTICULATE TRI-STAPLE 60MM MED/THCK",PP-OR-1487
179243,"RETRACTOR, ENDO PADDLE - 12MM",PP-OR-1487
179244,"RELOAD, DST SERIES GIA 100MM - 3.8MM LOADING UNIT",PP-OR-1487
179245,"TROCAR, ENDO CLOSE",PP-OR-1487
180230,"RELOAD, ENDO GIA 45MM TRISTAPLE ARTICULATING MED TAN",PP-OR-1487
180231,"RELOAD, SIGNIA TRI-STAPLE 2.0 30 MM CURVED TIP ARTICULATING VASCULAR/MEDIUM",PP-OR-1487
180232,"RELOAD, ENDO GIA ARTICULATE TRI-STAPLE 60MM MED/THCK",PP-OR-1487
180237,"APPLIER, ENDO CLIP II MED/LARGE 10 MM 20 TI CLIPS",PP-OR-1487
180238,"STAPLER, DST SERIES GIA 100MM - 3.8MM RELOADABLE",PP-OR-1487
180239,"STAPLER, TA 60-3.5",PP-OR-1487
180240,"TROCAR, ENDO CLOSE",PP-OR-1487
180241,"PURSTRING, DISP. 65 INST.",PP-OR-1487
180242,"TROCAR, ENDO CLOSE",PP-OR-1487
181259,"SCISSOR,METZENBAUM,STRAIGHT,9,ST,DISP",PP-OR-1487
181994,"STAPLER, EEA XL 31MM W/ 4.8MM STAPLE",PP-OR-1487
185212,"HANDLE, GIA UNIVERSAL SHORT 12MM",PP-OR-1487
185215,"CLIP, LAPROCLIP LIGATING CARTRIDGE ABSORB 12MM",PP-OR-1487
185216,"HANDLE, ENDO GIA 12MM UNIVERSAL",PP-OR-1487
185217,"STAPLER, ENDOGIA ULTRA UNIV 12MM XL",PP-OR-1487
185218,"RELOAD, ENDO GIA 45MM TRISTAPLE ARTICULATING MED TAN",PP-OR-1487
185219,"RELOAD, ENDO GIA MED THICK PURPLE 45MM",PP-OR-1487
185220,"RELOAD, ARTICULATING ENDO GIA TRISTAPLE MED TAN 60MM",PP-OR-1487
185221,"RELOAD, ARTICULATE ENDO GIA TRISTAPLE EXTRA/THICK",PP-OR-1487
185225,"SUTURE, 2-0 SURGIDAC ENDO STITCH 48IN",PP-OR-1487
185226,"SUTURE, 2-0 ENDO STITCH POLYSORB VIOLET 48INCH",PP-OR-1487
185245,"TROCAR, ENDO CLOSE",PP-OR-1487
185246,"ENDO STITCH, DISP 10MM",PP-OR-1487
185247,"HANDLE, ENDO GIA 12MM UNIVERSAL",PP-OR-1487
185248,"HANDLE, GIA UNIVERSAL SHORT 12MM",PP-OR-1487
186453,"STAPLER, SHELL SIGNIA POWER CONTROL",PP-OR-1487
186455,"APPLIER, SURGICLIP 11.5IN MED",PP-OR-1487
186460,"RELOAD, ARTICULATE ENDO GIA TRISTAPLE MED/THICK RE",PP-OR-1487
186561,"PURSTRING, DISP. 65 INST.",PP-OR-1487
186562,"APPLIER, ENDO CLIP III 5MM",PP-OR-1487
186563,"SUTURE, 0 POLYSORB ENDO STITCH UNDYED ES-9 48",PP-OR-1487
186564,"RELOAD, SIGNIA TRI-STAPLE 2.0 30 MM CURVED TIP ARTICULATING VASCULAR/MEDIUM",PP-OR-1487
186588,"HANDLE, ENDO GIA 12MM UNIVERSAL",PP-OR-1487
186589,"RELOAD, ENDO GIA ROT VASCULAR MED TAN 45MM",PP-OR-1487
186590,"RELOAD, ENDO GIA MED THICK PURPLE 45MM",PP-OR-1487
186591,"RELOAD, ENDO GIA ARTICULATE TRI-STAPLE 60MM MED/THCK",PP-OR-1487
186592,"RELOAD, ENDO GIA ARTICULATE TRI-STAPLE 60MM EXTRA/THCK",PP-OR-1487
186610,"RELOAD, GIA 80MM - 3.8MM",PP-OR-1487
186611,"TROCAR, ENDO CLOSE",PP-OR-1487
186627,"HANDLE, GIA UNIVERSAL SHORT 12MM",PP-OR-1487
186628,"HANDLE, GIA UNIVERSAL SHORT 12MM",PP-OR-1487
186631,"BAG, SPECIMEN RETRIEVAL 10MM",PP-OR-1487
186652,"HANDLE, ENDO GIA 12MM UNIVERSAL",PP-OR-1487
186653,"STAPLER, ENDOGIA ULTRA UNIV 12MM XL",PP-OR-1487
186654,"RELOAD, ENDO GIA MED THICK PURPLE 45MM",PP-OR-1487
186655,"RELOAD, ARTICULATING ENDO GIA TRISTAPLE MED TAN 60MM",PP-OR-1487
188289,"BAG, SPECIMEN RETRIEVAL 10MM",PP-OR-1487
188295,"HANDLE, GIA UNIVERSAL SHORT 12MM",PP-OR-1487
188296,"RELOAD, SIGNIA TRI-STAPLE 2.0 30 MM CURVED TIP ARTICULATING VASCULAR/MEDIUM",PP-OR-1487
188299,"BAG, SPECIMEN RETRIEVAL 10MM",PP-OR-1487
188303,"PURSTRING, DISP. 65 INST.",PP-OR-1487
188304,"HANDLE, GIA UNIVERSAL SHORT 12MM",PP-OR-1487
188305,"PURSTRING, DISP. 65 INST.",PP-OR-1487
188335,"SUTURE, 2-0 ENDO STITCH POLYSORB VIOLET 48INCH",PP-OR-1487
188341,"RELOAD, GIA 80MM - 3.8MM",PP-OR-1487
188342,"CLIP, LAPROCLIP LIGATING CARTRIDGE ABSORB 12MM",PP-OR-1487
188343,"ENDO STITCH, DISP 10MM",PP-OR-1487
189766,"SUTURE, 0 POLYSORB ENDO STITCH UNDYED ES-9 48",PP-OR-1487
190223,"HANDLE, ENDO GIA 12MM UNIVERSAL",PP-OR-1487
190224,"RELOAD, ENDO GIA 45MM TRISTAPLE ARTICULATING MED TAN",PP-OR-1487
190233,"PURSTRING, DISP. 65 INST.",PP-OR-1487
190234,"PURSTRING, DISP. 65 INST.",PP-OR-1487
191787,"SHEARS ENDOSCOPIC WITH MONOPOLAR CAUTERY LATEX FREE DISPOSABLE ENDO SHEARS 5MMX31CM",PP-OR-1487
192904,"STAPLER, EEA XL 31MM W/ 4.8MM STAPLE",PP-OR-1487
194267,"STAPLER, TA 30V-3 NON-ABS CLIP",PP-OR-1487
194268,"APPLIER, ENDO CLIP II MED/LARGE 10 MM 20 TI CLIPS",PP-OR-1487
194269,"APPLIER, ENDOCLIP 10MM",PP-OR-1487
194270,"STAPLER, TA 60-3.5",PP-OR-1487
194272,"STAPLER, DST SERIES GIA 60MM - 3.8MM RELOADABLE",PP-OR-1487
194273,"RELOAD, GIA 80MM - 3.8MM",PP-OR-1487
194274,"TROCAR, ENDO CLOSE",PP-OR-1487
194275,"HANDLE, ENDO GIA 12MM UNIVERSAL",PP-OR-1487
194276,"RELOAD, ENDO GIA ARTICULATE TRI-STAPLE 60MM EXTRA/THCK",PP-OR-1487
195244,"STAPLER, GIA 80MM - 3.8MM",PP-OR-1487
196274,"APPLIER, SURGICLIP 11.5IN MED",PP-OR-1487
196797,"RELOAD, TA 30MM - V3",PP-OR-1487
196798,"SUTURE, 0 SURGIDAC ENDO STITCH 48&quot;",PP-OR-1487
196807,"HANDLE, ENDO GIA 12MM UNIVERSAL",PP-OR-1487
196808,"RELOAD, ENDO GIA 45MM TRISTAPLE ARTICULATING MED TAN",PP-OR-1487
196809,"RELOAD, ENDO GIA ARTICULATE TRI-STAPLE 60MM MED/THCK",PP-OR-1487
196810,"RELOAD, ARTICULATING ENDO GIA TRISTAPLE MED TAN 60MM",PP-OR-1487
196919,"SYSTEM VISUALIZATION ENDO CLEARIFY 8X6IN",PP-OR-1487
196921,"SYSTEM VISUALIZATION ENDO CLEARIFY 8X6IN",PP-OR-1487
197769,"SUTURE, 0 POLYSORB ENDO STITCH UNDYED ES-9 48",PP-OR-1487
197777,"CLIP, LAPROCLIP LIGATING CARTRIDGE ABSORB 12MM",PP-OR-1487
197778,"TROCAR, ENDO CLOSE",PP-OR-1487
198187,"SYSTEM VISUALIZATION ENDO CLEARIFY 8X6IN",PP-OR-1487
199177,"APPLIER, SURGICLIP III 9.0IN SMALL",PP-OR-1487
199178,"APPLIER, SURGICLIP III 9.0IN SMALL",PP-OR-1487
199277,"SCISSOR, ENDO SHEARS 5MM",PP-OR-1487
199278,"RELOAD, ENDO GIA 45MM TRISTAPLE ARTICULATING MED TAN",PP-OR-1487
199280,"HANDLE, ENDO GIA 12MM UNIVERSAL",PP-OR-1487
199281,"RELOAD, ARTICULATING ENDO GIA TRISTAPLE MED TAN 60MM",PP-OR-1487
199290,"TROCAR, ENDO CLOSE",PP-OR-1487
199291,"APPLIER, ENDO CLIP III 5MM",PP-OR-1487
199292,"ENDO STITCH, DISP 10MM",PP-OR-1487
199293,"STAPLER, DST SERIES GIA 60MM - 3.8MM RELOADABLE",PP-OR-1487
199295,"POUCH, SPECIMEN ENDOCATCH II 15MM",PP-OR-1487
199297,"PURSTRING, DISP. 65 INST.",PP-OR-1487
200621,"TROCAR, ENDO CLOSE",PP-OR-1487
200683,"HANDLE, ENDO GIA 12MM UNIVERSAL",PP-OR-1487
200684,"RELOAD, ENDO GIA 45MM TRISTAPLE ARTICULATING MED TAN",PP-OR-1487
200685,"RELOAD, ENDO GIA ARTICULATE TRI-STAPLE 60MM MED/THCK",PP-OR-1487
202998,"STAPLER, SHELL SIGNIA POWER CONTROL",PP-OR-1487
203000,"STAPLER, SHELL SIGNIA POWER CONTROL",PP-OR-1487
203122,"HANDLE, ENDO GIA 12MM UNIVERSAL",PP-OR-1487
203123,"RELOAD, ENDO GIA MED THICK PURPLE 45MM",PP-OR-1487
203593,"TROCAR, ENDO CLOSE",PP-OR-1487
203594,"HANDLE, ENDO GIA 12MM UNIVERSAL",PP-OR-1487
203595,"RELOAD, SIGNIA TRI-STAPLE 2.0 30 MM CURVED TIP ARTICULATING VASCULAR/MEDIUM",PP-OR-1487
203596,"RELOAD, ENDO GIA 45MM CURVE TIP ART MED/THCK PURPL",PP-OR-1487
203597,"RELOAD, ENDO GIA ROT VASCULAR MED TAN 45MM",PP-OR-1487
203598,"RELOAD, ENDO GIA ARTICULATE TRI-STAPLE 60MM EXTRA/THCK",PP-OR-1487
204971,"RELOAD, ARTICULATING ENDO GIA TRISTAPLE MED TAN 60MM",PP-OR-1487
205004,"TROCAR, ENDO CLOSE",PP-OR-1487
206462,"APPLIER, ENDO CLIP III 5MM",PP-OR-1487
206770,"SYSTEM VISUALIZATION ENDO CLEARIFY 8X6IN",PP-OR-1487
206892,"SCISSOR,METZENBAUM,STRAIGHT,9,ST,DISP",PP-OR-1487
207736,"APPLIER, ENDO CLIP III 5MM",PP-OR-1487
207737,"APPLIER, ENDO CLIP II MED/LARGE 10 MM 20 TI CLIPS",PP-OR-1487
207738,"RELOAD, DST SERIES GIA 60MM - 3.8MM LOADING UNIT",PP-OR-1487
207739,"RELOAD, GIA 80MM - 3.8MM",PP-OR-1487
207740,"SCISSOR, ENDO SHEARS 5MM",PP-OR-1487
207741,"TROCAR, ENDO CLOSE",PP-OR-1487
208887,"APPLIER, SURGICLIP 11.5IN MED",PP-OR-1487
208989,"SUTURE, 0 POLYSORB ENDO STITCH UNDYED ES-9 48",PP-OR-1487
210156,"HANDLE, ENDO GIA 12MM UNIVERSAL",PP-OR-1487
210157,"RELOAD, SIGNIA TRI-STAPLE 2.0 30 MM CURVED TIP ARTICULATING VASCULAR/MEDIUM",PP-OR-1487
210158,"RELOAD, ENDO GIA 45MM CURVE TIP ART MED/THCK PURPL",PP-OR-1487
210159,"RELOAD, ENDO GIA ROT VASCULAR MED TAN 45MM",PP-OR-1487
210160,"RELOAD, ENDO GIA ARTICULATE TRI-STAPLE 60MM MED/THCK",PP-OR-1487
210161,"RELOAD, ENDO GIA 45MM TRISTAPLE ARTICULATING MED TAN",PP-OR-1487
210162,"RELOAD, ARTICULATING ENDO GIA TRISTAPLE MED TAN 60MM",PP-OR-1487
210585,"RELOAD, ENDO GIA ARTICULATE TRI-STAPLE 60MM MED/THCK",PP-OR-1487
211645,"RELOAD, GIA 80MM - 3.8MM",PP-OR-1487
211685,"STAPLER, ENDOGIA ULTRA UNIV 12MM XL",PP-OR-1487
213408,"RELOAD, ARTICULATE ENDO GIA TRISTAPLE MED/THICK RE",PP-OR-1487
213410,"APPLIER, SURGICLIP MED 9.75",PP-OR-1487
213411,"APPLIER, SURGICLIP MED 9.75",PP-OR-1487
213412,"APPLIER, SURGICLIP 11.5IN MED",PP-OR-1487
213552,"RELOAD, ENDO GIA 45MM TRISTAPLE ARTICULATING MED TAN",PP-OR-1487
213553,"RELOAD, ENDO GIA ARTICULATE TRI-STAPLE 60MM EXTRA/THCK",PP-OR-1487
213571,"PURSTRING, DISP. 65 INST.",PP-OR-1487
213573,"APPLIER, ENDOCLIP 10MM",PP-OR-1487
213574,"RELOAD, DST SERIES GIA 100MM - 3.8MM LOADING UNIT",PP-OR-1487
213575,"SCISSOR, ENDO SHEARS 5MM",PP-OR-1487
213576,"CLIP, LAPROCLIP LIGATING CARTRIDGE ABSORB 12MM",PP-OR-1487
215261,"APPLIER, SURGICLIP III 9.0IN SMALL",PP-OR-1487
215262,"STAPLER, GIA 80MM - 3.8MM",PP-OR-1487
215264,"STAPLER, DST SERIES 28 MM W/ 4.8 MM STAPLE",PP-OR-1487
215265,"STAPLER, DST SERIES 28 MM W/ 4.8 MM STAPLE",PP-OR-1487
218766,"TROCAR, ENDO CLOSE",PP-OR-1487
218770,"HANDLE, ENDO GIA 12MM UNIVERSAL",PP-OR-1487
218771,"RELOAD, ENDO GIA ARTICULATE TRI-STAPLE 60MM MED/THCK",PP-OR-1487
219900,"APPLIER, ENDOCLIP 10MM",PP-OR-1487
219901,"HANDLE, ENDO GIA 12MM UNIVERSAL",PP-OR-1487
220944,"APPLIER, SURGICLIP MED 9.75",PP-OR-1487
220945,"APPLIER, SURGICLIP 11.5IN MED",PP-OR-1487
221050,"ENDO STITCH, DISP 10MM",PP-OR-1487
221075,"RELOAD, ENDO GIA MED THICK PURPLE 45MM",PP-OR-1487
221076,"RELOAD, ENDO GIA ARTICULATE TRI-STAPLE 60MM MED/THCK",PP-OR-1487
221094,"SUTURE, 0 SURGIDAC ENDO STITCH 48&quot;",PP-OR-1487
221095,"SUTURE, 2-0 SURGIDAC ENDO STITCH 48IN",PP-OR-1487
221096,"SUTURE, 2-0 ENDO STITCH POLYSORB VIOLET 48INCH",PP-OR-1487
221112,"TROCAR, ENDO CLOSE",PP-OR-1487
221113,"ENDO STITCH, DISP 10MM",PP-OR-1487
221116,"POUCH, SPECIMEN ENDOCATCH II 15MM",PP-OR-1487
222632,"RELOAD, ARTICULATE ENDO GIA TRISTAPLE MED/THICK RE",PP-OR-1487
222634,"STAPLER, SHELL SIGNIA POWER CONTROL",PP-OR-1487
224032,"STAPLER, TA 30V-3 NON-ABS CLIP",PP-OR-1487
224033,"APPLIER, ENDO CLIP II MED/LARGE 10 MM 20 TI CLIPS",PP-OR-1487
224035,"TROCAR, ENDO CLOSE",PP-OR-1487
224036,"HANDLE, ENDO GIA 12MM UNIVERSAL",PP-OR-1487
224037,"STAPLER, ENDOGIA ULTRA UNIV 12MM XL",PP-OR-1487
224038,"RELOAD, SIGNIA TRI-STAPLE 2.0 30 MM CURVED TIP ARTICULATING VASCULAR/MEDIUM",PP-OR-1487
224039,"RELOAD, ENDO GIA 45MM TRISTAPLE ARTICULATING MED TAN",PP-OR-1487
224040,"RELOAD, ENDO GIA ARTICULATE TRI-STAPLE 60MM MED/THCK",PP-OR-1487
224088,"APPLIER, ENDO CLIP III 5MM",PP-OR-1487
224089,"APPLIER, ENDO CLIP II MED/LARGE 10 MM 20 TI CLIPS",PP-OR-1487
224091,"RELOAD, GIA 80MM - 3.8MM",PP-OR-1487
225251,"STAPLER, GIA 80MM - 3.8MM",PP-OR-1487
225257,"HANDLE, GIA UNIVERSAL SHORT 12MM",PP-OR-1487
226491,"TROCAR, ENDO CLOSE",PP-OR-1487
226492,"RELOAD, ENDO GIA 45MM TRISTAPLE ARTICULATING MED TAN",PP-OR-1487
226493,"RELOAD, ENDO GIA ARTICULATE TRI-STAPLE 60MM MED/THCK",PP-OR-1487
226494,"RELOAD, ENDO GIA ARTICULATE TRI-STAPLE 60MM EXTRA/THCK",PP-OR-1487
227419,"STAPLER, GIA 80MM - 3.8MM",PP-OR-1487
227508,"STAPLER, GIA 80MM - 3.8MM",PP-OR-1487
227509,"STAPLER, GIA 80MM - 3.8MM",PP-OR-1487
227527,"RELOAD, SIGNIA TRI-STAPLE 2.0 30 MM CURVED TIP ARTICULATING VASCULAR/MEDIUM",PP-OR-1487
227528,"RELOAD, ENDO GIA 45MM TRISTAPLE ARTICULATING MED TAN",PP-OR-1487
227529,"RELOAD, ENDO GIA ARTICULATE TRI-STAPLE 60MM MED/THCK",PP-OR-1487
227530,"RELOAD, ENDO GIA ARTICULATE TRI-STAPLE 60MM EXTRA/THCK",PP-OR-1487
227540,"STAPLER, DST SERIES GIA 60MM - 3.8MM RELOADABLE",PP-OR-1487
227541,"RELOAD, GIA 80MM - 3.8MM",PP-OR-1487
228599,"HANDLE, ENDO GIA 12MM UNIVERSAL",PP-OR-1487
228600,"STAPLER, ENDOGIA ULTRA UNIV 12MM XL",PP-OR-1487
228601,"RELOAD, SIGNIA 2.0 TRI-STAPLE 30 VSCLR MED TAN 12MM",PP-OR-1487
228604,"STAPLER, DST SERIES GIA 60MM - 3.8MM RELOADABLE",PP-OR-1487
229640,"APPLIER, ENDO CLIP III 5MM",PP-OR-1487
229641,"APPLIER, ENDO CLIP II MED/LARGE 10 MM 20 TI CLIPS",PP-OR-1487
229642,"STAPLER, TA 60-3.5",PP-OR-1487
229643,"RELOAD, TA 60MM - 3.5MM",PP-OR-1487
229644,"SCISSOR, ENDO SHEARS 5MM",PP-OR-1487
230575,"HANDLE, ENDO GIA 12MM UNIVERSAL",PP-OR-1487
230576,"RELOAD, ENDO GIA ROT VASCULAR MED TAN 45MM",PP-OR-1487
230577,"RELOAD, ENDO GIA ARTICULATE TRI-STAPLE 60MM MED/THCK",PP-OR-1487
231451,"STAPLER, GIA 80MM - 3.8MM",PP-OR-1487
231452,"STAPLER, TA 90-3.5",PP-OR-1487
231453,"APPLIER, SURGICLIP III 9.0IN SMALL",PP-OR-1487
231578,"APPLIER, ENDO CLIP II MED/LARGE 10 MM 20 TI CLIPS",PP-OR-1487
231579,"RELOAD, DST SERIES GIA 60MM - 3.8MM LOADING UNIT",PP-OR-1487
231580,"RELOAD, GIA 80MM - 3.8MM",PP-OR-1487
231581,"PURSTRING, DISP. 65 INST.",PP-OR-1487
231583,"HANDLE, ENDO GIA 12MM UNIVERSAL",PP-OR-1487
231584,"RELOAD, ENDO GIA 45MM CURVE TIP ART MED/THCK PURPL",PP-OR-1487
231585,"RELOAD, ENDO GIA ROT VASCULAR MED TAN 45MM",PP-OR-1487
232009,"RELOAD, GIA 80MM - 3.8MM",PP-OR-1487
232010,"TROCAR, ENDO CLOSE",PP-OR-1487
232011,"PURSTRING, DISP. 65 INST.",PP-OR-1487
232990,"APPLIER, SURGICLIP III 9.0IN SMALL",PP-OR-1487
232991,"STAPLER, GIA 80MM - 3.8MM",PP-OR-1487
233100,"TROCAR, ENDO CLOSE",PP-OR-1487
233101,"APPLIER, ENDOCLIP 10MM",PP-OR-1487
233102,"ENDO STITCH, DISP 10MM",PP-OR-1487
233104,"BAG, SPECIMEN RETRIEVAL 10MM",PP-OR-1487
233105,"POUCH, SPECIMEN ENDOCATCH II 15MM",PP-OR-1487
233114,"HANDLE, ENDO GIA 12MM UNIVERSAL",PP-OR-1487
233115,"RELOAD, ENDO GIA MED THICK PURPLE 45MM",PP-OR-1487
233116,"RELOAD, ARTICULATING ENDO GIA TRISTAPLE MED TAN 60MM",PP-OR-1487
233117,"RELOAD, ARTICULATE ENDO GIA TRISTAPLE MED/THICK RE",PP-OR-1487
233118,"RELOAD, ARTICULATE ENDO GIA TRISTAPLE EXTRA/THICK",PP-OR-1487
233122,"RELOAD, ENDO GIA 45MM CURVE TIP ART MED/THCK PURPL",PP-OR-1487
233123,"RELOAD, ENDO GIA ROT VASCULAR MED TAN 45MM",PP-OR-1487
233124,"RELOAD, ENDO GIA 45MM TRISTAPLE ARTICULATING MED TAN",PP-OR-1487
233125,"RELOAD, ARTICULATING ENDO GIA TRISTAPLE MED TAN 60MM",PP-OR-1487
233146,"RELOAD, ENDO GIA 45MM TRISTAPLE ARTICULATING MED TAN",PP-OR-1487
233154,"STAPLER, TA 60-3.5",PP-OR-1487
233155,"SUTURE, 2-0 SURGIDAC ENDO STITCH 48IN",PP-OR-1487
234896,"HANDLE, ENDO GIA 12MM UNIVERSAL",PP-OR-1487
234897,"TROCAR, ENDO CLOSE",PP-OR-1487
234904,"RELOAD, ENDO GIA 45MM TRISTAPLE ARTICULATING MED TAN",PP-OR-1487
235027,"DUSTPAN, LOBBY WITH HANDLE - BLACK",PP-OR-1487
235118,"RELOAD STAPLER ARTICULATING LATEX FREE ENDO GIA TRI-STAPLE TAN MEDIUM 45MM",PP-OR-1487
235119,"STAPLER MEDICAL UNIVERSAL SHORT STERILE ENDO GIA 12MM",PP-OR-1487
235120,"APPLIER CLIP PISTOL GRIP TITANIUM LATEX FREE DISPOSABLE ENDO CLIP LARGE 10MM",PP-OR-1487
238962,"TROCAR, ENDO CLOSE",PP-OR-1487
238963,"APPLIER, ENDO CLIP II MED/LARGE 10 MM 20 TI CLIPS",PP-OR-1487
239831,"STAPLER, GIA 80MM - 3.8MM",PP-OR-1487
239832,"STAPLER, GIA 80MM - 3.8MM",PP-OR-1487
239985,"RELOAD, ENDO GIA 45MM TRISTAPLE ARTICULATING MED TAN",PP-OR-1487
239986,"RELOAD, ENDO GIA ARTICULATE TRI-STAPLE 60MM EXTRA/THCK",PP-OR-1487
239987,"TROCAR, ENDO CLOSE",PP-OR-1487
240025,"STAPLER, TA 60MM - 4.8MM RELOADABLE",PP-OR-1487
240026,"CLIP, LAPROCLIP LIGATING CARTRIDGE ABSORB 12MM",PP-OR-1487
240031,"RELOAD, ENDO GIA 45MM CURVE TIP ART MED/THCK PURPL",PP-OR-1487
240032,"RELOAD, ENDO GIA ARTICULATE TRI-STAPLE 60MM EXTRA/THCK",PP-OR-1487
241094,"ADAPTER, SIGNIA POWER LINEAR SHORT",PP-OR-1487
241257,"RELOAD, ENDO GIA ARTICULATE TRI-STAPLE 60MM EXTRA/THCK",PP-OR-1487
241262,"APPLIER, ENDO CLIP III 5MM",PP-OR-1487
241263,"APPLIER, ENDO CLIP II MED/LARGE 10 MM 20 TI CLIPS",PP-OR-1487
241264,"SUTURE, 0 SURGIDAC ENDO STITCH 48&quot;",PP-OR-1487
241277,"HANDLE, ENDO GIA 12MM UNIVERSAL",PP-OR-1487
241278,"STAPLER, ENDOGIA ULTRA UNIV 12MM XL",PP-OR-1487
241279,"RELOAD, ENDO GIA 45MM TRISTAPLE ARTICULATING MED TAN",PP-OR-1487
241280,"RELOAD, ENDO GIA MED THICK PURPLE 45MM",PP-OR-1487
241281,"RELOAD, ARTICULATING ENDO GIA TRISTAPLE MED TAN 60MM",PP-OR-1487
242507,"HANDLE, ENDO GIA 12MM UNIVERSAL",PP-OR-1487
242508,"BAG, SPECIMEN RETRIEVAL 10MM",PP-OR-1487
242509,"STAPLER, TA 60-3.5",PP-OR-1487
242510,"RELOAD, DST SERIES GIA 60MM - 3.8MM LOADING UNIT",PP-OR-1487
243740,"HANDLE, GIA UNIVERSAL SHORT 12MM",PP-OR-1487
243749,"SCISSOR, ENDO SHEARS 5MM",PP-OR-1487
245074,"KIT, LAPAROSCOPIC ANTI-FOGGING CLEARIFY",PP-OR-1487
245076,"STAPLER, TA 90-3.5",PP-OR-1487
245273,"RELOAD, ENDO GIA MED THICK PURPLE 45MM",PP-OR-1487
245274,"RELOAD, ENDO GIA ARTICULATE TRI-STAPLE 60MM EXTRA/THCK",PP-OR-1487
245334,"APPLIER, ENDO CLIP III 5MM",PP-OR-1487
245335,"APPLIER, ENDO CLIP II MED/LARGE 10 MM 20 TI CLIPS",PP-OR-1487
245336,"RELOAD, TA 60MM - 3.5MM",PP-OR-1487
245337,"RELOAD, GIA 80MM - 3.8MM",PP-OR-1487
245338,"TROCAR, ENDO CLOSE",PP-OR-1487
245339,"BAG, SPECIMEN RETRIEVAL 10MM",PP-OR-1487
245357,"SCISSOR, LISTER BANDAGE 7-1/4 INCH - STERILE",PP-OR-1487
247982,"HANDLE, ENDO GIA 12MM UNIVERSAL",PP-OR-1487
247983,"HANDLE, GIA UNIVERSAL SHORT 12MM",PP-OR-1487
247984,"HANDLE, GIA UNIVERSAL SHORT 12MM",PP-OR-1487
247985,"APPLIER, SURGICLIP III 9.0IN SMALL",PP-OR-1487
248035,"SCISSOR, NELSON-METZENBAUM CVD 9&quot;-DSD",PP-OR-1487
248866,"APPLIER, SURGICLIP III 9.0IN SMALL",PP-OR-1487
249015,"HANDLE, ENDO GIA 12MM UNIVERSAL",PP-OR-1487
249016,"RELOAD, ENDO GIA ROT VASCULAR MED TAN 45MM",PP-OR-1487
249017,"RELOAD, ENDO GIA MED THICK PURPLE 45MM",PP-OR-1487
249018,"RELOAD, ENDO GIA ARTICULATE TRI-STAPLE 60MM MED/THCK",PP-OR-1487
249031,"APPLIER, ENDO CLIP III 5MM",PP-OR-1487
249034,"POUCH, SPECIMEN ENDOCATCH II 15MM",PP-OR-1487
249035,"BAG, SPECIMEN RETRIEVAL 10MM",PP-OR-1487
249036,"RELOAD, ENDO GIA MED THICK PURPLE 45MM",PP-OR-1487
253521,"HANDLE, ENDO GIA 12MM UNIVERSAL",PP-OR-1487
253522,"RELOAD, ENDO GIA ARTICULATE TRI-STAPLE 60MM MED/THCK",PP-OR-1487
253568,"STAPLER, TA 30V-3 NON-ABS CLIP",PP-OR-1487
253570,"BAG, SPECIMEN RETRIEVAL 10MM",PP-OR-1487
253571,"TROCAR, ENDO CLOSE",PP-OR-1487
255207,"APPLIER, ENDO CLIP III 5MM",PP-OR-1487
255208,"APPLIER, ENDO CLIP II MED/LARGE 10 MM 20 TI CLIPS",PP-OR-1487
255209,"APPLIER, ENDOCLIP 10MM",PP-OR-1487
255210,"RELOAD, GIA 80MM - 3.8MM",PP-OR-1487
255223,"TROCAR, ENDO CLOSE",PP-OR-1487
255224,"ENDO STITCH, DISP 10MM",PP-OR-1487
255226,"RELOAD, DST SERIES GIA 80MM - 4.8MM LOADING UNIT",PP-OR-1487
255227,"HANDLE, ENDO GIA 12MM UNIVERSAL",PP-OR-1487
255228,"STAPLER, ENDOGIA ULTRA UNIV 12MM XL",PP-OR-1487
255229,"RELOAD, ENDO GIA 45MM TRISTAPLE ARTICULATING MED TAN",PP-OR-1487
255276,"RELOAD, ARTICULATE ENDO GIA TRISTAPLE MED/THICK RE",PP-OR-1487
255290,"RELOAD, ENDO GIA 45MM TRISTAPLE ARTICULATING MED TAN",PP-OR-1487
255291,"RELOAD, ARTICULATE ENDO GIA TRISTAPLE EXTRA/THICK",PP-OR-1487
255300,"PURSTRING, DISP. 65 INST.",PP-OR-1487
256149,"APPLIER, SURGICLIP III 9.0IN SMALL",PP-OR-1487
256334,"RELOAD, SIGNIA TRI-STAPLE 2.0 30 MM CURVED TIP ARTICULATING VASCULAR/MEDIUM",PP-OR-1487
256335,"TROCAR, ENDO CLOSE",PP-OR-1487
258507,"STAPLER, TA 90-3.5",PP-OR-1487
258692,"HANDLE, ENDO GIA 12MM UNIVERSAL",PP-OR-1487
258699,"APPLIER, ENDO CLIP III 5MM",PP-OR-1487
258700,"APPLIER, ENDO CLIP II MED/LARGE 10 MM 20 TI CLIPS",PP-OR-1487
258702,"BAG, SPECIMEN RETRIEVAL 10MM",PP-OR-1487
258738,"SCISSOR, LISTER BANDAGE 7-1/4 INCH - STERILE",PP-OR-1487
260117,"BAG, SPECIMEN RETRIEVAL 10MM",PP-OR-1487
260118,"HANDLE, ENDO GIA 12MM UNIVERSAL",PP-OR-1487
260119,"RELOAD, ENDO GIA 45MM TRISTAPLE ARTICULATING MED TAN",PP-OR-1487
260120,"RELOAD, ENDO GIA MED THICK PURPLE 45MM",PP-OR-1487
260139,"BAG, SPECIMEN RETRIEVAL 10MM",PP-OR-1487
260140,"SCISSOR, ENDO SHEARS 5MM",PP-OR-1487
260145,"APPLIER, SURGICLIP LRG 13.0 TIT",PP-OR-1487
261188,"APPLIER, SURGICLIP 11.5IN MED",PP-OR-1487
261189,"APPLIER, SURGICLIP III 9.0IN SMALL",PP-OR-1487
261331,"SCISSOR, METZENBAUM STRAIGHT 9 INCH - STERILE DISPOSABLE",PP-OR-1487
261336,"TROCAR, ENDO CLOSE",PP-OR-1487
261337,"HANDLE, ENDO GIA 12MM UNIVERSAL",PP-OR-1487
262881,"ADAPTER, SIGNIA POWER LINEAR STANDARD",PP-OR-1487
262882,"APPLIER, SURGICLIP 11.5IN MED",PP-OR-1487
262883,"STAPLER, DST SERIES 33 MM W/ 4.8 MM STAPLE",PP-OR-1487
262993,"PURSTRING, DISP. 65 INST.",PP-OR-1487
263006,"RELOAD, ENDO GIA ARTICULATE TRI-STAPLE 60MM EXTRA/THCK",PP-OR-1487
263022,"SUTURE, 0 SURGIDAC ENDO STITCH 48&quot;",PP-OR-1487
263081,"BAG, SPECIMEN RETRIEVAL 10MM",PP-OR-1487
263082,"CLIP, LAPROCLIP LIGATING CARTRIDGE ABSORB 12MM",PP-OR-1487
264743,"SUTURE, 0 POLYSORB ENDO STITCH UNDYED ES-9 48",PP-OR-1487
264748,"PURSTRING, DISP. 65 INST.",PP-OR-1487
264758,"TROCAR, ENDO CLOSE",PP-OR-1487
266016,"HANDLE, ENDO GIA 12MM UNIVERSAL",PP-OR-1487
269808,"RELOAD, GIA 80MM - 3.8MM",PP-OR-1487
269867,"TROCAR, ENDO CLOSE",PP-OR-1487
269868,"APPLIER, ENDO CLIP II MED/LARGE 10 MM 20 TI CLIPS",PP-OR-1487
269869,"HANDLE, ENDO GIA 12MM UNIVERSAL",PP-OR-1487
269870,"RELOAD, ENDO GIA MED THICK PURPLE 45MM",PP-OR-1487
270851,"SCISSOR, IRIS STRAIGHT 4.5 INCH - STERILE",PP-OR-1487
270975,"SCISSOR, METZENBAUM CVD 5 3/4&quot;",PP-OR-1487
272056,"STAPLER, SHELL SIGNIA POWER CONTROL",PP-OR-1487
272402,"RELOAD, ENDO GIA 45MM TRISTAPLE ARTICULATING MED TAN",PP-OR-1487
272403,"RELOAD, ENDO GIA ARTICULATE TRI-STAPLE 60MM EXTRA/THCK",PP-OR-1487
273794,"HANDLE, GIA UNIVERSAL SHORT 12MM",PP-OR-1487
273934,"APPLIER, ENDO CLIP II MED/LARGE 10 MM 20 TI CLIPS",PP-OR-1487
273935,"APPLIER, ENDOCLIP 10MM",PP-OR-1487
273936,"TROCAR, ENDO CLOSE",PP-OR-1487
274043,"HANDLE, ENDO GIA 12MM UNIVERSAL",PP-OR-1487
274044,"RELOAD, ENDO GIA 45MM CURVE TIP ART MED/THCK PURPL",PP-OR-1487
274045,"RELOAD, ENDO GIA ROT VASCULAR MED TAN 45MM",PP-OR-1487
274046,"RELOAD, ENDO GIA ARTICULATE TRI-STAPLE 60MM MED/THCK",PP-OR-1487
274047,"RELOAD, ENDO GIA ARTICULATE TRI-STAPLE 60MM EXTRA/THCK",PP-OR-1487
274070,"HANDLE, ENDO GIA 12MM UNIVERSAL",PP-OR-1487
274071,"RELOAD, ENDO GIA 45MM TRISTAPLE ARTICULATING MED TAN",PP-OR-1487
274079,"BAG, SPECIMEN RETRIEVAL 10MM",PP-OR-1487
275217,"STAPLER, DST SERIES 28 MM W/ 4.8 MM STAPLE",PP-OR-1487
275348,"APPLIER, ENDO CLIP III 5MM",PP-OR-1487
275351,"HANDLE, GIA UNIVERSAL SHORT 12MM",PP-OR-1487
276248,"SUTURE, 2-0 VLOC ABSORABLE ENDOSTITCH RELOAD 6IN GRN",PP-OR-1487
277526,"BAG, SPECIMEN RETRIEVAL 10MM",PP-OR-1487
277615,"TROCAR, ENDO CLOSE",PP-OR-1487
277616,"PURSTRING, DISP. 65 INST.",PP-OR-1487
277619,"RELOAD, ENDO GIA 45MM CURVE TIP ART MED/THCK PURPL",PP-OR-1487
277621,"RELOAD, ENDO GIA ARTICULATE TRI-STAPLE 60MM MED/THCK",PP-OR-1487
277656,"SCISSOR, LISTER BANDAGE 7-1/4 INCH - STERILE",PP-OR-1487
277657,"SCISSOR, LISTER BANDAGE 7-1/4 INCH - STERILE",PP-OR-1487
279450,"STAPLER, GIA 80MM - 3.8MM",PP-OR-1487
279460,"HANDLE, ENDO GIA 12MM UNIVERSAL",PP-OR-1487
284255,"SCISSOR, METZENBAUM STRAIGHT 9 INCH - STERILE DISPOSABLE",PP-OR-1487
284256,"SCISSOR, METZENBAUM STRAIGHT 9 INCH - STERILE DISPOSABLE",PP-OR-1487
284272,"SCISSOR, METZENBAUM STRAIGHT 9 INCH - STERILE DISPOSABLE",PP-OR-1487
284362,"TROCAR, ENDO CLOSE",PP-OR-1487
284371,"HANDLE, ENDO GIA 12MM UNIVERSAL",PP-OR-1487
284373,"RELOAD, DST SERIES GIA 60MM - 3.8MM LOADING UNIT",PP-OR-1487
285797,"HANDLE, ENDO GIA 12MM UNIVERSAL",PP-OR-1487
285798,"RELOAD, ENDO GIA 45MM TRISTAPLE ARTICULATING MED TAN",PP-OR-1487
285799,"RELOAD, ENDO GIA ARTICULATE TRI-STAPLE 60MM MED/THCK",PP-OR-1487
285807,"STAPLER, TA 30V-3 NON-ABS CLIP",PP-OR-1487
285808,"BAG, SPECIMEN RETRIEVAL 10MM",PP-OR-1487
288213,"RELOAD, ARTICULATE ENDO GIA TRISTAPLE MED/THICK RE",PP-OR-1487
288216,"APPLIER, SURGICLIP 11.5IN MED",PP-OR-1487
288218,"ADAPTER, SIGNIA POWER LINEAR SHORT",PP-OR-1487
288219,"APPLIER, SURGICLIP MED 9.75",PP-OR-1487
289650,"SCISSOR, ENDO SHEARS 5MM",PP-OR-1487
289652,"RELOAD, DST SERIES GIA 100MM - 3.8MM LOADING UNIT",PP-OR-1487
289653,"CLIP, LAPROCLIP LIGATING CARTRIDGE ABSORB 12MM",PP-OR-1487
289654,"DEVICE, ORVIL EEA DTS SERIES 25MM",PP-OR-1487
289667,"TROCAR, ENDO CLOSE",PP-OR-1487
289668,"PURSTRING, DISP. 65 INST.",PP-OR-1487
289669,"APPLIER, ENDO CLIP III 5MM",PP-OR-1487
289670,"APPLIER, ENDO CLIP II MED/LARGE 10 MM 20 TI CLIPS",PP-OR-1487
289672,"RELOAD, DST SERIES GIA 100MM - 3.8MM LOADING UNIT",PP-OR-1487
289673,"BAG, SPECIMEN RETRIEVAL 10MM",PP-OR-1487
289674,"POUCH, SPECIMEN ENDOCATCH II 15MM",PP-OR-1487
289680,"HANDLE, ENDO GIA 12MM UNIVERSAL",PP-OR-1487
289681,"STAPLER, ENDOGIA ULTRA UNIV 12MM XL",PP-OR-1487
289682,"RELOAD, ENDO GIA 45MM TRISTAPLE ARTICULATING MED TAN",PP-OR-1487
289683,"RELOAD, ARTICULATING ENDO GIA TRISTAPLE MED TAN 60MM",PP-OR-1487
289684,"RELOAD, ARTICULATE ENDO GIA TRISTAPLE EXTRA/THICK",PP-OR-1487
289685,"STAPLER, ENDOGIA ULTRA UNIV 12MM XL",PP-OR-1487
289686,"RELOAD, ARTICULATE ENDO GIA TRISTAPLE EXTRA/THICK",PP-OR-1487
289707,"SCISSOR, IRIS STRAIGHT 4.5 INCH - STERILE",PP-OR-1487
289819,"RELOAD, DST SERIES GIA 100MM - 4.8MM LOADING UNIT",PP-OR-1487
289822,"SCISSORS, BANDAGE 5 1/2IN",PP-OR-1487
289887,"BAG, SPECIMEN RETRIEVAL 10MM",PP-OR-1487
290755,"STAPLER, SHELL SIGNIA POWER CONTROL",PP-OR-1487
290758,"STAPLER, SHELL SIGNIA POWER CONTROL",PP-OR-1487
290759,"STAPLER, DST SERIES 31 MM W/ 4.8 MM STAPLE",PP-OR-1487
290919,"STAPLER, GIA 80MM - 3.8MM",PP-OR-1487
290966,"APPLIER, ENDO CLIP III 5MM",PP-OR-1487
290967,"APPLIER, ENDO CLIP II MED/LARGE 10 MM 20 TI CLIPS",PP-OR-1487
290968,"RELOAD, GIA 80MM - 3.8MM",PP-OR-1487
293428,"KIT, LAPAROSCOPIC ANTI-FOGGING CLEARIFY",PP-OR-1487
293437,"RELOAD, ARTICULATE ENDO GIA TRISTAPLE MED/THICK RE",PP-OR-1487
293772,"BAG, SPECIMEN RETRIEVAL 10MM",PP-OR-1487
293774,"SCISSOR, ENDO SHEARS 5MM",PP-OR-1487
293775,"TROCAR, ENDO CLOSE",PP-OR-1487
293776,"SUTURE, 2-0 ENDO STITCH POLYSORB VIOLET 48INCH",PP-OR-1487
293777,"HANDLE, ENDO GIA 12MM UNIVERSAL",PP-OR-1487
293778,"HANDLE, GIA UNIVERSAL SHORT 12MM",PP-OR-1487
293779,"RELOAD, ENDO GIA 45MM CURVE TIP ART MED/THCK PURPL",PP-OR-1487
293780,"RELOAD, ENDO GIA ROT VASCULAR MED TAN 45MM",PP-OR-1487
293781,"RELOAD, ENDO GIA 45MM TRISTAPLE ARTICULATING MED TAN",PP-OR-1487
293809,"RELOAD, SIGNIA 2.0 TRI-STAPLE 30 VSCLR MED TAN 12MM",PP-OR-1487
293810,"RELOAD, SIGNIA 2.0 TRI-STAPLE 30 MED THK PURPLE 12MM",PP-OR-1487
293823,"SUTURE, 2-0 ENDO STITCH POLYSORB VIOLET 48INCH",PP-OR-1487
293824,"BAG, SPECIMEN RETRIEVAL 10MM",PP-OR-1487
293861,"APPLIER, ENDO CLIP II MED/LARGE 10 MM 20 TI CLIPS",PP-OR-1487
295167,"RELOAD, DST SERIES GIA 60MM - 2.5MM LOADING UNIT",PP-OR-1487
296244,"HANDLE, GIA UNIVERSAL SHORT 12MM",PP-OR-1487
296805,"STAPLER, GIA 80MM - 3.8MM",PP-OR-1487
296816,"HANDLE, ENDO GIA 12MM UNIVERSAL",PP-OR-1487
296817,"STAPLER, DST SERIES GIA 60MM - 3.8MM RELOADABLE",PP-OR-1487
296818,"TROCAR, ENDO CLOSE",PP-OR-1487
296819,"PURSTRING, DISP. 65 INST.",PP-OR-1487
296886,"STAPLER, DST SERIES GIA 100MM - 3.8MM RELOADABLE",PP-OR-1487
296887,"STAPLER, GIA 80MM - 3.8MM",PP-OR-1487
297882,"STAPLER, SHELL SIGNIA POWER CONTROL",PP-OR-1487
297885,"STAPLER, SHELL SIGNIA POWER CONTROL",PP-OR-1487
297886,"STAPLER, SHELL SIGNIA POWER CONTROL",PP-OR-1487
297890,"TACKER, ABSORBATACK FIXATION DEVICE 5MM 15 TACKS",PP-OR-1487
298059,"STAPLER, GIA 80MM - 3.8MM",PP-OR-1487
298089,"PURSTRING, DISP. 65 INST.",PP-OR-1487
298122,"APPLIER, ENDO CLIP III 5MM",PP-OR-1487
298123,"ENDO STITCH, DISP 10MM",PP-OR-1487
298124,"STAPLER, DST SERIES GIA 60MM - 3.8MM RELOADABLE",PP-OR-1487
298130,"SUTURE, 2-0 ENDO STITCH POLYSORB VIOLET 48INCH",PP-OR-1487
298140,"HANDLE, ENDO GIA 12MM UNIVERSAL",PP-OR-1487
298141,"STAPLER, ENDOGIA ULTRA UNIV 12MM XL",PP-OR-1487
298142,"HANDLE, GIA UNIVERSAL SHORT 12MM",PP-OR-1487
298143,"RELOAD, ARTICULATING ENDO GIA TRISTAPLE MED TAN 60MM",PP-OR-1487
298159,"SCISSOR, LISTER BANDAGE 7-1/4 INCH - STERILE",PP-OR-1487
299572,"STAPLER, TA 90-3.5",PP-OR-1487
299815,"STAPLER, DST SERIES GIA 100MM - 3.8MM RELOADABLE",PP-OR-1487
301279,"SCISSOR, NELSON-METZENBAUM CVD 9&quot;-DSD",PP-OR-1487
301389,"BAG, SPECIMEN RETRIEVAL 10MM",PP-OR-1487
301417,"APPLIER, ENDOCLIP 10MM",PP-OR-1487
301418,"BAG, SPECIMEN RETRIEVAL 10MM",PP-OR-1487
301419,"RELOAD, GIA 80MM - 3.8MM",PP-OR-1487
301420,"TROCAR, ENDO CLOSE",PP-OR-1487
301446,"HANDLE, ENDO GIA 12MM UNIVERSAL",PP-OR-1487
301447,"RELOAD, SIGNIA TRI-STAPLE 2.0 30 MM CURVED TIP ARTICULATING VASCULAR/MEDIUM",PP-OR-1487
301448,"RELOAD, ENDO GIA 45MM TRISTAPLE ARTICULATING MED TAN",PP-OR-1487
301449,"RELOAD, ENDO GIA ARTICULATE TRI-STAPLE 60MM MED/THCK",PP-OR-1487
302645,"STAPLER, EEA XL 33MM W/ 4.8MM STAPLE",PP-OR-1487
303578,"DISSECTOR, BALLOON OVAL SPACEMAKER PLUS SBT",PP-OR-1487
303733,"HANDLE, ENDO GIA 12MM UNIVERSAL",PP-OR-1487
303749,"STAPLER, EEA XL 33MM W/ 4.8MM STAPLE",PP-OR-1487
303750,"STAPLER, EEA XL 33MM W/ 4.8MM STAPLE",PP-OR-1487
304253,"RELOAD, ENDO GIA ARTICULATE TRI-STAPLE 60MM MED/THCK",PP-OR-1487
304254,"RELOAD, ENDO GIA ARTICULATE TRI-STAPLE 60MM EXTRA/THCK",PP-OR-1487
304256,"APPLIER, ENDO CLIP II MED/LARGE 10 MM 20 TI CLIPS",PP-OR-1487
304257,"STAPLER, TA 60-3.5",PP-OR-1487
304258,"TROCAR, ENDO CLOSE",PP-OR-1487
305277,"STAPLER, TA 90-3.5",PP-OR-1487
305405,"HANDLE, ENDO GIA 12MM UNIVERSAL",PP-OR-1487
305406,"RELOAD, ENDO GIA 45MM TRISTAPLE ARTICULATING MED TAN",PP-OR-1487
305538,"SCISSOR, NELSON-METZENBAUM CVD 9&quot;-DSD",PP-OR-1487
306401,"STAPLER, SHELL SIGNIA POWER CONTROL",PP-OR-1487
306402,"KIT, LAPAROSCOPIC ANTI-FOGGING CLEARIFY",PP-OR-1487
307972,"RELOAD, ARTICULATE ENDO GIA TRISTAPLE MED/THICK RE",PP-OR-1487
308362,"HANDLE, ENDO GIA 12MM UNIVERSAL",PP-OR-1487
308380,"BAG, SPECIMEN RETRIEVAL 10MM",PP-OR-1487
308381,"RELOAD, GIA 80MM - 3.8MM",PP-OR-1487
308382,"STAPLER, GIA 80MM - 3.8MM",PP-OR-1487
308383,"RELOAD, SIGNIA VASCULAR SM DIA CURVED TIP 30MM",PP-OR-1487
308384,"CLIP, LAPROCLIP LIGATING CARTRIDGE ABSORB 12MM",PP-OR-1487
308385,"TROCAR, ENDO CLOSE",PP-OR-1487
308419,"TROCAR, ENDO CLOSE",PP-OR-1487
308420,"APPLIER, ENDO CLIP III 5MM",PP-OR-1487
308423,"BAG, SPECIMEN RETRIEVAL 10MM",PP-OR-1487
308424,"POUCH, SPECIMEN ENDOCATCH II 15MM",PP-OR-1487
308444,"SCISSOR, IRIS STRAIGHT 4.5 INCH - STERILE",PP-OR-1487
309516,"STAPLER, SHELL SIGNIA POWER CONTROL",PP-OR-1487
309649,"SCISSOR, NELSON-METZENBAUM CVD 9&quot;-DSD",PP-OR-1487
310534,"STAPLER, EEA XL 33MM W/ 4.8MM STAPLE",PP-OR-1487
310535,"STAPLER, EEA XL 33MM W/ 4.8MM STAPLE",PP-OR-1487
310536,"STAPLER, EEA XL 33MM W/ 4.8MM STAPLE",PP-OR-1487
310755,"HANDLE, ENDO GIA 12MM UNIVERSAL",PP-OR-1487
310756,"STAPLER, ENDOGIA ULTRA UNIV 12MM XL",PP-OR-1487
310757,"RELOAD, ARTICULATING ENDO GIA TRISTAPLE MED TAN 60MM",PP-OR-1487
311208,"HANDLE, ENDO GIA 12MM UNIVERSAL",PP-OR-1487
311209,"HANDLE, GIA UNIVERSAL SHORT 12MM",PP-OR-1487
311210,"RELOAD, ENDO GIA ROT VASCULAR MED TAN 45MM",PP-OR-1487
311212,"APPLIER, SURGICLIP LRG 13.0 TIT",PP-OR-1487
311213,"APPLIER, ENDO CLIP II MED/LARGE 10 MM 20 TI CLIPS",PP-OR-1487
311214,"PURSTRING, DISP. 65 INST.",PP-OR-1487
312208,"APPLIER, SURGICLIP 11.5IN MED",PP-OR-1487
312209,"APPLIER, SURGICLIP MED 9.75",PP-OR-1487
312210,"APPLIER, SURGICLIP MED 9.75",PP-OR-1487
312459,"BAG, SPECIMEN RETRIEVAL 10MM",PP-OR-1487
312504,"TROCAR, ENDO CLOSE",PP-OR-1487
312505,"BAG, SPECIMEN RETRIEVAL 10MM",PP-OR-1487
312520,"CLIP, LAPROCLIP LIGATING CARTRIDGE ABSORB 12MM",PP-OR-1487
312521,"TROCAR, ENDO CLOSE",PP-OR-1487
312552,"HANDLE, ENDO GIA 12MM UNIVERSAL",PP-OR-1487
312553,"RELOAD, ENDO GIA ARTICULATE TRI-STAPLE 60MM MED/THCK",PP-OR-1487
312566,"SCISSORS, METZENBAUM CURVED 5-1/2 INCH - STERILE",PP-OR-1487
313861,"RELOAD, ARTICULATE ENDO GIA TRISTAPLE MED/THICK RE",PP-OR-1487
313863,"RELOAD, ARTICULATE ENDO GIA TRISTAPLE MED/THICK RE",PP-OR-1487
314026,"SUTURE, 0 POLYSORB ENDO STITCH UNDYED ES-9 48",PP-OR-1487
314027,"STAPLER, DST SERIES GIA 100MM - 3.8MM RELOADABLE",PP-OR-1487
314028,"STAPLER, DST SERIES GIA 100MM - 4.8MM RELOADABLE",PP-OR-1487
315618,"ADAPTER, SIGNIA POWER LINEAR SHORT",PP-OR-1487
316109,"RELOAD, SIGNIA TRI-STAPLE 2.0 30 MM CURVED TIP ARTICULATING VASCULAR/MEDIUM",PP-OR-1487
316110,"RELOAD, ENDO GIA 45MM CURVE TIP ART MED/THCK PURPL",PP-OR-1487
316111,"RELOAD, ENDO GIA ROT VASCULAR MED TAN 45MM",PP-OR-1487
316112,"RELOAD, ENDO GIA 45MM TRISTAPLE ARTICULATING MED TAN",PP-OR-1487
316113,"RELOAD, ENDO GIA ROT TRI-STAPLE 45MM EXTRA/THCK",PP-OR-1487
316114,"RELOAD, ENDO GIA MED THICK PURPLE 45MM",PP-OR-1487
316115,"RELOAD, ENDO GIA ARTICULATE TRI-STAPLE 60MM MED/THCK",PP-OR-1487
316116,"RELOAD, ENDO GIA ARTICULATE TRI-STAPLE 60MM EXTRA/THCK",PP-OR-1487
316117,"RELOAD, ARTICULATE ENDO GIA TRISTAPLE MED/THICK RE",PP-OR-1487
316118,"RELOAD, ARTICULATE ENDO GIA TRISTAPLE EXTRA/THICK",PP-OR-1487
316146,"APPLIER, ENDOCLIP 10MM",PP-OR-1487
316147,"BAG, SPECIMEN RETRIEVAL 10MM",PP-OR-1487
316148,"TROCAR, ENDO CLOSE",PP-OR-1487
316154,"APPLIER, ENDO CLIP II MED/LARGE 10 MM 20 TI CLIPS",PP-OR-1487
318638,"BAG, SPECIMEN RETRIEVAL 10MM",PP-OR-1487
318639,"PURSTRING, DISP. 65 INST.",PP-OR-1487
323612,"APPLIER, ENDO CLIP III 5MM",PP-OR-1487
323613,"TROCAR, ENDO CLOSE",PP-OR-1487
323614,"PURSTRING, DISP. 65 INST.",PP-OR-1487
323615,"HANDLE, ENDO GIA 12MM UNIVERSAL",PP-OR-1487
324197,"RETRACTOR, ENDO PADDLE - 12MM",PP-OR-1487
324198,"RELOAD, GIA 80MM - 3.8MM",PP-OR-1487
324199,"STAPLER, GIA 80MM - 3.8MM",PP-OR-1487
324203,"APPLIER, ENDO CLIP II MED/LARGE 10 MM 20 TI CLIPS",PP-OR-1487
325495,"HANDLE, GIA UNIVERSAL SHORT 12MM",PP-OR-1487
325501,"STAPLER, DST SERIES GIA 100MM - 3.8MM RELOADABLE",PP-OR-1487
325518,"RELOAD, ENDO GIA ARTICULATE TRI-STAPLE 60MM MED/THCK",PP-OR-1487
326906,"RELOAD, ENDO GIA 45MM TRISTAPLE ARTICULATING MED TAN",PP-OR-1487
326907,"RELOAD, ARTICULATE ENDO GIA TRISTAPLE EXTRA/THICK",PP-OR-1487
326908,"TROCAR, ENDO CLOSE",PP-OR-1487
326909,"APPLIER, ENDO CLIP III 5MM",PP-OR-1487
326910,"BAG, SPECIMEN RETRIEVAL 10MM",PP-OR-1487
326914,"HANDLE, ENDO GIA 12MM UNIVERSAL",PP-OR-1487
326915,"RELOAD, ENDO GIA 45MM TRISTAPLE ARTICULATING MED TAN",PP-OR-1487
326916,"RELOAD, ENDO GIA ARTICULATE TRI-STAPLE 60MM MED/THCK",PP-OR-1487
326917,"RELOAD, ENDO GIA ARTICULATE TRI-STAPLE 60MM EXTRA/THCK",PP-OR-1487
326922,"STAPLER, DST SERIES GIA 60MM - 3.8MM RELOADABLE",PP-OR-1487
326923,"RELOAD, DST SERIES GIA 60MM - 3.8MM LOADING UNIT",PP-OR-1487
326924,"RELOAD, GIA 80MM - 3.8MM",PP-OR-1487
327930,"KIT, LAPAROSCOPIC ANTI-FOGGING CLEARIFY",PP-OR-1487
327935,"RELOAD, ARTICULATE ENDO GIA TRISTAPLE MED/THICK RE",PP-OR-1487
328079,"SCISSOR, NELSON-METZENBAUM CVD 9&quot;-DSD",PP-OR-1487
329432,"STAPLER, EEA XL 31MM W/ 4.8MM STAPLE",PP-OR-1487
331128,"HANDLE, ENDO GIA 12MM UNIVERSAL",PP-OR-1487
331141,"PURSTRING, DISP. 65 INST.",PP-OR-1487
331150,"APPLIER, ENDO CLIP II MED/LARGE 10 MM 20 TI CLIPS",PP-OR-1487
331151,"APPLIER, ENDO CLIP II MED/LARGE 10 MM 20 TI CLIPS",PP-OR-1487
331166,"SCISSOR, IRIS CURVED 4.5 INCH - DISP STERILE",PP-OR-1487
331185,"SCISSOR, IRIS STRAIGHT 4.5 INCH - STERILE-DSD",PP-OR-1487
331304,"BAG, SPECIMEN RETRIEVAL 10MM",PP-OR-1487
331305,"SCISSOR, ENDO SHEARS 5MM",PP-OR-1487
332571,"ADAPTER, SIGNIA POWER LINEAR XL",PP-OR-1487
332691,"SCISSORS, IRIS SHARP/SHARP 4.5 INCH - STERILE",PP-OR-1487
332692,"HANDLE, GIA UNIVERSAL SHORT 12MM",PP-OR-1487
332743,"APPLIER, ENDO CLIP III 5MM",PP-OR-1487
332744,"STAPLER, DST SERIES GIA 60MM - 3.8MM RELOADABLE",PP-OR-1487
332748,"RELOAD, TA 90-4.8",PP-OR-1487
333780,"RELOAD, ARTICULATE ENDO GIA TRISTAPLE MED/THICK RE",PP-OR-1487
333783,"RELOAD, ARTICULATE ENDO GIA TRISTAPLE MED/THICK RE",PP-OR-1487
333784,"STAPLER, EEA XL 31MM W/ 4.8MM STAPLE",PP-OR-1487
333785,"STAPLER, EEA XL 31MM W/ 4.8MM STAPLE",PP-OR-1487
333786,"STAPLER, EEA XL 31MM W/ 4.8MM STAPLE",PP-OR-1487
334017,"RELOAD, GIA 80MM - 3.8MM",PP-OR-1487
334034,"SCISSOR, METZENBAUM STRAIGHT 9 INCH - STERILE DISPOSABLE",PP-OR-1487
335125,"STAPLER, TA 90-3.5",PP-OR-1487
335406,"RELOAD, DST SERIES GIA 60MM - 3.8MM LOADING UNIT",PP-OR-1487
337861,"STAPLER, TA 90-3.5",PP-OR-1487
338003,"STAPLER, TA 60-3.5",PP-OR-1487
338004,"RELOAD, GIA 80MM - 3.8MM",PP-OR-1487
338005,"STAPLER, GIA 80MM - 3.8MM",PP-OR-1487
338009,"RELOAD, SIGNIA TRI-STAPLE 2.0 30 MM CURVED TIP ARTICULATING VASCULAR/MEDIUM",PP-OR-1487
338010,"RELOAD, ENDO GIA ARTICULATE TRI-STAPLE 60MM MED/THCK",PP-OR-1487
338735,"HANDLE, GIA UNIVERSAL SHORT 12MM",PP-OR-1487
338739,"BAG, SPECIMEN RETRIEVAL 10MM",PP-OR-1487
338740,"RELOAD, GIA 80MM - 3.8MM",PP-OR-1487
338741,"STAPLER, GIA 80MM - 3.8MM",PP-OR-1487
338742,"PURSTRING, DISP. 65 INST.",PP-OR-1487
338745,"BAG, SPECIMEN RETRIEVAL 10MM",PP-OR-1487
339629,"APPLIER, SURGICLIP MED 9.75",PP-OR-1487
339779,"STAPLER, DST SERIES GIA 100MM - 3.8MM RELOADABLE",PP-OR-1487
339808,"STAPLER, GIA 80MM - 3.8MM",PP-OR-1487
339809,"TROCAR, ENDO CLOSE",PP-OR-1487
340991,"STAPLER, DST SERIES GIA 100MM - 3.8MM RELOADABLE",PP-OR-1487
341094,"APPLIER, ENDOCLIP 10MM",PP-OR-1487
341095,"ENDO STITCH, DISP 10MM",PP-OR-1487
341096,"POUCH, SPECIMEN ENDOCATCH II 15MM",PP-OR-1487
341097,"RELOAD, ARTICULATING ENDO GIA TRISTAPLE MED TAN 60MM",PP-OR-1487
341118,"SCISSOR, IRIS STRAIGHT 4.5 INCH - STERILE",PP-OR-1487
342627,"SUTURE, 0 POLYSORB ENDO STITCH UNDYED ES-9 48",PP-OR-1487
342677,"RELOAD, ENDO GIA ROT VASCULAR MED TAN 45MM",PP-OR-1487
342678,"RELOAD, ENDO GIA ARTICULATE TRI-STAPLE 60MM MED/THCK",PP-OR-1487
342679,"RELOAD, ENDO GIA ARTICULATE TRI-STAPLE 60MM EXTRA/THCK",PP-OR-1487
342683,"STAPLER, TA 30V-3 NON-ABS CLIP",PP-OR-1487
342684,"STAPLER, TA 60-3.5",PP-OR-1487
342685,"RELOAD, GIA 80MM - 3.8MM",PP-OR-1487
342686,"STAPLER, GIA 80MM - 3.8MM",PP-OR-1487
342687,"SCISSOR, ENDO SHEARS 5MM",PP-OR-1487
342688,"CLIP, LAPROCLIP LIGATING CARTRIDGE ABSORB 12MM",PP-OR-1487
343762,"KIT, LAPAROSCOPIC ANTI-FOGGING CLEARIFY",PP-OR-1487
343932,"APPLIER, SURGICLIP III 9.0IN SMALL",PP-OR-1487
343933,"APPLIER, SURGICLIP III 9.0IN SMALL",PP-OR-1487
345116,"RELOAD, ENDO GIA ROT VASCULAR MED TAN 45MM",PP-OR-1487
345206,"RELOAD, ENDO GIA ARTICULATE TRI-STAPLE 60MM EXTRA/THCK",PP-OR-1487
345207,"RELOAD, ENDO GIA ARTICULATE TRI-STAPLE 60MM EXTRA/THCK",PP-OR-1487
345212,"BAG, SPECIMEN RETRIEVAL 10MM",PP-OR-1487
345568,"SCISSOR, NELSON-METZENBAUM CVD 9&quot;-DSD",PP-OR-1487
345610,"HANDLE, ENDO GIA 12MM UNIVERSAL",PP-OR-1487
345611,"STAPLER, ENDOGIA ULTRA UNIV 12MM XL",PP-OR-1487
345612,"RELOAD, ENDO GIA 45MM TRISTAPLE ARTICULATING MED TAN",PP-OR-1487
345613,"RELOAD, ENDO GIA MED THICK PURPLE 45MM",PP-OR-1487
345614,"APPLIER, ENDO CLIP III 5MM",PP-OR-1487
345615,"BAG, SPECIMEN RETRIEVAL 10MM",PP-OR-1487
345616,"STAPLER, GIA 80MM - 3.8MM",PP-OR-1487
345617,"TROCAR, ENDO CLOSE",PP-OR-1487
345683,"TROCAR, ENDO CLOSE",PP-OR-1487
345684,"APPLIER, ENDO CLIP III 5MM",PP-OR-1487
345685,"SUTURE, 0 SURGIDAC ENDO STITCH 48&quot;",PP-OR-1487
345687,"STAPLER, GIA 80MM - 3.8MM",PP-OR-1487
345689,"RELOAD, ENDO GIA 45MM TRISTAPLE ARTICULATING MED TAN",PP-OR-1487
345690,"RELOAD, ENDO GIA MED THICK PURPLE 45MM",PP-OR-1487
345691,"RELOAD, ARTICULATING ENDO GIA TRISTAPLE MED TAN 60MM",PP-OR-1487
346791,"SCISSOR, LISTER BANDAGE 7-1/4 INCH - STERILE",PP-OR-1487
348562,"STAPLER, TA 60-3.5",PP-OR-1487
348586,"STAPLER, EEA XL 28MM W/ 4.8MM STAPLE",PP-OR-1487
348587,"STAPLER, EEA XL 28MM W/ 4.8MM STAPLE",PP-OR-1487
348597,"HANDLE, ENDO GIA 12MM UNIVERSAL",PP-OR-1487
348598,"RELOAD, ENDO GIA 45MM TRISTAPLE ARTICULATING MED TAN",PP-OR-1487
348599,"RELOAD, ENDO GIA ARTICULATE TRI-STAPLE 60MM MED/THCK",PP-OR-1487
348601,"SUTURE, 0 SURGIDAC ENDO STITCH 48&quot;",PP-OR-1487
348602,"ENDO STITCH, DISP 10MM",PP-OR-1487
348603,"APPLIER, ENDOCLIP 10MM",PP-OR-1487
348604,"APPLIER, ENDO CLIP III 5MM",PP-OR-1487
348605,"POUCH, SPECIMEN ENDOCATCH II 15MM",PP-OR-1487
348606,"RELOAD, ENDO GIA 45MM TRISTAPLE ARTICULATING MED TAN",PP-OR-1487
348607,"RELOAD, ENDO GIA MED THICK PURPLE 45MM",PP-OR-1487
350194,"STAPLER, TA 30V-3 NON-ABS CLIP",PP-OR-1487
350195,"APPLIER, ENDO CLIP II MED/LARGE 10 MM 20 TI CLIPS",PP-OR-1487
350197,"BAG, SPECIMEN RETRIEVAL 10MM",PP-OR-1487
350198,"RELOAD, GIA 80MM - 3.8MM",PP-OR-1487
350199,"TROCAR, ENDO CLOSE",PP-OR-1487
350200,"PURSTRING, DISP. 65 INST.",PP-OR-1487
350218,"HANDLE, ENDO GIA 12MM UNIVERSAL",PP-OR-1487
350219,"RELOAD, ENDO GIA 45MM TRISTAPLE ARTICULATING MED TAN",PP-OR-1487
350234,"SCISSOR, IRIS CURVED 4.5 INCH - DISP STERILE",PP-OR-1487
350245,"APPLIER, ENDO CLIP II MED/LARGE 10 MM 20 TI CLIPS",PP-OR-1487
350246,"APPLIER, ENDOCLIP 10MM",PP-OR-1487
350254,"HANDLE, ENDO GIA 12MM UNIVERSAL",PP-OR-1487
350255,"HANDLE, GIA UNIVERSAL SHORT 12MM",PP-OR-1487
350256,"RELOAD, ENDO GIA 45MM TRISTAPLE ARTICULATING MED TAN",PP-OR-1487
352186,"APPLIER, SURGICLIP MED 9.75",PP-OR-1487
352448,"SCISSOR, LISTER BANDAGE 7-1/4 INCH - STERILE",PP-OR-1487
356621,"SUTURE, 2-0 VLOC ABSORABLE ENDOSTITCH RELOAD 6IN GRN",PP-OR-1487
357304,"STAPLER, DST SERIES GIA 60MM - 3.8MM RELOADABLE",PP-OR-1487
357305,"RELOAD, GIA 80MM - 3.8MM",PP-OR-1487
357306,"STAPLER, GIA 80MM - 3.8MM",PP-OR-1487
357307,"HANDLE, ENDO GIA 12MM UNIVERSAL",PP-OR-1487
357318,"RELOAD, TA 90-4.8",PP-OR-1487
357319,"STAPLER, TA 90-4.8",PP-OR-1487
357320,"APPLIER, ENDO CLIP II MED/LARGE 10 MM 20 TI CLIPS",PP-OR-1487
357321,"APPLIER, ENDOCLIP 10MM",PP-OR-1487
357323,"CLIP, LAPROCLIP LIGATING CARTRIDGE ABSORB 12MM",PP-OR-1487
357324,"RELOAD, GIA 80MM - 3.8MM",PP-OR-1487
357325,"STAPLER, GIA 80MM - 3.8MM",PP-OR-1487
357328,"BAG, SPECIMEN RETRIEVAL 10MM",PP-OR-1487
358104,"RELOAD, ARTICULATE ENDO GIA TRISTAPLE MED/THICK RE",PP-OR-1487
358108,"STAPLER, DST GIA 60MM TRI-STAPLE BLACK THICK 4.0, 4.5, 5.0",PP-OR-1487
358109,"RELOAD, DST GIA 60MM TRI-STAPLE BLACK THICK 4.0, 4.5, 5.0",PP-OR-1487
358110,"RELOAD, DST GIA 80MM TRI-STAPLE PURPLE MED 3.0, 3.5, 4.0",PP-OR-1487
358111,"STAPLER, DST GIA 80MM TRI-STAPLE PURPLE MED 3.0, 3.5, 4.0",PP-OR-1487
358302,"HANDLE, ENDO GIA 12MM UNIVERSAL",PP-OR-1487
358303,"APPLIER, SURGICLIP III 9.0IN SMALL",PP-OR-1487
358304,"DEVICE, ORVIL EEA DTS SERIES 25MM",PP-OR-1487
358305,"DEVICE, ORVIL EEA DTS SERIES 25MM",PP-OR-1487
358306,"DEVICE, ORVIL EEA DTS SERIES 25MM",PP-OR-1487
358343,"RELOAD, ENDO GIA ARTICULATE TRI-STAPLE 60MM EXTRA/THCK",PP-OR-1487
359647,"STAPLER, EEA XL 28MM W/ 4.8MM STAPLE",PP-OR-1487
359648,"STAPLER, EEA XL 28MM W/ 4.8MM STAPLE",PP-OR-1487
359649,"STAPLER, EEA XL 28MM W/ 4.8MM STAPLE",PP-OR-1487
359650,"STAPLER, EEA XL 28MM W/ 4.8MM STAPLE",PP-OR-1487
359651,"STAPLER, EEA XL 28MM W/ 4.8MM STAPLE",PP-OR-1487
359652,"STAPLER, EEA XL 28MM W/ 4.8MM STAPLE",PP-OR-1487
359653,"STAPLER, EEA XL 28MM W/ 4.8MM STAPLE",PP-OR-1487
360520,"RELOAD, ENDO GIA ARTICULATE TRI-STAPLE 60MM EXTRA/THCK",PP-OR-1487
360523,"TROCAR, ENDO CLOSE",PP-OR-1487
360524,"APPLIER, ENDO CLIP II MED/LARGE 10 MM 20 TI CLIPS",PP-OR-1487
360525,"BAG, SPECIMEN RETRIEVAL 10MM",PP-OR-1487
360559,"SCISSORS IRIS CURVED SINGLE USE",PP-OR-1487
360686,"DUSTPAN, LOBBY WITH HANDLE - BLACK",PP-OR-1487
361481,"KIT, LAPAROSCOPIC ANTI-FOGGING CLEARIFY",PP-OR-1487
361799,"APPLIER, ENDO CLIP II MED/LARGE 10 MM 20 TI CLIPS",PP-OR-1487
361800,"BAG, SPECIMEN RETRIEVAL 10MM",PP-OR-1487
361811,"HANDLE, ENDO GIA 12MM UNIVERSAL",PP-OR-1487
361812,"RELOAD, ENDO GIA ROT VASCULAR MED TAN 45MM",PP-OR-1487
362845,"STAPLER, DST SERIES 28 MM W/ 4.8 MM STAPLE",PP-OR-1487
362987,"SCISSOR, IRIS CURVED 4.5 INCH - DISP STERILE",PP-OR-1487
364751,"SCISSOR, SUTURE 3-1/2&quot;-DSD",PP-OR-1487
364760,"RELOAD, DST SERIES GIA 60MM - 3.8MM LOADING UNIT",PP-OR-1487
364839,"APPLIER, SURGICLIP LRG 13.0 TIT",PP-OR-1487
364840,"TROCAR, ENDO CLOSE",PP-OR-1487
364841,"RELOAD, DST SERIES GIA 60MM - 3.8MM LOADING UNIT",PP-OR-1487
364842,"RETRACTOR, ENDO PADDLE - 12MM",PP-OR-1487
364843,"BAG, SPECIMEN RETRIEVAL 10MM",PP-OR-1487
364844,"SCISSOR, ENDO SHEARS 5MM",PP-OR-1487
364845,"TROCAR, ENDO CLOSE",PP-OR-1487
364846,"PURSTRING, DISP. 65 INST.",PP-OR-1487
364847,"STAPLER, ENDOGIA ULTRA UNIV 12MM XL",PP-OR-1487
364848,"RELOAD, ENDO GIA MED THICK PURPLE 45MM",PP-OR-1487
364849,"RELOAD, ARTICULATE ENDO GIA TRISTAPLE MED/THICK RE",PP-OR-1487
364850,"RELOAD, ARTICULATE ENDO GIA TRISTAPLE EXTRA/THICK",PP-OR-1487
366078,"HANDLE, ENDO GIA 12MM UNIVERSAL",PP-OR-1487
366079,"RELOAD, SIGNIA TRI-STAPLE 2.0 30 MM CURVED TIP ARTICULATING VASCULAR/MEDIUM",PP-OR-1487
366080,"RELOAD, ENDO GIA ARTICULATE TRI-STAPLE 60MM MED/THCK",PP-OR-1487
366081,"RELOAD, ENDO GIA ARTICULATE TRI-STAPLE 60MM EXTRA/THCK",PP-OR-1487
367740,"STAPLER, DST SERIES 28 MM W/ 4.8 MM STAPLE",PP-OR-1487
367741,"STAPLER, DST SERIES 28 MM W/ 4.8 MM STAPLE",PP-OR-1487
367743,"APPLIER, SURGICLIP 11.5IN MED",PP-OR-1487
367745,"STAPLER, EEA XL 25MM W/3.5MM STAPLES",PP-OR-1487
367903,"STAPLER, DST SERIES GIA 60MM - 3.8MM RELOADABLE",PP-OR-1487
367904,"PURSTRING, DISP. 65 INST.",PP-OR-1487
367917,"SCISSOR, IRIS STRAIGHT 4.5 INCH - STERILE",PP-OR-1487
367985,"SCISSOR, LISTER BANDAGE 7-1/4 INCH - STERILE",PP-OR-1487
369196,"RELOAD, DST SERIES GIA 60MM - 3.8MM LOADING UNIT",PP-OR-1487
369205,"RELOAD, DST SERIES GIA 60MM - 3.8MM LOADING UNIT",PP-OR-1487
369316,"RELOAD, ENDO GIA ROT VASCULAR MED TAN 45MM",PP-OR-1487
369337,"STAPLER, TA 60-3.5",PP-OR-1487
369338,"BAG, SPECIMEN RETRIEVAL 10MM",PP-OR-1487
369340,"STAPLER, GIA 80MM - 3.8MM",PP-OR-1487
369341,"CLIP, LAPROCLIP LIGATING CARTRIDGE ABSORB 12MM",PP-OR-1487
370296,"STAPLER, EEA XL 25MM W/ 4.8MM STAPLE",PP-OR-1487
371094,"STAPLER, TA 90-3.5",PP-OR-1487
371559,"SCISSOR, SUTURE 3-1/2&quot;-DSD",PP-OR-1487
371594,"HANDLE, ENDO GIA 12MM UNIVERSAL",PP-OR-1487
371595,"STAPLER, ENDOGIA ULTRA UNIV 12MM XL",PP-OR-1487
371596,"RELOAD, ENDO GIA 45MM TRISTAPLE ARTICULATING MED TAN",PP-OR-1487
371598,"HANDLE, ENDO GIA 12MM UNIVERSAL",PP-OR-1487
371599,"RELOAD, ENDO GIA ARTICULATE TRI-STAPLE 60MM MED/THCK",PP-OR-1487
372636,"STAPLER, DST SERIES 31 MM W/ 4.8 MM STAPLE",PP-OR-1487
372637,"STAPLER, DST SERIES 28 MM W/ 4.8 MM STAPLE",PP-OR-1487
372638,"STAPLER, DST SERIES 28 MM W/ 4.8 MM STAPLE",PP-OR-1487
372820,"ENDO STITCH, DISP 10MM",PP-OR-1487
372821,"SCISSOR, ENDO SHEARS 5MM",PP-OR-1487
372822,"BAG, SPECIMEN RETRIEVAL 10MM",PP-OR-1487
372823,"POUCH, SPECIMEN ENDOCATCH II 15MM",PP-OR-1487
372917,"APPLIER, ENDO CLIP III 5MM",PP-OR-1487
374027,"STAPLER, DST SERIES 25 MM W/ 4.8 MM STAPLE",PP-OR-1487
374214,"STAPLER, EEA XL 25MM W/ 4.8MM STAPLE",PP-OR-1487
374252,"RELOAD, ENDO GIA 45MM CURVE TIP ART MED/THCK PURPL",PP-OR-1487
374253,"RELOAD, ENDO GIA ROT VASCULAR MED TAN 45MM",PP-OR-1487
374254,"RELOAD, ENDO GIA 45MM TRISTAPLE ARTICULATING MED TAN",PP-OR-1487
374255,"CLIP, LAPROCLIP LIGATING CARTRIDGE ABSORB 12MM",PP-OR-1487
375390,"APPLIER, SURGICLIP 11.5IN MED",PP-OR-1487
375391,"APPLIER, SURGICLIP MED 9.75",PP-OR-1487
375664,"APPLIER, ENDO CLIP II MED/LARGE 10 MM 20 TI CLIPS",PP-OR-1487
375665,"RELOAD, GIA 80MM - 3.8MM",PP-OR-1487
375666,"TROCAR, ENDO CLOSE",PP-OR-1487
375685,"HANDLE, GIA UNIVERSAL SHORT 12MM",PP-OR-1487
375686,"HANDLE, ENDO GIA 12MM UNIVERSAL",PP-OR-1487
375797,"STAPLER, DST SERIES 25 MM W/ 4.8 MM STAPLE",PP-OR-1487
375798,"STAPLER, DST SERIES 31 MM W/ 4.8 MM STAPLE",PP-OR-1487
375799,"SCISSOR, ENDO SHEARS 5MM",PP-OR-1487
375800,"STAPLER, TA 60-3.5",PP-OR-1487
375801,"STAPLER, GIA 80MM - 3.8MM",PP-OR-1487
375802,"PURSTRING, DISP. 65 INST.",PP-OR-1487
376924,"ADAPTER, SIGNIA POWER LINEAR STANDARD",PP-OR-1487
376926,"APPLIER, SURGICLIP 11.5IN MED",PP-OR-1487
376927,"STAPLER, SHELL SIGNIA POWER CONTROL",PP-OR-1487
376929,"STAPLER, SHELL SIGNIA POWER CONTROL",PP-OR-1487
377117,"APPLIER, ENDO CLIP III 5MM",PP-OR-1487
377143,"HANDLE, GIA UNIVERSAL SHORT 12MM",PP-OR-1487
377144,"RELOAD, ENDO GIA ARTICULATE TRI-STAPLE 60MM EXTRA/THCK",PP-OR-1487
377145,"BAG, SPECIMEN RETRIEVAL 10MM",PP-OR-1487
377450,"DUSTPAN, LOBBY WITH HANDLE - BLACK",PP-OR-1487
377452,"DUSTPAN, LOBBY WITH HANDLE - BLACK",PP-OR-1487
379031,"DUSTPAN, LOBBY WITH HANDLE - BLACK",PP-OR-1487
379038,"DUSTPAN, LOBBY WITH HANDLE - BLACK",PP-OR-1487
379040,"DUSTPAN, LOBBY WITH HANDLE - BLACK",PP-OR-1487
379041,"DUSTPAN, LOBBY WITH HANDLE - BLACK",PP-OR-1487
379042,"DUSTPAN, LOBBY WITH HANDLE - BLACK",PP-OR-1487
379044,"DUSTPAN, LOBBY WITH HANDLE - BLACK",PP-OR-1487
379045,"DUSTPAN, LOBBY WITH HANDLE - BLACK",PP-OR-1487
379046,"DUSTPAN, LOBBY WITH HANDLE - BLACK",PP-OR-1487
379926,"STAPLER EEA33",PP-OR-1487
380488,"KIT, LAPAROSCOPIC ANTI-FOGGING CLEARIFY",PP-OR-1487
380822,"HANDLE, ENDO GIA 12MM UNIVERSAL",PP-OR-1487
380823,"RELOAD, ENDO GIA 45MM TRISTAPLE ARTICULATING MED TAN",PP-OR-1487
380824,"RELOAD, ENDO GIA ARTICULATE TRI-STAPLE 60MM MED/THCK",PP-OR-1487
380833,"APPLIER, ENDOCLIP 10MM",PP-OR-1487
380834,"TROCAR, ENDO CLOSE",PP-OR-1487
380838,"BAG, SPECIMEN RETRIEVAL 10MM",PP-OR-1487
382341,"BAG, SPECIMEN RETRIEVAL 10MM",PP-OR-1487
382342,"HANDLE, ENDO GIA 12MM UNIVERSAL",PP-OR-1487
386273,"TROCAR, ENDO CLOSE",PP-OR-1487
386274,"APPLIER, ENDO CLIP II MED/LARGE 10 MM 20 TI CLIPS",PP-OR-1487
386275,"STAPLER, DST SERIES GIA 60MM - 3.8MM RELOADABLE",PP-OR-1487
386276,"STAPLER, GIA 80MM - 3.8MM",PP-OR-1487
386278,"BAG, SPECIMEN RETRIEVAL 10MM",PP-OR-1487
386279,"STAPLER, ENDOGIA ULTRA UNIV 12MM XL",PP-OR-1487
386280,"RELOAD, ARTICULATING ENDO GIA TRISTAPLE MED TAN 60MM",PP-OR-1487
386369,"SUTURE, 0 POLYSORB ENDO STITCH UNDYED ES-9 48",PP-OR-1487
386397,"RELOAD, GIA 80MM - 3.8MM",PP-OR-1487
386398,"STAPLER, GIA 80MM - 3.8MM",PP-OR-1487
390053,"TROCAR, ENDO CLOSE",PP-OR-1487
390097,"TROCAR, ENDO CLOSE",PP-OR-1487
391337,"HANDLE, ENDO GIA 12MM UNIVERSAL",PP-OR-1487
391470,"BAG, SPECIMEN RETRIEVAL 10MM",PP-OR-1487
392730,"STAPLER, SHELL SIGNIA POWER CONTROL",PP-OR-1487
392737,"STAPLER, DST SERIES 28 MM W/ 4.8 MM STAPLE",PP-OR-1487
392738,"STAPLER, DST SERIES 28 MM W/ 4.8 MM STAPLE",PP-OR-1487
394056,"STAPLER, DST SERIES 28 MM W/ 4.8 MM STAPLE",PP-OR-1487
394941,"APPLIER, ENDO CLIP III 5MM",PP-OR-1487
394942,"APPLIER, ENDO CLIP II MED/LARGE 10 MM 20 TI CLIPS",PP-OR-1487
394943,"BAG, SPECIMEN RETRIEVAL 10MM",PP-OR-1487
394944,"POUCH, SPECIMEN ENDOCATCH II 15MM",PP-OR-1487
398854,"RELOAD, ARTICULATE ENDO GIA TRISTAPLE MED/THICK RE",PP-OR-1487
404039,"TROCAR, ENDO CLOSE",PP-OR-1487
404040,"APPLIER, ENDO CLIP II MED/LARGE 10 MM 20 TI CLIPS",PP-OR-1487
404043,"RELOAD, GIA 80MM - 3.8MM",PP-OR-1487
404044,"STAPLER, GIA 80MM - 3.8MM",PP-OR-1487
404045,"BAG, SPECIMEN RETRIEVAL 10MM",PP-OR-1487
404046,"POUCH, SPECIMEN ENDOCATCH II 15MM",PP-OR-1487
406485,"STAPLER, SKIN ROTATING 35 WIDE",PP-OR-1487
406779,"APPLIER, SURGICLIP 11.5IN MED",PP-OR-1487
406994,"APPLIER, SURGICLIP 11.5IN MED",PP-OR-1487
407162,"STAPLER, DST SERIES 31 MM W/ 4.8 MM STAPLE",PP-OR-1487
410189,"SUTURE, 0 POLYSORB ENDO STITCH UNDYED ES-9 48",PP-OR-1487
414244,"SCISSORS, BANDAGE 5 1/2IN",PP-OR-1487
414305,"SCISSOR, IRIS STRAIGHT 4.5 INCH - STERILE",PP-OR-1487
873545,"SCISSORS SURGICAL OPERATING STRAIGHT CURVED SHARP/SHARP STAINLESS STEEL LATEX FR",PP-OR-1487
874167,"RELOAD, DST SERIES GIA 60MM - 3.8MM LOADING UNIT",PP-OR-1487
874168,"RELOAD, ENDO GIA MED THICK PURPLE 45MM",PP-OR-1487
874182,"RELOAD, ENDO GIA 45MM TRISTAPLE ARTICULATING MED TAN",PP-OR-1487
874192,"RELOAD, DST SERIES GIA 60MM - 3.8MM LOADING UNIT",PP-OR-1487
874209,"APPLIER, SURGICLIP LRG 13.0 TIT",PP-OR-1487
874830,"STAPLER, TA 90-3.5",PP-OR-1487
874857,"RELOAD, DST SERIES GIA 100MM - 4.8MM LOADING UNIT",PP-OR-1487
875637,"STAPLER, GIA 80MM - 3.8MM",PP-OR-1487
875661,"RELOAD, ENDO GIA 45MM CURVE TIP ART MED/THCK PURPL",PP-OR-1487
875662,"RELOAD, ENDO GIA MED THICK PURPLE 45MM",PP-OR-1487
875663,"RELOAD, ENDO GIA ARTICULATE TRI-STAPLE 60MM MED/THCK",PP-OR-1487
875664,"RELOAD, ENDO GIA ARTICULATE TRI-STAPLE 60MM EXTRA/THCK",PP-OR-1487
875668,"RELOAD, GIA 80MM - 3.8MM",PP-OR-1487
875669,"RELOAD, ENDO GIA MED THICK PURPLE 45MM",PP-OR-1487
876069,"APPLIER, ENDOCLIP 10MM",PP-OR-1487
876070,"RELOAD, GIA 80MM - 3.8MM",PP-OR-1487
876071,"TROCAR, ENDO CLOSE",PP-OR-1487
876078,"RELOAD, ENDO GIA 45MM CURVE TIP ART MED/THCK PURPL",PP-OR-1487
876079,"RELOAD, ENDO GIA 45MM TRISTAPLE ARTICULATING MED TAN",PP-OR-1487
876539,"APPLIER, SURGICLIP III 9.0IN SMALL",PP-OR-1487
877518,"STAPLER, SHELL SIGNIA POWER CONTROL",PP-OR-1487
877547,"SCISSOR, ENDO SHEARS 5MM",PP-OR-1487
877924,"SCISSORS SURGICAL IRIS CURVED SHARP/SHARP STAINLESS STEEL LATEX FREE DISPOSABLE",PP-OR-1487
877978,"RELOAD, ENDO GIA 45MM TRISTAPLE ARTICULATING MED TAN",PP-OR-1487
877981,"APPLIER, ENDOCLIP 10MM",PP-OR-1487
878888,"APPLIER, SURGICLIP MED 9.75",PP-OR-1487
878905,"STAPLER, DST SERIES GIA 60MM - 3.8MM RELOADABLE",PP-OR-1487
878914,"RELOAD, ENDO GIA 45MM TRISTAPLE ARTICULATING MED TAN",PP-OR-1487
878915,"RELOAD, ENDO GIA ARTICULATE TRI-STAPLE 60MM MED/THCK",PP-OR-1487
879700,"Scissors: Spencer Suture Scissors, 3.5" (8.89 cm)Knig Spencer Suture Scissors",PP-OR-1487
879951,"STAPLER, SHELL SIGNIA POWER CONTROL",PP-OR-1487
879952,"APPLIER, SURGICLIP 11.5IN MED",PP-OR-1487
879993,"APPLIER, ENDO CLIP III 5MM",PP-OR-1487
879994,"APPLIER, ENDO CLIP II MED/LARGE 10 MM 20 TI CLIPS",PP-OR-1487
879995,"APPLIER, ENDOCLIP 10MM",PP-OR-1487
879996,"POUCH, SPECIMEN ENDOCATCH II 15MM",PP-OR-1487
879999,"RELOAD, ENDO GIA MED THICK PURPLE 45MM",PP-OR-1487
880605,"DEVICE SUTURING LATEX FREE STERILE ENDO CLOSE",PP-OR-1487
881090,"TACKER, ABSORBATACK FIXATION DEVICE 5MM 15 TACKS",PP-OR-1487
881092,"STAPLER, GIA 80MM - 3.8MM",PP-OR-1487
881093,"STAPLER, GIA 80MM - 3.8MM",PP-OR-1487
881123,"STAPLER, DST SERIES GIA 100MM - 3.8MM RELOADABLE",PP-OR-1487
881124,"RELOAD, GIA 80MM - 3.8MM",PP-OR-1487
883156,"STAPLER, GIA 80MM - 3.8MM",PP-OR-1487
883157,"STAPLER, EEA XL 28MM W/ 4.8MM STAPLE",PP-OR-1487
883208,"RELOAD, ENDO GIA ARTICULATE TRI-STAPLE 60MM MED/THCK",PP-OR-1487
883213,"RELOAD, GIA 80MM - 3.8MM",PP-OR-1487
883537,"STAPLER, TA 30V-3 NON-ABS CLIP",PP-OR-1487
883538,"DEVICE, ORVIL EEA DTS SERIES 25MM",PP-OR-1487
883546,"HANDLE, ENDO GIA 12MM UNIVERSAL",PP-OR-1487
883547,"RELOAD, ENDO GIA ARTICULATE TRI-STAPLE 60MM MED/THCK",PP-OR-1487
885363,"STAPLER, SHELL SIGNIA POWER CONTROL",PP-OR-1487
885377,"STAPLER, TA 90-4.8",PP-OR-1487
885390,"RELOAD, GIA 80MM - 3.8MM",PP-OR-1487
885391,"TROCAR, ENDO CLOSE",PP-OR-1487
885392,"PURSTRING, DISP. 65 INST.",PP-OR-1487
886638,"STAPLER, EEA XL 25MM W/ 4.8MM STAPLE",PP-OR-1487
886640,"STAPLER, EEA XL 33MM W/ 4.8MM STAPLE",PP-OR-1487
886641,"APPLIER, SURGICLIP III 9.0IN SMALL",PP-OR-1487
886668,"RELOAD, DST SERIES GIA 100MM - 3.8MM LOADING UNIT",PP-OR-1487
886669,"HANDLE, ENDO GIA 12MM UNIVERSAL",PP-OR-1487
886670,"RELOAD, ENDO GIA 45MM TRISTAPLE ARTICULATING MED TAN",PP-OR-1487
886671,"RELOAD, ENDO GIA ARTICULATE TRI-STAPLE 60MM MED/THCK",PP-OR-1487
886672,"RELOAD, ARTICULATING ENDO GIA TRISTAPLE MED TAN 60MM",PP-OR-1487
886679,"RELOAD, ENDO GIA 45MM CURVE TIP ART MED/THCK PURPL",PP-OR-1487
886683,"RELOAD, DST SERIES GIA 100MM - 4.8MM LOADING UNIT",PP-OR-1487
886823,"SYSTEM VISUALIZATION ENDO CLEARIFY 8X6IN",PP-OR-1487
888187,"DISSECTOR, BALLOON OVAL SPACEMAKER PLUS SBT",PP-OR-1487
888188,"STAPLER, GIA 80MM - 3.8MM",PP-OR-1487
888190,"STAPLER, EEA XL 25MM W/ 4.8MM STAPLE",PP-OR-1487
888191,"STAPLER, EEA XL 28MM W/ 4.8MM STAPLE",PP-OR-1487
888220,"HANDLE, ENDO GIA 12MM UNIVERSAL",PP-OR-1487
888221,"HANDLE, GIA UNIVERSAL SHORT 12MM",PP-OR-1487
888222,"RELOAD, ENDO GIA 45MM CURVE TIP ART MED/THCK PURPL",PP-OR-1487
888223,"RELOAD, ENDO GIA 45MM TRISTAPLE ARTICULATING MED TAN",PP-OR-1487
888224,"RELOAD, ENDO GIA ARTICULATE TRI-STAPLE 60MM MED/THCK",PP-OR-1487
888257,"SCISSOR, ENDO SHEARS 5MM",PP-OR-1487
889508,"DISSECTOR, BALLOON OVAL SPACEMAKER PLUS SBT",PP-OR-1487
889510,"APPLIER, SURGICLIP 11.5IN MED",PP-OR-1487
890489,"STAPLER, DST SERIES 28 MM W/ 4.8 MM STAPLE",PP-OR-1487
890504,"RELOAD, GIA 80MM - 3.8MM",PP-OR-1487
890505,"SUTURE, 0 SURGIDAC ENDO STITCH 48&quot;",PP-OR-1487
890506,"SCISSOR, ENDO SHEARS 5MM",PP-OR-1487
890877,"HANDLE, ENDO GIA 12MM UNIVERSAL",PP-OR-1487
890878,"RELOAD, ENDO GIA ARTICULATE TRI-STAPLE 60MM EXTRA/THCK",PP-OR-1487
890879,"APPLIER, ENDO CLIP III 5MM",PP-OR-1487
890880,"APPLIER, ENDOCLIP 10MM",PP-OR-1487
890881,"SCISSOR, ENDO SHEARS 5MM",PP-OR-1487
890882,"HANDLE, ENDO GIA 12MM UNIVERSAL",PP-OR-1487
890883,"RELOAD, ARTICULATING ENDO GIA TRISTAPLE MED TAN 60MM",PP-OR-1487
892058,"STAPLER, EEA XL 31MM W/ 4.8MM STAPLE",PP-OR-1487
892059,"APPLIER, SURGICLIP III 9.0IN SMALL",PP-OR-1487
892060,"STAPLER, DST SERIES 33 MM W/ 4.8 MM STAPLE",PP-OR-1487
892077,"STAPLER, TA 60-3.5",PP-OR-1487
893295,"STAPLER, EEA XL 28MM W/ 4.8MM STAPLE",PP-OR-1487
893297,"APPLIER, SURGICLIP 11.5IN MED",PP-OR-1487
893298,"STAPLER, GIA 80MM - 3.8MM",PP-OR-1487
893299,"STAPLER, EEA XL 33MM W/ 4.8MM STAPLE",PP-OR-1487
893327,"SCISSOR, ENDO SHEARS 5MM",PP-OR-1487
893328,"APPLIER, ENDO CLIP III 5MM",PP-OR-1487
893329,"TROCAR, ENDO CLOSE",PP-OR-1487
893345,"HANDLE, ENDO GIA 12MM UNIVERSAL",PP-OR-1487
893346,"STAPLER, ENDOGIA ULTRA UNIV 12MM XL",PP-OR-1487
893351,"TROCAR, ENDO CLOSE",PP-OR-1487
893352,"APPLIER, ENDO CLIP III 5MM",PP-OR-1487
893353,"APPLIER, ENDO CLIP II MED/LARGE 10 MM 20 TI CLIPS",PP-OR-1487
893354,"ENDO STITCH, DISP 10MM",PP-OR-1487
893355,"SUTURE, 0 SURGIDAC ENDO STITCH 48&quot;",PP-OR-1487
894742,"STAPLER, GIA 80MM - 3.8MM",PP-OR-1487
894743,"STAPLER, SHELL SIGNIA POWER CONTROL",PP-OR-1487
894746,"STAPLER, EEA XL 28MM W/ 4.8MM STAPLE",PP-OR-1487
894755,"RELOAD, DST SERIES GIA 100MM - 4.8MM LOADING UNIT",PP-OR-1487
894764,"APPLIER, ENDOCLIP 10MM",PP-OR-1487
894766,"STAPLER, DST SERIES GIA 60MM - 3.8MM RELOADABLE",PP-OR-1487
894767,"TROCAR, ENDO CLOSE",PP-OR-1487
894768,"PURSTRING, DISP. 65 INST.",PP-OR-1487
894776,"HANDLE, ENDO GIA 12MM UNIVERSAL",PP-OR-1487
894777,"HANDLE, GIA UNIVERSAL SHORT 12MM",PP-OR-1487
894778,"RELOAD, ENDO GIA ROT VASCULAR MED TAN 45MM",PP-OR-1487
894779,"RELOAD, ENDO GIA 45MM TRISTAPLE ARTICULATING MED TAN",PP-OR-1487
894780,"RELOAD, ENDO GIA ARTICULATE TRI-STAPLE 60MM MED/THCK",PP-OR-1487
894781,"RELOAD, ARTICULATING ENDO GIA TRISTAPLE MED TAN 60MM",PP-OR-1487
895971,"STAPLER, SHELL SIGNIA POWER CONTROL",PP-OR-1487
896979,"APPLIER, SURGICLIP III 9.0IN SMALL",PP-OR-1487
896980,"STAPLER, GIA 80MM - 3.8MM",PP-OR-1487
896982,"STAPLER, SHELL SIGNIA POWER CONTROL",PP-OR-1487
899996,"APPLIER, SURGICLIP MED 9.75",PP-OR-1487
900001,"RELOAD, ENDO GIA ARTICULATE TRI-STAPLE 60MM MED/THCK",PP-OR-1487
900009,"PURSTRING, DISP. 65 INST.",PP-OR-1487
900023,"TROCAR, ENDO CLOSE",PP-OR-1487
900024,"ENDO STITCH, DISP 10MM",PP-OR-1487
900198,"HANDLE, ENDO GIA 12MM UNIVERSAL",PP-OR-1487
900199,"HANDLE, ENDO GIA 12MM UNIVERSAL",PP-OR-1487
900200,"HANDLE, ENDO GIA 12MM UNIVERSAL",PP-OR-1487
901776,"STAPLER, EEA XL 25MM W/ 4.8MM STAPLE",PP-OR-1487
901812,"SCISSOR, ENDO SHEARS 5MM",PP-OR-1487
901813,"TROCAR, ENDO CLOSE",PP-OR-1487
901814,"ENDO STITCH, DISP 10MM",PP-OR-1487
901815,"SUTURE, 0 SURGIDAC ENDO STITCH 48&quot;",PP-OR-1487
901852,"STAPLER, ENDOGIA ULTRA UNIV 12MM XL",PP-OR-1487
901853,"RELOAD, ENDO GIA ARTICULATE TRI-STAPLE 60MM MED/THCK",PP-OR-1487
901854,"RELOAD, ENDO GIA ARTICULATE TRI-STAPLE 60MM EXTRA/THCK",PP-OR-1487
905532,"STAPLER, TA 60-3.5",PP-OR-1487
905533,"RELOAD, GIA 80MM - 3.8MM",PP-OR-1487
905557,"RELOAD, GIA 80MM - 3.8MM",PP-OR-1487
905564,"RELOAD, ENDO GIA ROT VASCULAR MED TAN 45MM",PP-OR-1487
905565,"RELOAD, ENDO GIA 45MM TRISTAPLE ARTICULATING MED TAN",PP-OR-1487
906781,"STAPLER, GIA 80MM - 3.8MM",PP-OR-1487
906844,"APPLIER, ENDO CLIP II MED/LARGE 10 MM 20 TI CLIPS",PP-OR-1487
906845,"APPLIER, ENDOCLIP 10MM",PP-OR-1487
906846,"ENDO STITCH, DISP 10MM",PP-OR-1487
906847,"POUCH, SPECIMEN ENDOCATCH II 15MM",PP-OR-1487
906855,"RELOAD, SIGNIA 2.0 TRI-STAPLE 30 VSCLR MED TAN 12MM",PP-OR-1487
906856,"RELOAD, SIGNIA 2.0 TRI-STAPLE 30 MED THK PURPLE 12MM",PP-OR-1487
906857,"RELOAD, ENDO GIA 45MM TRISTAPLE ARTICULATING MED TAN",PP-OR-1487
906858,"RELOAD, ARTICULATING ENDO GIA TRISTAPLE MED TAN 60MM",PP-OR-1487
908361,"SYSTEM VISUALIZATION ENDO CLEARIFY 8X6IN",PP-OR-1487
909747,"APPLIER, ENDOCLIP 10MM",PP-OR-1487
909783,"HANDLE, GIA UNIVERSAL SHORT 12MM",PP-OR-1487
909784,"RELOAD, ENDO GIA 45MM TRISTAPLE ARTICULATING MED TAN",PP-OR-1487
911012,"STAPLER, EEA XL 28MM W/ 4.8MM STAPLE",PP-OR-1487
911013,"STAPLER, DST SERIES 28 MM W/ 4.8 MM STAPLE",PP-OR-1487
911014,"STAPLER, SHELL SIGNIA POWER CONTROL",PP-OR-1487
912189,"APPLIER, SURGICLIP III 9.0IN SMALL",PP-OR-1487
912190,"APPLIER, SURGICLIP III 9.0IN SMALL",PP-OR-1487
912225,"ENDO STITCH, DISP 10MM",PP-OR-1487
912242,"STAPLER, ENDOGIA ULTRA UNIV 12MM XL",PP-OR-1487
912243,"HANDLE, ENDO GIA 12MM UNIVERSAL",PP-OR-1487
912509,"DEVICE SUTURING LATEX FREE STERILE ENDO CLOSE",PP-OR-1487
912614,"STAPLER, DST SERIES GIA 100MM - 3.8MM RELOADABLE",PP-OR-1487
912615,"TROCAR, ENDO CLOSE",PP-OR-1487
912616,"HANDLE, ENDO GIA 12MM UNIVERSAL",PP-OR-1487
915094,"STAPLER, GIA 80MM - 3.8MM",PP-OR-1487
915121,"HANDLE, ENDO GIA 12MM UNIVERSAL",PP-OR-1487
915129,"TROCAR, ENDO CLOSE",PP-OR-1487
915145,"TROCAR, ENDO CLOSE",PP-OR-1487
916440,"STAPLER, DST SERIES 28 MM W/ 4.8 MM STAPLE",PP-OR-1487
916464,"APPLIER, ENDO CLIP III 5MM",PP-OR-1487
916470,"RELOAD, DST SERIES GIA 60MM - 3.8MM LOADING UNIT",PP-OR-1487
918154,"APPLIER, ENDOCLIP 10MM",PP-OR-1487
918156,"SCISSOR, ENDO SHEARS 5MM",PP-OR-1487
919401,"APPLIER, SURGICLIP MED 9.75",PP-OR-1487
919425,"PURSTRING, DISP. 65 INST.",PP-OR-1487
919437,"RELOAD, GIA 80MM - 3.8MM",PP-OR-1487
921110,"HANDLE, ENDO GIA 12MM UNIVERSAL",PP-OR-1487
921111,"RELOAD, ENDO GIA 45MM TRISTAPLE ARTICULATING MED TAN",PP-OR-1487
921112,"RELOAD, ARTICULATING ENDO GIA TRISTAPLE MED TAN 60MM",PP-OR-1487
921124,"APPLIER, ENDO CLIP III 5MM",PP-OR-1487
921125,"APPLIER, ENDO CLIP II MED/LARGE 10 MM 20 TI CLIPS",PP-OR-1487
921830,"Scissors: Metzenbaum Dissecting Scissors, Curved, Blunt/Blunt, 9" (22.9 cm)Knig",PP-OR-1487
922306,"STAPLER, SHELL SIGNIA POWER CONTROL",PP-OR-1487
922308,"STAPLER, GIA 80MM - 3.8MM",PP-OR-1487
922347,"APPLIER, SURGICLIP LRG 13.0 TIT",PP-OR-1487
922370,"RELOAD, GIA 80MM - 3.8MM",PP-OR-1487
923638,"HANDLE, ENDO GIA 12MM UNIVERSAL",PP-OR-1487
923645,"TROCAR, ENDO CLOSE",PP-OR-1487
923646,"ENDO STITCH, DISP 10MM",PP-OR-1487
924939,"APPLIER, SURGICLIP 11.5IN MED",PP-OR-1487
924940,"APPLIER, SURGICLIP 11.5IN MED",PP-OR-1487
924965,"APPLIER, SURGICLIP LRG 13.0 TIT",PP-OR-1487
924988,"RELOAD, ENDO GIA ROT VASCULAR MED TAN 45MM",PP-OR-1487
924989,"RELOAD, ENDO GIA 45MM TRISTAPLE ARTICULATING MED TAN",PP-OR-1487
924990,"RELOAD, ENDO GIA ARTICULATE TRI-STAPLE 60MM MED/THCK",PP-OR-1487
924991,"APPLIER, ENDO CLIP II MED/LARGE 10 MM 20 TI CLIPS",PP-OR-1487
924992,"RELOAD, DST SERIES GIA 60MM - 3.8MM LOADING UNIT",PP-OR-1487
924993,"TROCAR, ENDO CLOSE",PP-OR-1487
924994,"PURSTRING, DISP. 65 INST.",PP-OR-1487
925182,"SYSTEM VISUALIZATION ENDO CLEARIFY 8X6IN",PP-OR-1487
926249,"APPLIER, SURGICLIP 11.5IN MED",PP-OR-1487
926252,"STAPLER, DST SERIES 28 MM W/ 4.8 MM STAPLE",PP-OR-1487
926256,"APPLIER, SURGICLIP III 9.0IN SMALL",PP-OR-1487
926257,"APPLIER, SURGICLIP 11.5IN MED",PP-OR-1487
927712,"Scissors: Single-Use Iris Scissors, Straight, Standard, 4.5"Floor Grade Iris Str",PP-OR-1487
927782,"APPLIER, ENDO CLIP II MED/LARGE 10 MM 20 TI CLIPS",PP-OR-1487
933239,"STAPLER, TA 30V-3 NON-ABS CLIP",PP-OR-1487
933240,"RELOAD, TA 30MM - V3",PP-OR-1487
933241,"POUCH, SPECIMEN ENDOCATCH II 15MM",PP-OR-1487
933242,"SCISSOR, ENDO SHEARS 5MM",PP-OR-1487
933265,"SCISSOR, ENDO SHEARS 5MM",PP-OR-1487
933440,"APPLIER, ENDO CLIP II MED/LARGE 10 MM 20 TI CLIPS",PP-OR-1487
935405,"STAPLER, SHELL SIGNIA POWER CONTROL",PP-OR-1487
935639,"STAPLER, TA 60-3.5",PP-OR-1487
937043,"HANDLE, ENDO GIA 12MM UNIVERSAL",PP-OR-1487
937044,"RELOAD, SIGNIA TRI-STAPLE 2.0 30 MM CURVED TIP ARTICULATING VASCULAR/MEDIUM",PP-OR-1487
937045,"RELOAD, ENDO GIA 45MM CURVE TIP ART MED/THCK PURPL",PP-OR-1487
937046,"RELOAD, ENDO GIA 45MM TRISTAPLE ARTICULATING MED TAN",PP-OR-1487
937047,"RELOAD, ENDO GIA ARTICULATE TRI-STAPLE 60MM MED/THCK",PP-OR-1487
937048,"RELOAD, ENDO GIA ARTICULATE TRI-STAPLE 60MM EXTRA/THCK",PP-OR-1487
937055,"APPLIER, ENDO CLIP II MED/LARGE 10 MM 20 TI CLIPS",PP-OR-1487
937057,"TROCAR, ENDO CLOSE",PP-OR-1487
939672,"HANDLE, ENDO GIA 12MM UNIVERSAL",PP-OR-1487
939943,"TROCAR, ENDO CLOSE",PP-OR-1487
939944,"APPLIER, ENDOCLIP 10MM",PP-OR-1487
939948,"APPLIER, ENDO CLIP II MED/LARGE 10 MM 20 TI CLIPS",PP-OR-1487
939949,"STAPLER, TA 30V-3 NON-ABS CLIP",PP-OR-1487
939950,"RELOAD, GIA 80MM - 3.8MM",PP-OR-1487
939951,"TROCAR, ENDO CLOSE",PP-OR-1487
939955,"APPLIER, SURGICLIP LRG 13.0 TIT",PP-OR-1487
939957,"RELOAD, SIGNIA TRI-STAPLE 2.0 30 MM CURVED TIP ARTICULATING VASCULAR/MEDIUM",PP-OR-1487
939958,"RELOAD, ENDO GIA 45MM CURVE TIP ART MED/THCK PURPL",PP-OR-1487
939959,"RELOAD, ENDO GIA 45MM TRISTAPLE ARTICULATING MED TAN",PP-OR-1487
939960,"RELOAD, ENDO GIA ARTICULATE TRI-STAPLE 60MM MED/THCK",PP-OR-1487
939961,"RELOAD, ENDO GIA ARTICULATE TRI-STAPLE 60MM EXTRA/THCK",PP-OR-1487
939964,"HANDLE, ENDO GIA 12MM UNIVERSAL",PP-OR-1487
939965,"RELOAD, SIGNIA 2.0 TRI-STAPLE 30 VSCLR MED TAN 12MM",PP-OR-1487
940594,"HANDLE, ENDO GIA 12MM UNIVERSAL",PP-OR-1487
940596,"STAPLER, TA 60-3.5",PP-OR-1487
941741,"STAPLER, GIA 80MM - 3.8MM",PP-OR-1487
941742,"APPLIER, SURGICLIP MED 9.75",PP-OR-1487
941744,"STAPLER, GIA 80MM - 3.8MM",PP-OR-1487
941814,"HANDLE, ENDO GIA 12MM UNIVERSAL",PP-OR-1487
941815,"RELOAD, SIGNIA TRI-STAPLE 2.0 30 MM CURVED TIP ARTICULATING VASCULAR/MEDIUM",PP-OR-1487
941816,"RELOAD, ENDO GIA 45MM CURVE TIP ART MED/THCK PURPL",PP-OR-1487
941817,"RELOAD, ENDO GIA ARTICULATE TRI-STAPLE 60MM MED/THCK",PP-OR-1487
941818,"RELOAD, ENDO GIA ARTICULATE TRI-STAPLE 60MM EXTRA/THCK",PP-OR-1487
941821,"CLIP, LAPROCLIP LIGATING CARTRIDGE ABSORB 12MM",PP-OR-1487
941822,"RELOAD, GIA 80MM - 3.8MM",PP-OR-1487
941842,"HANDLE, ENDO GIA 12MM UNIVERSAL",PP-OR-1487
941843,"RELOAD, ENDO GIA 45MM TRISTAPLE ARTICULATING MED TAN",PP-OR-1487
941844,"RELOAD, ENDO GIA MED THICK PURPLE 45MM",PP-OR-1487
941858,"HANDLE, GIA UNIVERSAL SHORT 12MM",PP-OR-1487
941859,"RELOAD, ENDO GIA ARTICULATE TRI-STAPLE 60MM EXTRA/THCK",PP-OR-1487
943137,"APPLIER, SURGICLIP III 9.0IN SMALL",PP-OR-1487
943138,"STAPLER, TA 90-3.5",PP-OR-1487
943139,"STAPLER, EEA XL 28MM W/ 4.8MM STAPLE",PP-OR-1487
943185,"SUTURE, 0 POLYSORB ENDO STITCH UNDYED ES-9 48",PP-OR-1487
943193,"HANDLE, GIA UNIVERSAL SHORT 12MM",PP-OR-1487
944485,"STAPLER, EEA XL 31MM W/ 4.8MM STAPLE",PP-OR-1487
944518,"TROCAR, ENDO CLOSE",PP-OR-1487
944557,"APPLIER, ENDOCLIP 10MM",PP-OR-1487
944575,"HANDLE, ENDO GIA 12MM UNIVERSAL",PP-OR-1487
944576,"RELOAD, ENDO GIA 45MM CURVE TIP ART MED/THCK PURPL",PP-OR-1487
944577,"RELOAD, ENDO GIA ARTICULATE TRI-STAPLE 60MM MED/THCK",PP-OR-1487
945828,"APPLIER, SURGICLIP 11.5IN MED",PP-OR-1487
945831,"APPLIER, SURGICLIP III 9.0IN SMALL",PP-OR-1487
945832,"APPLIER, SURGICLIP MED 9.75",PP-OR-1487
945833,"STAPLER, EEA XL 31MM W/ 4.8MM STAPLE",PP-OR-1487
945834,"STAPLER, EEA XL 28MM W/ 4.8MM STAPLE",PP-OR-1487
945835,"APPLIER, SURGICLIP 11.5IN MED",PP-OR-1487
945836,"APPLIER, SURGICLIP 11.5IN MED",PP-OR-1487
945837,"APPLIER, SURGICLIP 11.5IN MED",PP-OR-1487
947209,"STAPLER, TA 60-3.5",PP-OR-1487
947210,"STAPLER, DST SERIES GIA 60MM - 3.8MM RELOADABLE",PP-OR-1487
947211,"PURSTRING, DISP. 65 INST.",PP-OR-1487
947234,"RELOAD, ENDO GIA ARTICULATE TRI-STAPLE 60MM EXTRA/THCK",PP-OR-1487
947235,"RELOAD, ENDO GIA ARTICULATE TRI-STAPLE 60MM MED/THCK",PP-OR-1487
947240,"APPLIER, ENDO CLIP II MED/LARGE 10 MM 20 TI CLIPS",PP-OR-1487
947559,"HANDLE, ENDO GIA 12MM UNIVERSAL",PP-OR-1487
947560,"RELOAD, ENDO GIA ROT VASCULAR MED TAN 45MM",PP-OR-1487
947561,"RELOAD, ENDO GIA ARTICULATE TRI-STAPLE 60MM MED/THCK",PP-OR-1487
947562,"PURSTRING, DISP. 65 INST.",PP-OR-1487
950166,"APPLIER, SURGICLIP III 9.0IN SMALL",PP-OR-1487
950226,"RELOAD, TA 90-3.5",PP-OR-1487
950227,"POUCH, SPECIMEN ENDOCATCH II 15MM",PP-OR-1487
950229,"RELOAD, ENDO GIA ARTICULATE TRI-STAPLE 60MM MED/THCK",PP-OR-1487
950230,"RELOAD, ENDO GIA ARTICULATE TRI-STAPLE 60MM EXTRA/THCK",PP-OR-1487
950243,"STAPLER, DST SERIES GIA 60MM - 3.8MM RELOADABLE",PP-OR-1487
950244,"SCISSOR, ENDO SHEARS 5MM",PP-OR-1487
950245,"PURSTRING, DISP. 65 INST.",PP-OR-1487
950257,"HANDLE, ENDO GIA 12MM UNIVERSAL",PP-OR-1487
950258,"STAPLER, ENDOGIA ULTRA UNIV 12MM XL",PP-OR-1487
950399,"SYSTEM VISUALIZATION ENDO CLEARIFY 8X6IN",PP-OR-1487
951469,"APPLIER, SURGICLIP MED 9.75",PP-OR-1487
951472,"STAPLER, EEA XL 28MM W/ 4.8MM STAPLE",PP-OR-1487
951473,"STAPLER, EEA XL 28MM W/ 4.8MM STAPLE",PP-OR-1487
951475,"STAPLER, EEA XL 28MM W/ 4.8MM STAPLE",PP-OR-1487
951501,"APPLIER, ENDO CLIP III 5MM",PP-OR-1487
951502,"SCISSOR, ENDO SHEARS 5MM",PP-OR-1487
951503,"ENDO STITCH, DISP 10MM",PP-OR-1487
952878,"APPLIER, SURGICLIP LRG 13.0 TIT",PP-OR-1487
952879,"APPLIER, ENDO CLIP II MED/LARGE 10 MM 20 TI CLIPS",PP-OR-1487
952880,"APPLIER, ENDOCLIP 10MM",PP-OR-1487
952881,"TROCAR, ENDO CLOSE",PP-OR-1487
952894,"HANDLE, ENDO GIA 12MM UNIVERSAL",PP-OR-1487
952895,"STAPLER, ENDOGIA ULTRA UNIV 12MM XL",PP-OR-1487
952896,"HANDLE, GIA UNIVERSAL SHORT 12MM",PP-OR-1487
952897,"RELOAD, SIGNIA TRI-STAPLE 2.0 30 MM CURVED TIP ARTICULATING VASCULAR/MEDIUM",PP-OR-1487
952898,"RELOAD, ENDO GIA ROT VASCULAR MED TAN 45MM",PP-OR-1487
952899,"RELOAD, ENDO GIA ARTICULATE TRI-STAPLE 60MM MED/THCK",PP-OR-1487
954022,"APPLIER, SURGICLIP III 9.0IN SMALL",PP-OR-1487
954023,"APPLIER, SURGICLIP MED 9.75",PP-OR-1487
955360,"STAPLER, DST SERIES 28 MM W/ 4.8 MM STAPLE",PP-OR-1487
955423,"TROCAR, ENDO CLOSE",PP-OR-1487
956913,"STAPLER, GIA 80MM - 3.8MM",PP-OR-1487
956959,"APPLIER, ENDOCLIP 10MM",PP-OR-1487
956960,"TROCAR, ENDO CLOSE",PP-OR-1487
956974,"HANDLE, ENDO GIA 12MM UNIVERSAL",PP-OR-1487
956975,"RELOAD, SIGNIA TRI-STAPLE 2.0 30 MM CURVED TIP ARTICULATING VASCULAR/MEDIUM",PP-OR-1487
956985,"APPLIER, ENDO CLIP III 5MM",PP-OR-1487
957001,"RELOAD, ENDO GIA MED THICK PURPLE 45MM",PP-OR-1487
957277,"APPLIER, ENDOCLIP 10MM",PP-OR-1487
957278,"APPLIER, ENDO CLIP II MED/LARGE 10 MM 20 TI CLIPS",PP-OR-1487
957279,"APPLIER, ENDO CLIP III 5MM",PP-OR-1487
958235,"RELOAD, ENDO GIA ARTICULATE TRI-STAPLE 60MM EXTRA/THCK",PP-OR-1487
958237,"TROCAR, ENDO CLOSE",PP-OR-1487
958249,"APPLIER, SURGICLIP LRG 13.0 TIT",PP-OR-1487
958255,"STAPLER, DST SERIES GIA 100MM - 3.8MM RELOADABLE",PP-OR-1487
958256,"RELOAD, GIA 80MM - 3.8MM",PP-OR-1487
958257,"PURSTRING, DISP. 65 INST.",PP-OR-1487
958264,"HANDLE, ENDO GIA 12MM UNIVERSAL",PP-OR-1487
958265,"HANDLE, GIA UNIVERSAL SHORT 12MM",PP-OR-1487
958266,"RELOAD, SIGNIA TRI-STAPLE 2.0 30 MM CURVED TIP ARTICULATING VASCULAR/MEDIUM",PP-OR-1487
958267,"RELOAD, ENDO GIA 45MM TRISTAPLE ARTICULATING MED TAN",PP-OR-1487
958268,"RELOAD, ENDO GIA ARTICULATE TRI-STAPLE 60MM MED/THCK",PP-OR-1487
959527,"ADAPTER, SIGNIA POWER LINEAR XL",PP-OR-1487
959700,"HANDLE, ENDO GIA 12MM UNIVERSAL",PP-OR-1487
959701,"HANDLE, ENDO GIA 12MM UNIVERSAL",PP-OR-1487
959716,"SCISSOR, ENDO SHEARS 5MM",PP-OR-1487
960766,"APPLIER, SURGICLIP III 9.0IN SMALL",PP-OR-1487
960767,"STAPLER, GIA 80MM - 3.8MM",PP-OR-1487
962109,"STAPLER, EEA XL 31MM W/ 4.8MM STAPLE",PP-OR-1487
962146,"HANDLE, ENDO GIA 12MM UNIVERSAL",PP-OR-1487
962147,"RELOAD, ENDO GIA ROT VASCULAR MED TAN 45MM",PP-OR-1487
962148,"RELOAD, ENDO GIA MED THICK PURPLE 45MM",PP-OR-1487
962149,"RELOAD, ENDO GIA ARTICULATE TRI-STAPLE 60MM MED/THCK",PP-OR-1487
962150,"RELOAD, ARTICULATING ENDO GIA TRISTAPLE MED TAN 60MM",PP-OR-1487
962152,"STAPLER, TA 60-3.5",PP-OR-1487
962265,"SYSTEM VISUALIZATION ENDO CLEARIFY 8X6IN",PP-OR-1487
962337,"HANDLE, ENDO GIA 12MM UNIVERSAL",PP-OR-1487
962338,"HANDLE, ENDO GIA 12MM UNIVERSAL",PP-OR-1487
962497,"STAPLER, TA 60MM - 4.8MM RELOADABLE",PP-OR-1487
962509,"APPLIER, ENDO CLIP III 5MM",PP-OR-1487
962517,"STAPLER, TA 30V-3 NON-ABS CLIP",PP-OR-1487
965202,"STAPLER, EEA XL 28MM W/ 4.8MM STAPLE",PP-OR-1487
965231,"RELOAD, SIGNIA TRI-STAPLE 2.0 30 MM CURVED TIP ARTICULATING VASCULAR/MEDIUM",PP-OR-1487
965235,"STAPLER, ENDOGIA ULTRA UNIV 12MM XL",PP-OR-1487
965236,"RELOAD, ENDO GIA ROT TRI-STAPLE 45MM EXTRA/THCK",PP-OR-1487
965237,"RELOAD, ENDO GIA 45MM TRISTAPLE ARTICULATING MED TAN",PP-OR-1487
965238,"RELOAD, ARTICULATING ENDO GIA TRISTAPLE MED TAN 60MM",PP-OR-1487
965239,"RELOAD, DST SERIES GIA 100MM - 3.8MM LOADING UNIT",PP-OR-1487
965240,"RELOAD, GIA 80MM - 3.8MM",PP-OR-1487
965241,"SCISSOR, ENDO SHEARS 5MM",PP-OR-1487
965243,"POUCH, SPECIMEN ENDOCATCH II 15MM",PP-OR-1487
965506,"SYSTEM VISUALIZATION ENDO CLEARIFY 8X6IN",PP-OR-1487
966293,"Scissors: Single-Use Iris Scissors, Straight, Standard, 4.5"Floor Grade Iris Str",PP-OR-1487
966694,"STAPLER, SHELL SIGNIA POWER CONTROL",PP-OR-1487
966725,"STAPLER, ENDOGIA ULTRA UNIV 12MM XL",PP-OR-1487
966726,"RELOAD, DST SERIES GIA 60MM - 3.8MM LOADING UNIT",PP-OR-1487
966727,"SCISSOR, ENDO SHEARS 5MM",PP-OR-1487
968269,"RELOAD, TA 30MM - V3",PP-OR-1487
968270,"APPLIER, ENDO CLIP II MED/LARGE 10 MM 20 TI CLIPS",PP-OR-1487
968272,"TROCAR, ENDO CLOSE",PP-OR-1487
968287,"APPLIER, SURGICLIP LRG 13.0 TIT",PP-OR-1487
968288,"HANDLE, ENDO GIA 12MM UNIVERSAL",PP-OR-1487
968289,"HANDLE, GIA UNIVERSAL SHORT 12MM",PP-OR-1487
968290,"RELOAD, SIGNIA TRI-STAPLE 2.0 30 MM CURVED TIP ARTICULATING VASCULAR/MEDIUM",PP-OR-1487
968291,"RELOAD, ENDO GIA ROT VASCULAR MED TAN 45MM",PP-OR-1487
968292,"RELOAD, ENDO GIA ARTICULATE TRI-STAPLE 60MM MED/THCK",PP-OR-1487
968293,"RELOAD, ENDO GIA ARTICULATE TRI-STAPLE 60MM EXTRA/THCK",PP-OR-1487
968329,"TROCAR, ENDO CLOSE",PP-OR-1487
968336,"HANDLE, ENDO GIA 12MM UNIVERSAL",PP-OR-1487
968337,"RELOAD, ARTICULATING ENDO GIA TRISTAPLE MED TAN 60MM",PP-OR-1487
972083,"STAPLER, EEA XL 33MM W/ 4.8MM STAPLE",PP-OR-1487
972084,"STAPLER, SHELL SIGNIA POWER CONTROL",PP-OR-1487
972089,"APPLIER, SURGICLIP III 9.0IN SMALL",PP-OR-1487
972090,"APPLIER, SURGICLIP 11.5IN MED",PP-OR-1487
972091,"APPLIER, SURGICLIP MED 9.75",PP-OR-1487
972150,"SUTURE, 0 POLYSORB ENDO STITCH UNDYED ES-9 48",PP-OR-1487
972153,"STAPLER, TA 30V-3 NON-ABS CLIP",PP-OR-1487
974108,"APPLIER, SURGICLIP III 9.0IN SMALL",PP-OR-1487
974206,"RELOAD, TA 30MM - V3",PP-OR-1487
974208,"RELOAD, TA 60MM - 3.5MM",PP-OR-1487
974209,"TROCAR, ENDO CLOSE",PP-OR-1487
974215,"HANDLE, ENDO GIA 12MM UNIVERSAL",PP-OR-1487
974216,"HANDLE, GIA UNIVERSAL SHORT 12MM",PP-OR-1487
974217,"RELOAD, SIGNIA TRI-STAPLE 2.0 30 MM CURVED TIP ARTICULATING VASCULAR/MEDIUM",PP-OR-1487
976093,"RELOAD, GIA 80MM - 3.8MM",PP-OR-1487
976094,"PURSTRING, DISP. 65 INST.",PP-OR-1487
976105,"APPLIER, ENDO CLIP III 5MM",PP-OR-1487
976106,"APPLIER, ENDO CLIP II MED/LARGE 10 MM 20 TI CLIPS",PP-OR-1487
976107,"APPLIER, ENDOCLIP 10MM",PP-OR-1487
976108,"RELOAD, ARTICULATING ENDO GIA TRISTAPLE MED TAN 60MM",PP-OR-1487
976109,"RELOAD, ARTICULATE ENDO GIA TRISTAPLE MED/THICK RE",PP-OR-1487
976908,"SYSTEM VISUALIZATION ENDO CLEARIFY 8X6IN",PP-OR-1487
978016,"STAPLER, TA 90-3.5",PP-OR-1487
978061,"TROCAR, ENDO CLOSE",PP-OR-1487
978062,"RELOAD, ENDO GIA MED THICK PURPLE 45MM",PP-OR-1487
979248,"APPLIER, SURGICLIP MED 9.75",PP-OR-1487
979251,"STAPLER, GIA 80MM - 3.8MM",PP-OR-1487
979253,"APPLIER, SURGICLIP III 9.0IN SMALL",PP-OR-1487
979371,"HANDLE, ENDO GIA 12MM UNIVERSAL",PP-OR-1487
979372,"RELOAD, SIGNIA TRI-STAPLE 2.0 30 MM CURVED TIP ARTICULATING VASCULAR/MEDIUM",PP-OR-1487
979373,"RELOAD, ENDO GIA 45MM TRISTAPLE ARTICULATING MED TAN",PP-OR-1487
979374,"RELOAD, ENDO GIA ARTICULATE TRI-STAPLE 60MM MED/THCK",PP-OR-1487
979379,"SUTURE, 2-0 ENDO STITCH POLYSORB VIOLET 48INCH",PP-OR-1487
979380,"SUTURE, 2-0 ENDO STITCH POLYSORB VIOLET 48INCH",PP-OR-1487
980674,"RELOAD, ENDO GIA MED THICK PURPLE 45MM",PP-OR-1487
982365,"RELOAD, SIGNIA TRI-STAPLE 2.0 30 MM CURVED TIP ARTICULATING VASCULAR/MEDIUM",PP-OR-1487
982370,"RELOAD, GIA 80MM - 3.8MM",PP-OR-1487
982371,"SUTURE, 0 SURGIDAC ENDO STITCH 48&quot;",PP-OR-1487
984404,"Scissors, Spencer: 3.5" (9 cm) Spencer Suture ScissorsKnig Spencer Suture Sciss",PP-OR-1487
984792,"RELOAD, ARTICULATE ENDO GIA TRISTAPLE MED/THICK RE",PP-OR-1487
984824,"HANDLE, ENDO GIA 12MM UNIVERSAL",PP-OR-1487
984825,"HANDLE, GIA UNIVERSAL SHORT 12MM",PP-OR-1487
984826,"HANDLE, ENDO GIA 12MM UNIVERSAL",PP-OR-1487
984827,"STAPLER, ENDOGIA ULTRA UNIV 12MM XL",PP-OR-1487
984828,"RELOAD, ENDO GIA 45MM TRISTAPLE ARTICULATING MED TAN",PP-OR-1487
984836,"SUTURE, 2-0 SURGIDAC ENDO STITCH 48IN",PP-OR-1487
984843,"HANDLE, GIA UNIVERSAL SHORT 12MM",PP-OR-1487
984844,"RELOAD, ENDO GIA 45MM TRISTAPLE ARTICULATING MED TAN",PP-OR-1487
984845,"RELOAD, ENDO GIA ARTICULATE TRI-STAPLE 60MM MED/THCK",PP-OR-1487
984851,"STAPLER, TA 30V-3 NON-ABS CLIP",PP-OR-1487
984852,"TROCAR, ENDO CLOSE",PP-OR-1487
986085,"STAPLER, EEA XL 33MM W/ 4.8MM STAPLE",PP-OR-1487
986110,"RELOAD, TA 30MM - V3",PP-OR-1487
986116,"HANDLE, ENDO GIA 12MM UNIVERSAL",PP-OR-1487
986117,"HANDLE, GIA UNIVERSAL SHORT 12MM",PP-OR-1487
986118,"APPLIER, ENDO CLIP III 5MM",PP-OR-1487
986119,"SCISSOR, ENDO SHEARS 5MM",PP-OR-1487
986140,"RELOAD, ARTICULATING ENDO GIA TRISTAPLE MED TAN 60MM",PP-OR-1487
986141,"SUTURE, 0 SURGIDAC ENDO STITCH 48&quot;",PP-OR-1487
987750,"RELOAD, ENDO GIA 45MM TRISTAPLE ARTICULATING MED TAN",PP-OR-1487
987751,"RELOAD, ARTICULATING ENDO GIA TRISTAPLE MED TAN 60MM",PP-OR-1487
987752,"SCISSOR, ENDO SHEARS 5MM",PP-OR-1487
988939,"STAPLER, DST SERIES 31 MM W/ 4.8 MM STAPLE",PP-OR-1487
990361,"STAPLER, SHELL SIGNIA POWER CONTROL",PP-OR-1487
990414,"APPLIER, ENDOCLIP 10MM",PP-OR-1487
990415,"STAPLER, TA 60MM - 4.8MM RELOADABLE",PP-OR-1487
990419,"TROCAR, ENDO CLOSE",PP-OR-1487
990420,"POUCH, SPECIMEN ENDOCATCH II 15MM",PP-OR-1487
990854,"HANDLE, ENDO GIA 12MM UNIVERSAL",PP-OR-1487
990859,"APPLIER, ENDOCLIP 10MM",PP-OR-1487
990861,"TROCAR, ENDO CLOSE",PP-OR-1487
991995,"APPLIER, SURGICLIP 11.5IN MED",PP-OR-1487
991996,"STAPLER, SHELL SIGNIA POWER CONTROL",PP-OR-1487
992030,"STAPLER, DST SERIES GIA 60MM - 3.8MM RELOADABLE",PP-OR-1487
992052,"APPLIER, ENDOCLIP 10MM",PP-OR-1487
992053,"STAPLER, DST SERIES GIA 100MM - 3.8MM RELOADABLE",PP-OR-1487
992054,"RELOAD, GIA 80MM - 3.8MM",PP-OR-1487
992055,"DEVICE, ORVIL EEA DTS SERIES 25MM",PP-OR-1487
992056,"PURSTRING, DISP. 65 INST.",PP-OR-1487
992057,"RELOAD, SIGNIA TRI-STAPLE 2.0 30 MM CURVED TIP ARTICULATING VASCULAR/MEDIUM",PP-OR-1487
992058,"RELOAD, ENDO GIA ROT VASCULAR MED TAN 45MM",PP-OR-1487
992059,"RELOAD, ENDO GIA MED THICK PURPLE 45MM",PP-OR-1487
992060,"RELOAD, ENDO GIA ARTICULATE TRI-STAPLE 60MM MED/THCK",PP-OR-1487
992061,"RELOAD, ARTICULATING ENDO GIA TRISTAPLE MED TAN 60MM",PP-OR-1487
992096,"ENDO STITCH, DISP 10MM",PP-OR-1487
992107,"HANDLE, ENDO GIA 12MM UNIVERSAL",PP-OR-1487
993356,"STAPLER, SHELL SIGNIA POWER CONTROL",PP-OR-1487
993357,"RELOAD, ARTICULATE ENDO GIA TRISTAPLE MED/THICK RE",PP-OR-1487
993362,"STAPLER, EEA XL 31MM W/ 4.8MM STAPLE",PP-OR-1487
993364,"APPLIER, SURGICLIP 11.5IN MED",PP-OR-1487
993400,"RELOAD, DST SERIES GIA 100MM - 3.8MM LOADING UNIT",PP-OR-1487
993401,"CLIP, LAPROCLIP LIGATING CARTRIDGE ABSORB 12MM",PP-OR-1487
994699,"RELOAD, GIA 80MM - 3.8MM",PP-OR-1487
994700,"PURSTRING, DISP. 65 INST.",PP-OR-1487
996029,"APPLIER, SURGICLIP III 9.0IN SMALL",PP-OR-1487
996077,"RELOAD, ENDO GIA 45MM TRISTAPLE ARTICULATING MED TAN",PP-OR-1487
996078,"RELOAD, ENDO GIA MED THICK PURPLE 45MM",PP-OR-1487
997384,"STAPLER, TA 90-3.5",PP-OR-1487
998212,"RELOAD, TA 60MM - 3.5MM",PP-OR-1487
998213,"SUTURE, 0 SURGIDAC ENDO STITCH 48&quot;",PP-OR-1487
998214,"POUCH, SPECIMEN ENDOCATCH II 15MM",PP-OR-1487
998224,"HANDLE, ENDO GIA 12MM UNIVERSAL",PP-OR-1487
998240,"STAPLER, DST SERIES GIA 60MM - 3.8MM RELOADABLE",PP-OR-1487
998241,"HANDLE, ENDO GIA 12MM UNIVERSAL",PP-OR-1487
998242,"STAPLER, TA 30V-3 NON-ABS CLIP",PP-OR-1487
998243,"APPLIER, ENDO CLIP II MED/LARGE 10 MM 20 TI CLIPS",PP-OR-1487
998244,"APPLIER, ENDOCLIP 10MM",PP-OR-1487
998246,"STAPLER, TA 60-3.5",PP-OR-1487
998247,"RELOAD, GIA 80MM - 3.8MM",PP-OR-1487
998345,"SYSTEM VISUALIZATION ENDO CLEARIFY 8X6INSYSTEM VISUALIZATION ENDO CLEARIFY 8X6IN",PP-OR-1487
998346,"SYSTEM VISUALIZATION ENDO CLEARIFY 8X6INSYSTEM VISUALIZATION ENDO CLEARIFY 8X6IN",PP-OR-1487
1000364,"Scissors: Universal Bandage Scissors with Plastic Probe, Red, 7.5" (19 cm)Knig",PP-OR-1487
1000956,"APPLIER, SURGICLIP III 9.0IN SMALL",PP-OR-1487
1000957,"APPLIER, SURGICLIP 11.5IN MED",PP-OR-1487
1000958,"STAPLER, TA 90-3.5",PP-OR-1487
1000959,"STAPLER, GIA 80MM - 3.8MM",PP-OR-1487
1001233,"APPLIER, ENDO CLIP III 5MM",PP-OR-1487
1001234,"APPLIER, ENDO CLIP II MED/LARGE 10 MM 20 TI CLIPS",PP-OR-1487
1001235,"APPLIER, ENDOCLIP 10MM",PP-OR-1487
1001236,"SCISSOR, ENDO SHEARS 5MM",PP-OR-1487
1002413,"HANDLE, ENDO GIA 12MM UNIVERSAL",PP-OR-1487
1002414,"SCISSOR, ENDO SHEARS 5MM",PP-OR-1487
1002415,"TROCAR, ENDO CLOSE",PP-OR-1487
1002424,"APPLIER, SURGICLIP LRG 13.0 TIT",PP-OR-1487
1002432,"STAPLER, ENDOGIA ULTRA UNIV 12MM XL",PP-OR-1487
1002433,"RELOAD, ENDO GIA 45MM TRISTAPLE ARTICULATING MED TAN",PP-OR-1487
1002434,"RELOAD, ARTICULATING ENDO GIA TRISTAPLE MED TAN 60MM",PP-OR-1487
1002443,"STAPLER, TA 60-3.5",PP-OR-1487
1002444,"TROCAR, ENDO CLOSE",PP-OR-1487
1002445,"PURSTRING, DISP. 65 INST.",PP-OR-1487
1002446,"APPLIER, ENDO CLIP III 5MM",PP-OR-1487
1002447,"APPLIER, ENDO CLIP II MED/LARGE 10 MM 20 TI CLIPS",PP-OR-1487
1003990,"APPLIER, SURGICLIP III 9.0IN SMALL",PP-OR-1487
1003991,"APPLIER, SURGICLIP MED 9.75",PP-OR-1487
1003994,"DISSECTOR, BALLOON OVAL SPACEMAKER PLUS SBT",PP-OR-1487
1004025,"RELOAD, TA 30MM - V3",PP-OR-1487
1005369,"APPLIER, SURGICLIP LRG 13.0 TIT",PP-OR-1487
1005379,"APPLIER, ENDO CLIP III 5MM",PP-OR-1487
1005380,"APPLIER, ENDO CLIP II MED/LARGE 10 MM 20 TI CLIPS",PP-OR-1487
1005381,"APPLIER, ENDOCLIP 10MM",PP-OR-1487
1005382,"SCISSOR, ENDO SHEARS 5MM",PP-OR-1487
1005383,"TROCAR, ENDO CLOSE",PP-OR-1487
1005457,"SUTURE, 0 SURGIDAC ENDO STITCH 48&quot;",PP-OR-1487
1005459,"SUTURE, 2-0 ENDO STITCH POLYSORB VIOLET 48INCH",PP-OR-1487
1009461,"SUTURE, 0 POLYSORB ENDO STITCH UNDYED ES-9 48",PP-OR-1487
1010802,"RELOAD, ENDO GIA 45MM TRISTAPLE ARTICULATING MED TAN",PP-OR-1487
1010807,"TROCAR, ENDO CLOSE",PP-OR-1487
1010808,"APPLIER, ENDO CLIP III 5MM",PP-OR-1487
1010809,"APPLIER, ENDO CLIP II MED/LARGE 10 MM 20 TI CLIPS",PP-OR-1487
1010816,"RELOAD, GIA 80MM - 3.8MM",PP-OR-1487
1010817,"PURSTRING, DISP. 65 INST.",PP-OR-1487
1012310,"APPLIER, SURGICLIP III 9.0IN SMALL",PP-OR-1487
1012311,"APPLIER, SURGICLIP 11.5IN MED",PP-OR-1487
1012312,"STAPLER, EEA XL 31MM W/ 4.8MM STAPLE",PP-OR-1487
1012313,"STAPLER, EEA XL 28MM W/ 4.8MM STAPLE",PP-OR-1487
1012369,"SUTURE, 0 POLYSORB ENDO STITCH UNDYED ES-9 48",PP-OR-1487
1013757,"TROCAR, ENDO CLOSE",PP-OR-1487
1013803,"APPLIER, ENDOCLIP 10MM",PP-OR-1487
1013805,"SCISSOR, ENDO SHEARS 5MM",PP-OR-1487
1013806,"RELOAD, DST SERIES GIA 60MM - 3.8MM LOADING UNIT",PP-OR-1487
1013816,"HANDLE, ENDO GIA 12MM UNIVERSAL",PP-OR-1487
1021201,"TROCAR, ENDO CLOSE",PP-OR-1487
1021202,"HANDLE, ENDO GIA 12MM UNIVERSAL",PP-OR-1487
1021222,"APPLIER, ENDO CLIP III 5MM",PP-OR-1487
1021223,"HANDLE, ENDO GIA 12MM UNIVERSAL",PP-OR-1487
1021224,"RELOAD, ENDO GIA 45MM TRISTAPLE ARTICULATING MED TAN",PP-OR-1487
1021225,"RELOAD, ENDO GIA ARTICULATE TRI-STAPLE 60MM MED/THCK",PP-OR-1487
1021226,"RELOAD, ARTICULATING ENDO GIA TRISTAPLE MED TAN 60MM",PP-OR-1487
1021239,"APPLIER, ENDOCLIP 10MM",PP-OR-1487
1021240,"ENDO STITCH, DISP 10MM",PP-OR-1487
1021891,"DEVICE SUTURING LATEX FREE STERILE ENDO CLOSE",PP-OR-1487
1022520,"APPLIER, SURGICLIP III 9.0IN SMALL",PP-OR-1487
1022521,"STAPLER, SHELL SIGNIA POWER CONTROL",PP-OR-1487
1022524,"APPLIER, SURGICLIP III 9.0IN SMALL",PP-OR-1487
1022592,"APPLIER, SURGICLIP LRG 13.0 TIT",PP-OR-1487
1022593,"HANDLE, ENDO GIA 12MM UNIVERSAL",PP-OR-1487
1022594,"HANDLE, GIA UNIVERSAL SHORT 12MM",PP-OR-1487
1022595,"RELOAD, SIGNIA TRI-STAPLE 2.0 30 MM CURVED TIP ARTICULATING VASCULAR/MEDIUM",PP-OR-1487
1022596,"RELOAD, ENDO GIA 45MM CURVE TIP ART MED/THCK PURPL",PP-OR-1487
1022597,"RELOAD, ENDO GIA 45MM TRISTAPLE ARTICULATING MED TAN",PP-OR-1487
1022598,"RELOAD, ENDO GIA ARTICULATE TRI-STAPLE 60MM MED/THCK",PP-OR-1487
1022599,"PURSTRING, DISP. 65 INST.",PP-OR-1487
1024013,"APPLIER, SURGICLIP III 9.0IN SMALL",PP-OR-1487
1024014,"APPLIER, SURGICLIP 11.5IN MED",PP-OR-1487
1024015,"APPLIER, SURGICLIP MED 9.75",PP-OR-1487
1025683,"TROCAR, ENDO CLOSE",PP-OR-1487
1025684,"HANDLE, GIA UNIVERSAL SHORT 12MM",PP-OR-1487
1025685,"HANDLE, ENDO GIA 12MM UNIVERSAL",PP-OR-1487
1025691,"PURSTRING, DISP. 65 INST.",PP-OR-1487
1025708,"RELOAD, ARTICULATING ENDO GIA TRISTAPLE MED TAN 60MM",PP-OR-1487
1025710,"STAPLER, DST SERIES GIA 60MM - 3.8MM RELOADABLE",PP-OR-1487
1025711,"RELOAD, GIA 80MM - 3.8MM",PP-OR-1487
1025715,"STAPLER, DST SERIES GIA 60MM - 3.8MM RELOADABLE",PP-OR-1487
1026728,"RELOAD, ARTICULATE ENDO GIA TRISTAPLE MED/THICK RE",PP-OR-1487
1026729,"APPLIER, SURGICLIP MED 9.75",PP-OR-1487
1026800,"HANDLE, ENDO GIA 12MM UNIVERSAL",PP-OR-1487
1026801,"RELOAD, ENDO GIA ARTICULATE TRI-STAPLE 60MM MED/THCK",PP-OR-1487
1026807,"APPLIER, ENDOCLIP 10MM",PP-OR-1487
1026808,"STAPLER, TA 60-3.5",PP-OR-1487
1026809,"TROCAR, ENDO CLOSE",PP-OR-1487
1026979,"SYSTEM VISUALIZATION ENDO CLEARIFY 8X6IN",PP-OR-1487
1028094,"STAPLER, TA 90-3.5",PP-OR-1487
1028095,"STAPLER, EEA XL 31MM W/ 4.8MM STAPLE",PP-OR-1487
1028817,"Scissors: Metzenbaum Dissecting Scissors, Blunt/Blunt, Curved, 9" (22.9 cm)Konig",PP-OR-1487
1029357,"STAPLER, GIA 80MM - 3.8MM",PP-OR-1487
1029358,"STAPLER, SHELL SIGNIA POWER CONTROL",PP-OR-1487
1029387,"RELOAD, ENDO GIA ARTICULATE TRI-STAPLE 60MM MED/THCK",PP-OR-1487
1029401,"SCISSOR, ENDO SHEARS 5MM",PP-OR-1487
1029402,"CLIP, LAPROCLIP LIGATING CARTRIDGE ABSORB 12MM",PP-OR-1487
1029418,"HANDLE, ENDO GIA 12MM UNIVERSAL",PP-OR-1487
1029419,"RELOAD, SIGNIA TRI-STAPLE 2.0 30 MM CURVED TIP ARTICULATING VASCULAR/MEDIUM",PP-OR-1487
1029420,"RELOAD, ENDO GIA ROT VASCULAR MED TAN 45MM",PP-OR-1487
1029421,"RELOAD, ENDO GIA 45MM TRISTAPLE ARTICULATING MED TAN",PP-OR-1487
1029422,"RELOAD, ENDO GIA ARTICULATE TRI-STAPLE 60MM MED/THCK",PP-OR-1487
1029423,"APPLIER, ENDO CLIP III 5MM",PP-OR-1487
1029424,"APPLIER, ENDO CLIP II MED/LARGE 10 MM 20 TI CLIPS",PP-OR-1487
1029447,"APPLIER, SURGICLIP LRG 13.0 TIT",PP-OR-1487
1034703,"APPLIER, SURGICLIP 11.5IN MED",PP-OR-1487
1034757,"RELOAD, SIGNIA TRI-STAPLE 2.0 30 MM CURVED TIP ARTICULATING VASCULAR/MEDIUM",PP-OR-1487
1034758,"RELOAD, ENDO GIA 45MM CURVE TIP ART MED/THCK PURPL",PP-OR-1487
1034771,"TROCAR, ENDO CLOSE",PP-OR-1487
1034772,"PURSTRING, DISP. 65 INST.",PP-OR-1487
1034773,"APPLIER, ENDO CLIP III 5MM",PP-OR-1487
1034985,"SYSTEM VISUALIZATION ENDO CLEARIFY 8X6IN",PP-OR-1487
1036404,"APPLIER, ENDO CLIP III 5MM",PP-OR-1487
1036405,"APPLIER, ENDO CLIP II MED/LARGE 10 MM 20 TI CLIPS",PP-OR-1487
1036407,"RELOAD, ARTICULATING ENDO GIA TRISTAPLE MED TAN 60MM",PP-OR-1487
1037788,"APPLIER, ENDO CLIP III 5MM",PP-OR-1487
1037789,"APPLIER, ENDO CLIP II MED/LARGE 10 MM 20 TI CLIPS",PP-OR-1487
1037791,"SCISSOR, ENDO SHEARS 5MM",PP-OR-1487
1037792,"RELOAD, ENDO GIA 45MM TRISTAPLE ARTICULATING MED TAN",PP-OR-1487
1037988,"SCISSOR, ENDO SHEARS 5MM",PP-OR-1487
1038864,"APPLIER, SURGICLIP MED 9.75",PP-OR-1487
1038869,"APPLIER, SURGICLIP III 9.0IN SMALL",PP-OR-1487
1038870,"APPLIER, SURGICLIP 11.5IN MED",PP-OR-1487
1038871,"STAPLER, SHELL SIGNIA POWER CONTROL",PP-OR-1487
1040088,"RELOAD, ARTICULATE ENDO GIA TRISTAPLE MED/THICK RE",PP-OR-1487
1040097,"SCISSOR, ENDO SHEARS 5MM",PP-OR-1487
1040098,"ENDO STITCH, DISP 10MM",PP-OR-1487
1040270,"SCISSOR, ENDO SHEARS 5MM",PP-OR-1487
1040494,"STAPLER, TA 30V-3 NON-ABS CLIP",PP-OR-1487
1040496,"SCISSOR, ENDO SHEARS 5MM",PP-OR-1487
1040497,"TROCAR, ENDO CLOSE",PP-OR-1487
1040498,"SUTURE, 2-0 SURGIDAC ENDO STITCH 48IN",PP-OR-1487
1041449,"Scissors: Single-Use Iris Scissors, Straight, Standard, 4.5"Floor Grade Iris Str",PP-OR-1487
1041920,"STAPLER, GIA 80MM - 3.8MM",PP-OR-1487
1041921,"STAPLER, EEA XL 25MM W/ 4.8MM STAPLE",PP-OR-1487
1041926,"APPLIER, SURGICLIP III 9.0IN SMALL",PP-OR-1487
1041927,"APPLIER, SURGICLIP 11.5IN MED",PP-OR-1487
1045936,"HANDLE, ENDO GIA 12MM UNIVERSAL",PP-OR-1487
1045937,"APPLIER, ENDO CLIP II MED/LARGE 10 MM 20 TI CLIPS",PP-OR-1487
1045938,"POUCH, SPECIMEN ENDOCATCH II 15MM",PP-OR-1487
1048168,"TACKER, ABSORBATACK FIXATION DEVICE 5MM 15 TACKS",PP-OR-1487
1048290,"HANDLE, ENDO GIA 12MM UNIVERSAL",PP-OR-1487
1048291,"STAPLER, ENDOGIA ULTRA UNIV 12MM XL",PP-OR-1487
1048292,"HANDLE, GIA UNIVERSAL SHORT 12MM",PP-OR-1487
1048293,"RELOAD, ENDO GIA ROT VASCULAR MED TAN 45MM",PP-OR-1487
1048294,"RELOAD, ENDO GIA 45MM TRISTAPLE ARTICULATING MED TAN",PP-OR-1487
1048295,"RELOAD, ENDO GIA ARTICULATE TRI-STAPLE 60MM EXTRA/THCK",PP-OR-1487
1048296,"RELOAD, ARTICULATE ENDO GIA TRISTAPLE MED/THICK RE",PP-OR-1487
1048297,"RELOAD, ARTICULATE ENDO GIA TRISTAPLE EXTRA/THICK",PP-OR-1487
1048321,"APPLIER, SURGICLIP LRG 13.0 TIT",PP-OR-1487
1048335,"STAPLER, DST SERIES GIA 100MM - 3.8MM RELOADABLE",PP-OR-1487
1048686,"RELOAD, SIGNIA TRI-STAPLE 2.0 30 MM CURVED TIP ARTICULATING VASCULAR/MEDIUM",PP-OR-1487
1049590,"APPLIER, SURGICLIP III 9.0IN SMALL",PP-OR-1487
1049616,"APPLIER, ENDOCLIP 10MM",PP-OR-1487
1049619,"APPLIER, ENDOCLIP 10MM",PP-OR-1487
1050671,"STAPLER, SHELL SIGNIA POWER CONTROL",PP-OR-1487
1050672,"RELOAD, ARTICULATE ENDO GIA TRISTAPLE MED/THICK RE",PP-OR-1487
1050674,"STAPLER, DST SERIES 33 MM W/ 4.8 MM STAPLE",PP-OR-1487
1051277,"RELOAD, ENDO GIA MED THICK PURPLE 45MM",PP-OR-1487
1051281,"TROCAR, ENDO CLOSE",PP-OR-1487
1051283,"POUCH, SPECIMEN ENDOCATCH II 15MM",PP-OR-1487
1051295,"RELOAD, ENDO GIA ROT VASCULAR MED TAN 45MM",PP-OR-1487
1051296,"RELOAD, ENDO GIA ARTICULATE TRI-STAPLE 60MM MED/THCK",PP-OR-1487
1051297,"RELOAD, ENDO GIA ARTICULATE TRI-STAPLE 60MM EXTRA/THCK",PP-OR-1487
1051301,"CLIP, LAPROCLIP LIGATING CARTRIDGE ABSORB 12MM",PP-OR-1487
1051304,"HANDLE, ENDO GIA 12MM UNIVERSAL",PP-OR-1487
1051305,"HANDLE, GIA UNIVERSAL SHORT 12MM",PP-OR-1487
1051306,"RELOAD, ENDO GIA ARTICULATE TRI-STAPLE 60MM EXTRA/THCK",PP-OR-1487
1054697,"APPLIER, ENDO CLIP III 5MM",PP-OR-1487
1054698,"STAPLER, TA 60-3.5",PP-OR-1487
1054699,"TROCAR, ENDO CLOSE",PP-OR-1487
1054700,"PURSTRING, DISP. 65 INST.",PP-OR-1487
1054730,"HANDLE, ENDO GIA 12MM UNIVERSAL",PP-OR-1487
1054731,"RELOAD, SIGNIA TRI-STAPLE 2.0 30 MM CURVED TIP ARTICULATING VASCULAR/MEDIUM",PP-OR-1487
1054732,"RELOAD, ENDO GIA 45MM CURVE TIP ART MED/THCK PURPL",PP-OR-1487
1054733,"RELOAD, ENDO GIA 45MM TRISTAPLE ARTICULATING MED TAN",PP-OR-1487
1054734,"RELOAD, ENDO GIA ARTICULATE TRI-STAPLE 60MM MED/THCK",PP-OR-1487
1055911,"RELOAD, ARTICULATE ENDO GIA TRISTAPLE MED/THICK RE",PP-OR-1487
1055913,"STAPLER, EEA XL 28MM W/ 4.8MM STAPLE",PP-OR-1487
1056013,"RELOAD, ENDO GIA MED THICK PURPLE 45MM",PP-OR-1487
1056023,"ENDO STITCH, DISP 10MM",PP-OR-1487
1056024,"POUCH, SPECIMEN ENDOCATCH II 15MM",PP-OR-1487
1056030,"SCISSOR, ENDO SHEARS 5MM",PP-OR-1487
1056031,"DEVICE, ORVIL EEA DTS SERIES 25MM",PP-OR-1487
1057727,"STAPLER, TA 90-3.5",PP-OR-1487
1057728,"STAPLER, GIA 80MM - 3.8MM",PP-OR-1487
1057729,"STAPLER, EEA XL 28MM W/ 4.8MM STAPLE",PP-OR-1487
1058955,"RELOAD, ARTICULATE ENDO GIA TRISTAPLE MED/THICK RE",PP-OR-1487
1058958,"STAPLER, SHELL SIGNIA POWER CONTROL",PP-OR-1487
1058998,"TROCAR, ENDO CLOSE",PP-OR-1487
1058999,"PURSTRING, DISP. 65 INST.",PP-OR-1487
1059017,"HANDLE, ENDO GIA 12MM UNIVERSAL",PP-OR-1487
1059018,"RELOAD, SIGNIA TRI-STAPLE 2.0 30 MM CURVED TIP ARTICULATING VASCULAR/MEDIUM",PP-OR-1487
1059019,"RELOAD, ENDO GIA ROT VASCULAR MED TAN 45MM",PP-OR-1487
1059020,"RELOAD, ENDO GIA ARTICULATE TRI-STAPLE 60MM MED/THCK",PP-OR-1487
1059021,"RELOAD, ENDO GIA ARTICULATE TRI-STAPLE 60MM EXTRA/THCK",PP-OR-1487
1060180,"STAPLER, EEA XL 28MM W/ 4.8MM STAPLE",PP-OR-1487
1060181,"STAPLER, EEA XL 31MM W/ 4.8MM STAPLE",PP-OR-1487
1060182,"STAPLER, EEA XL 33MM W/ 4.8MM STAPLE",PP-OR-1487
1060222,"HANDLE, ENDO GIA 12MM UNIVERSAL",PP-OR-1487
1060223,"RELOAD, ENDO GIA 45MM TRISTAPLE ARTICULATING MED TAN",PP-OR-1487
1060224,"RELOAD, ENDO GIA ARTICULATE TRI-STAPLE 60MM MED/THCK",PP-OR-1487
1061704,"APPLIER, SURGICLIP 11.5IN MED",PP-OR-1487
1061739,"TROCAR, ENDO CLOSE",PP-OR-1487
1061740,"APPLIER, ENDO CLIP III 5MM",PP-OR-1487
1061741,"APPLIER, ENDO CLIP II MED/LARGE 10 MM 20 TI CLIPS",PP-OR-1487
1061742,"APPLIER, ENDOCLIP 10MM",PP-OR-1487
1061743,"STAPLER, DST SERIES GIA 100MM - 3.8MM RELOADABLE",PP-OR-1487
1061744,"POUCH, SPECIMEN ENDOCATCH II 15MM",PP-OR-1487
1061752,"RELOAD, ENDO GIA ARTICULATE TRI-STAPLE 60MM MED/THCK",PP-OR-1487
1061769,"APPLIER, ENDOCLIP 10MM",PP-OR-1487
1061770,"POUCH, SPECIMEN ENDOCATCH II 15MM",PP-OR-1487
1061772,"TROCAR, ENDO CLOSE",PP-OR-1487
1062810,"STAPLER, DST SERIES 28 MM W/ 4.8 MM STAPLE",PP-OR-1487
1062811,"STAPLER, EEA XL 28MM W/ 4.8MM STAPLE",PP-OR-1487
1064002,"HANDLE, ENDO GIA 12MM UNIVERSAL",PP-OR-1487
1064003,"HANDLE, GIA UNIVERSAL SHORT 12MM",PP-OR-1487
1064004,"RELOAD, ENDO GIA ROT VASCULAR MED TAN 45MM",PP-OR-1487
1064005,"RELOAD, ENDO GIA 45MM TRISTAPLE ARTICULATING MED TAN",PP-OR-1487
1064006,"RELOAD, ENDO GIA ARTICULATE TRI-STAPLE 60MM MED/THCK",PP-OR-1487
1064007,"RELOAD, ARTICULATE ENDO GIA TRISTAPLE EXTRA/THICK",PP-OR-1487
1064008,"SCISSOR, ENDO SHEARS 5MM",PP-OR-1487
1065274,"APPLIER, SURGICLIP III 9.0IN SMALL",PP-OR-1487
1065276,"STAPLER, DST SERIES 28 MM W/ 4.8 MM STAPLE",PP-OR-1487
1066751,"HANDLE, ENDO GIA 12MM UNIVERSAL",PP-OR-1487
1066752,"RELOAD, ENDO GIA 45MM TRISTAPLE ARTICULATING MED TAN",PP-OR-1487
1066753,"TROCAR, ENDO CLOSE",PP-OR-1487
1066758,"PURSTRING, DISP. 65 INST.",PP-OR-1487
1066759,"TROCAR, ENDO CLOSE",PP-OR-1487
1069269,"HANDLE, ENDO GIA 12MM UNIVERSAL",PP-OR-1487
1069270,"STAPLER, ENDOGIA ULTRA UNIV 12MM XL",PP-OR-1487
1069271,"RELOAD, ARTICULATING ENDO GIA TRISTAPLE MED TAN 60MM",PP-OR-1487
1069274,"ENDO STITCH, DISP 10MM",PP-OR-1487
1069298,"CLIP, LAPROCLIP LIGATING CARTRIDGE ABSORB 12MM",PP-OR-1487
1069299,"SUTURE, 2-0 ENDO STITCH POLYSORB VIOLET 48INCH",PP-OR-1487
1069300,"PURSTRING, DISP. 65 INST.",PP-OR-1487
1070422,"SCISSOR, ENDO SHEARS 5MM",PP-OR-1487
1072008,"RELOAD, ENDO GIA 45MM TRISTAPLE ARTICULATING MED TAN",PP-OR-1487
1072014,"APPLIER, ENDO CLIP III 5MM",PP-OR-1487
1072015,"POUCH, SPECIMEN ENDOCATCH II 15MM",PP-OR-1487
1072016,"APPLIER, ENDO CLIP III 5MM",PP-OR-1487
1072017,"APPLIER, ENDO CLIP II MED/LARGE 10 MM 20 TI CLIPS",PP-OR-1487
1072018,"APPLIER, ENDOCLIP 10MM",PP-OR-1487
1072031,"RELOAD, SIGNIA TRI-STAPLE 2.0 30 MM CURVED TIP ARTICULATING VASCULAR/MEDIUM",PP-OR-1487
1072032,"RELOAD, ENDO GIA 45MM TRISTAPLE ARTICULATING MED TAN",PP-OR-1487
1072033,"RELOAD, ENDO GIA ARTICULATE TRI-STAPLE 60MM MED/THCK",PP-OR-1487
1073259,"APPLIER, SURGICLIP III 9.0IN SMALL",PP-OR-1487
1073260,"APPLIER, SURGICLIP 11.5IN MED",PP-OR-1487
1073261,"APPLIER, SURGICLIP MED 9.75",PP-OR-1487
1073262,"STAPLER, DST SERIES 28 MM W/ 4.8 MM STAPLE",PP-OR-1487
1073267,"APPLIER, SURGICLIP III 9.0IN SMALL",PP-OR-1487
1073268,"APPLIER, SURGICLIP 11.5IN MED",PP-OR-1487
1073275,"STAPLER, DST SERIES 28 MM W/ 4.8 MM STAPLE",PP-OR-1487
1076176,"STAPLER, EEA XL 28MM W/ 4.8MM STAPLE",PP-OR-1487
1076177,"STAPLER, EEA XL 31MM W/ 4.8MM STAPLE",PP-OR-1487
1076195,"HANDLE, ENDO GIA 12MM UNIVERSAL",PP-OR-1487
1076196,"RELOAD, ARTICULATE ENDO GIA TRISTAPLE EXTRA/THICK",PP-OR-1487
1076198,"TROCAR, ENDO CLOSE",PP-OR-1487
1076199,"ENDO STITCH, DISP 10MM",PP-OR-1487
1076214,"HANDLE, ENDO GIA 12MM UNIVERSAL",PP-OR-1487
1076419,"SCISSORS SURGICAL SERRATED SHEAR RAZOR FISKARS PRO POWERARC 10IN",PP-OR-1487
1076470,"STAPLER, DST SERIES GIA 100MM - 3.8MM RELOADABLE",PP-OR-1487
1076471,"RELOAD, DST SERIES GIA 100MM - 3.8MM LOADING UNIT",PP-OR-1487
1076472,"STAPLER, DST SERIES GIA 60MM - 3.8MM RELOADABLE",PP-OR-1487
1076473,"CLIP, LAPROCLIP LIGATING CARTRIDGE ABSORB 12MM",PP-OR-1487
1076474,"RELOAD, ENDO GIA ARTICULATE TRI-STAPLE 60MM MED/THCK",PP-OR-1487
1076476,"POUCH, SPECIMEN ENDOCATCH II 15MM",PP-OR-1487
1076504,"HANDLE, ENDO GIA 12MM UNIVERSAL",PP-OR-1487
1076505,"HANDLE, GIA UNIVERSAL SHORT 12MM",PP-OR-1487
1076506,"RELOAD, ENDO GIA 45MM TRISTAPLE ARTICULATING MED TAN",PP-OR-1487
1076507,"RELOAD, ENDO GIA ROT TRI-STAPLE 45MM EXTRA/THCK",PP-OR-1487
1076508,"RELOAD, ENDO GIA ARTICULATE TRI-STAPLE 60MM MED/THCK",PP-OR-1487
1076509,"RELOAD, ENDO GIA ARTICULATE TRI-STAPLE 60MM EXTRA/THCK",PP-OR-1487
1077612,"APPLIER, SURGICLIP MED 9.75",PP-OR-1487
1077613,"STAPLER, GIA 80MM - 3.8MM",PP-OR-1487
1077615,"STAPLER, SHELL SIGNIA POWER CONTROL",PP-OR-1487
1077617,"STAPLER, GIA 80MM - 3.8MM",PP-OR-1487
1077620,"RELOAD, ARTICULATE ENDO GIA TRISTAPLE MED/THICK RE",PP-OR-1487
1077751,"APPLIER, ENDO CLIP III 5MM",PP-OR-1487
1077752,"APPLIER, ENDO CLIP II MED/LARGE 10 MM 20 TI CLIPS",PP-OR-1487
1077753,"DEVICE, ORVIL EEA DTS SERIES 25MM",PP-OR-1487
1078966,"STAPLER, EEA XL 28MM W/ 4.8MM STAPLE",PP-OR-1487
1078967,"STAPLER, SHELL SIGNIA POWER CONTROL",PP-OR-1487
1079008,"SUTURE, 0 SURGIDAC ENDO STITCH 48&quot;",PP-OR-1487
1079009,"SUTURE, 0 SURGIDAC ENDO STITCH 48&quot;",PP-OR-1487
1083708,"SCISSOR, ENDO SHEARS 5MM",PP-OR-1487
1083709,"APPLIER, ENDO CLIP III 5MM",PP-OR-1487
1083849,"Scissors: Iris Scissors, Stainless Steel, Sterile, Straight, 4.5"Iris Surgical S",PP-OR-1487
1083958,"HANDLE, ENDO GIA 12MM UNIVERSAL",PP-OR-1487
1083959,"RELOAD, ENDO GIA ARTICULATE TRI-STAPLE 60MM MED/THCK",PP-OR-1487
1083960,"RELOAD, ARTICULATING ENDO GIA TRISTAPLE MED TAN 60MM",PP-OR-1487
1083964,"POUCH, SPECIMEN ENDOCATCH II 15MM",PP-OR-1487
1083965,"TROCAR, ENDO CLOSE",PP-OR-1487
1083966,"PURSTRING, DISP. 65 INST.",PP-OR-1487
1083967,"APPLIER, ENDO CLIP III 5MM",PP-OR-1487
1086723,"STAPLER, SHELL SIGNIA POWER CONTROL",PP-OR-1487
1086753,"RELOAD, GIA 80MM - 3.8MM",PP-OR-1487
1086754,"TROCAR, ENDO CLOSE",PP-OR-1487
1086755,"PURSTRING, DISP. 65 INST.",PP-OR-1487
1086760,"HANDLE, ENDO GIA 12MM UNIVERSAL",PP-OR-1487
1087836,"RELOAD, ARTICULATE ENDO GIA TRISTAPLE EXTRA/THICK",PP-OR-1487
1088148,"STAPLER, TA 90-3.5",PP-OR-1487
1088149,"APPLIER, SURGICLIP III 9.0IN SMALL",PP-OR-1487
1088150,"APPLIER, SURGICLIP III 9.0IN SMALL",PP-OR-1487
1090192,"APPLIER, SURGICLIP III 9.0IN SMALL",PP-OR-1487
1090193,"APPLIER, SURGICLIP III 9.0IN SMALL",PP-OR-1487
1090315,"RELOAD, DST SERIES GIA 60MM - 3.8MM LOADING UNIT",PP-OR-1487
1090316,"RELOAD, GIA 80MM - 3.8MM",PP-OR-1487
1090322,"TROCAR, ENDO CLOSE",PP-OR-1487
1090330,"HANDLE, ENDO GIA 12MM UNIVERSAL",PP-OR-1487
1090331,"HANDLE, GIA UNIVERSAL SHORT 12MM",PP-OR-1487
1090332,"RELOAD, ENDO GIA 45MM CURVE TIP ART MED/THCK PURPL",PP-OR-1487
1090333,"RELOAD, ENDO GIA 45MM TRISTAPLE ARTICULATING MED TAN",PP-OR-1487
1090334,"RELOAD, ENDO GIA MED THICK PURPLE 45MM",PP-OR-1487
1090369,"RELOAD, ENDO GIA ARTICULATE TRI-STAPLE 60MM MED/THCK",PP-OR-1487
1090370,"RELOAD, ARTICULATING ENDO GIA TRISTAPLE MED TAN 60MM",PP-OR-1487
1091710,"STAPLER, DST SERIES 28 MM W/ 4.8 MM STAPLE",PP-OR-1487
1092962,"RELOAD, ARTICULATE ENDO GIA TRISTAPLE MED/THICK RE",PP-OR-1487
1092963,"RELOAD, ARTICULATE ENDO GIA TRISTAPLE MED/THICK RE",PP-OR-1487
1093006,"RELOAD, GIA 80MM - 3.8MM",PP-OR-1487
1093472,"HANDLE, ENDO GIA 12MM UNIVERSAL",PP-OR-1487
1093480,"HANDLE, ENDO GIA 12MM UNIVERSAL",PP-OR-1487
1093481,"RELOAD, ENDO GIA ROT TRI-STAPLE 45MM EXTRA/THCK",PP-OR-1487
1093482,"RELOAD, ENDO GIA 45MM TRISTAPLE ARTICULATING MED TAN",PP-OR-1487
1094189,"Scissors: Iris Scissors, Single-Use, Curved, Standard, 4.5''Centurion Iris Curve",PP-OR-1487
1094618,"STAPLER, EEA XL 28MM W/ 4.8MM STAPLE",PP-OR-1487
1094662,"HANDLE, ENDO GIA 12MM UNIVERSAL",PP-OR-1487
1095958,"BAG, SPECIMEN RETRIEVAL 10MM",PP-OR-1487
1095960,"BAG, SPECIMEN RETRIEVAL 10MM",PP-OR-1487
1095967,"RELOAD, ENDO GIA ARTICULATE TRI-STAPLE 60MM MED/THCK",PP-OR-1487
1095968,"RELOAD, ENDO GIA ARTICULATE TRI-STAPLE 60MM EXTRA/THCK",PP-OR-1487
1095977,"HANDLE, ENDO GIA 12MM UNIVERSAL",PP-OR-1487
1095978,"RELOAD, ENDO GIA ROT TRI-STAPLE 45MM EXTRA/THCK",PP-OR-1487
1095979,"RELOAD, ENDO GIA 45MM TRISTAPLE ARTICULATING MED TAN",PP-OR-1487
1095980,"RELOAD, ENDO GIA ARTICULATE TRI-STAPLE 60MM MED/THCK",PP-OR-1487
1096099,"SYSTEM VISUALIZATION ENDO CLEARIFY 8X6IN",PP-OR-1487
1097236,"APPLIER, SURGICLIP MED 9.75",PP-OR-1487
1097237,"APPLIER, SURGICLIP 11.5IN MED",PP-OR-1487
1097274,"BAG, SPECIMEN RETRIEVAL 10MM",PP-OR-1487
1097275,"BAG, SPECIMEN RETRIEVAL 10MM",PP-OR-1487
1097276,"SUTURE, 0 POLYSORB ENDO STITCH UNDYED ES-9 48",PP-OR-1487
1097282,"HANDLE, ENDO GIA 12MM UNIVERSAL",PP-OR-1487
1097283,"HANDLE, GIA UNIVERSAL SHORT 12MM",PP-OR-1487
1097284,"RELOAD, ENDO GIA 45MM CURVE TIP ART MED/THCK PURPL",PP-OR-1487
1097285,"RELOAD, ENDO GIA 45MM TRISTAPLE ARTICULATING MED TAN",PP-OR-1487
1097286,"RELOAD, ENDO GIA ARTICULATE TRI-STAPLE 60MM MED/THCK",PP-OR-1487
1097302,"APPLIER, ENDO CLIP II MED/LARGE 10 MM 20 TI CLIPS",PP-OR-1487
1097303,"SCISSOR, ENDO SHEARS 5MM",PP-OR-1487
1097304,"PURSTRING, DISP. 65 INST.",PP-OR-1487
1098556,"BAG, SPECIMEN RETRIEVAL 10MM",PP-OR-1487
1099810,"APPLIER, SURGICLIP 11.5IN MED",PP-OR-1487
1099851,"HANDLE, GIA UNIVERSAL SHORT 12MM",PP-OR-1487
1099872,"SCISSOR, ENDO SHEARS 5MM",PP-OR-1487
1100297,"TROCAR, ENDO CLOSE",PP-OR-1487
1100298,"APPLIER, ENDO CLIP II MED/LARGE 10 MM 20 TI CLIPS",PP-OR-1487
1100299,"ENDO STITCH, DISP 10MM",PP-OR-1487
1100300,"POUCH, SPECIMEN ENDOCATCH II 15MM",PP-OR-1487
1100301,"HANDLE, ENDO GIA 12MM UNIVERSAL",PP-OR-1487
1100302,"RELOAD, ENDO GIA 45MM CURVE TIP ART MED/THCK PURPL",PP-OR-1487
1100304,"TROCAR, ENDO CLOSE",PP-OR-1487
1100310,"BAG, SPECIMEN RETRIEVAL 10MM",PP-OR-1487
1100311,"BAG, SPECIMEN RETRIEVAL 10MM",PP-OR-1487
1100490,"APPLIER, ENDO CLIP III 5MM",PP-OR-1487
1100491,"SCISSOR, ENDO SHEARS 5MM",PP-OR-1487
1102798,"STAPLER, TA 90-3.5",PP-OR-1487
1102799,"STAPLER, EEA XL 31MM W/ 4.8MM STAPLE",PP-OR-1487
1102825,"BAG, SPECIMEN RETRIEVAL 10MM",PP-OR-1487
1104161,"APPLIER, SURGICLIP MED 9.75",PP-OR-1487
1104196,"APPLIER, ENDO CLIP III 5MM",PP-OR-1487
1104197,"SCISSOR, ENDO SHEARS 5MM",PP-OR-1487
1104198,"CLIP, LAPROCLIP LIGATING CARTRIDGE ABSORB 12MM",PP-OR-1487
1105683,"APPLIER, SURGICLIP III 9.0IN SMALL",PP-OR-1487
1105715,"SUTURE, 0 POLYSORB ENDO STITCH UNDYED ES-9 48",PP-OR-1487
1105744,"BAG, SPECIMEN RETRIEVAL 10MM",PP-OR-1487
1105745,"TROCAR, ENDO CLOSE",PP-OR-1487
1105748,"HANDLE, ENDO GIA 12MM UNIVERSAL",PP-OR-1487
1105749,"STAPLER, ENDOGIA ULTRA UNIV 12MM XL",PP-OR-1487
1105750,"RELOAD, ENDO GIA 45MM TRISTAPLE ARTICULATING MED TAN",PP-OR-1487
1105751,"RELOAD, ENDO GIA ARTICULATE TRI-STAPLE 60MM MED/THCK",PP-OR-1487
1106936,"STAPLER, GIA 80MM - 3.8MM",PP-OR-1487
1106937,"APPLIER, SURGICLIP III 9.0IN SMALL",PP-OR-1487
1106938,"APPLIER, SURGICLIP III 9.0IN SMALL",PP-OR-1487
1108223,"APPLIER, SURGICLIP MED 9.75",PP-OR-1487
1108287,"HANDLE, ENDO GIA 12MM UNIVERSAL",PP-OR-1487
1108289,"TROCAR, ENDO CLOSE",PP-OR-1487
1108290,"BAG, SPECIMEN RETRIEVAL 10MM",PP-OR-1487
1108291,"PURSTRING, DISP. 65 INST.",PP-OR-1487
1108998,"APPLIER, ENDO CLIP III 5MM",PP-OR-1487
1108999,"APPLIER, ENDO CLIP II MED/LARGE 10 MM 20 TI CLIPS",PP-OR-1487
1109003,"HANDLE, ENDO GIA 12MM UNIVERSAL",PP-OR-1487
1109004,"HANDLE, GIA UNIVERSAL SHORT 12MM",PP-OR-1487
1109005,"RELOAD, SIGNIA TRI-STAPLE 2.0 30 MM CURVED TIP ARTICULATING VASCULAR/MEDIUM",PP-OR-1487
1109006,"RELOAD, ENDO GIA ROT VASCULAR MED TAN 45MM",PP-OR-1487
1109007,"RELOAD, ENDO GIA 45MM TRISTAPLE ARTICULATING MED TAN",PP-OR-1487
1109008,"RELOAD, ENDO GIA ARTICULATE TRI-STAPLE 60MM MED/THCK",PP-OR-1487
1109765,"Scissors: Iris Surgical Scissors, CurvedIris Surgical Scissors",PP-OR-1487
1109830,"Scissors: Metzenbaum Scissors, Stainless Steel, Sterile, Straight, 9"Metzenbaum",PP-OR-1487
1110279,"APPLIER, SURGICLIP MED 9.75",PP-OR-1487
1110280,"APPLIER, SURGICLIP MED 9.75",PP-OR-1487
1110281,"APPLIER, SURGICLIP MED 9.75",PP-OR-1487
1110313,"APPLIER, ENDOCLIP 10MM",PP-OR-1487
1110318,"HANDLE, ENDO GIA 12MM UNIVERSAL",PP-OR-1487
1110323,"APPLIER, SURGICLIP LRG 13.0 TIT",PP-OR-1487
1111521,"APPLIER, SURGICLIP 11.5IN MED",PP-OR-1487
1111522,"STAPLER, DST SERIES 33 MM W/ 4.8 MM STAPLE",PP-OR-1487
1111523,"APPLIER, SURGICLIP MED 9.75",PP-OR-1487
1112997,"RELOAD, ARTICULATE ENDO GIA TRISTAPLE MED/THICK RE",PP-OR-1487
1112999,"APPLIER, ENDO CLIP III 5MM",PP-OR-1487
1113000,"STAPLER, DST SERIES GIA 60MM - 3.8MM RELOADABLE",PP-OR-1487
1113004,"APPLIER, ENDOCLIP 10MM",PP-OR-1487
1113032,"RELOAD, ENDO GIA 45MM TRISTAPLE ARTICULATING MED TAN",PP-OR-1487
1113033,"RELOAD, ENDO GIA ARTICULATE TRI-STAPLE 60MM MED/THCK",PP-OR-1487
1113053,"BAG, SPECIMEN RETRIEVAL 10MM",PP-OR-1487
1113054,"STAPLER, DST SERIES GIA 100MM - 3.8MM RELOADABLE",PP-OR-1487
1113055,"ENDO STITCH, DISP 10MM",PP-OR-1487
1114455,"STAPLER, SHELL SIGNIA POWER CONTROL",PP-OR-1487
1114485,"RELOAD, SIGNIA TRI-STAPLE 2.0 30 MM CURVED TIP ARTICULATING VASCULAR/MEDIUM",PP-OR-1487
1114486,"RELOAD, SIGNIA TRI-STAPLE 2.0 30 MM CURVED TIP ARTICULATING VASCULAR/MEDIUM",PP-OR-1487
1115623,"APPLIER, SURGICLIP MED 9.75",PP-OR-1487
1115625,"APPLIER, SURGICLIP MED 9.75",PP-OR-1487
1115669,"BAG, SPECIMEN RETRIEVAL 10MM",PP-OR-1487
1115670,"TROCAR, ENDO CLOSE",PP-OR-1487
1115673,"TROCAR, ENDO CLOSE",PP-OR-1487
1115859,"RELOAD, SIGNIA TRI-STAPLE 2.0 30 MM CURVED TIP ARTICULATING VASCULAR/MEDIUM",PP-OR-1487
1118841,"SCISSOR, ENDO SHEARS 5MM",PP-OR-1487
1118842,"CLIP, LAPROCLIP LIGATING CARTRIDGE ABSORB 12MM",PP-OR-1487
1118843,"PURSTRING, DISP. 65 INST.",PP-OR-1487
1118844,"APPLIER, SURGICLIP LRG 13.0 TIT",PP-OR-1487
1122316,"STAPLER, TA 90-3.5",PP-OR-1487
1122317,"STAPLER, EEA XL 33MM W/ 4.8MM STAPLE",PP-OR-1487
1122320,"STAPLER, SHELL SIGNIA POWER CONTROL",PP-OR-1487
1122385,"RELOAD, ENDO GIA 45MM TRISTAPLE ARTICULATING MED TAN",PP-OR-1487
1122386,"RELOAD, ENDO GIA ARTICULATE TRI-STAPLE 60MM MED/THCK",PP-OR-1487
1122387,"SCISSOR, ENDO SHEARS 5MM",PP-OR-1487
1123863,"HANDLE, ENDO GIA 12MM UNIVERSAL",PP-OR-1487
1123865,"TROCAR, ENDO CLOSE",PP-OR-1487
1123873,"HANDLE, ENDO GIA 12MM UNIVERSAL",PP-OR-1487
1123874,"STAPLER, ENDOGIA ULTRA UNIV 12MM XL",PP-OR-1487
1123875,"RELOAD, SIGNIA TRI-STAPLE 2.0 30 MM CURVED TIP ARTICULATING VASCULAR/MEDIUM",PP-OR-1487
1123876,"RELOAD, ENDO GIA 45MM CURVE TIP ART MED/THCK PURPL",PP-OR-1487
1123877,"RELOAD, ENDO GIA ARTICULATE TRI-STAPLE 60MM MED/THCK",PP-OR-1487
1125495,"APPLIER, SURGICLIP 11.5IN MED",PP-OR-1487
1125496,"STAPLER, GIA 80MM - 3.8MM",PP-OR-1487
1125497,"STAPLER, SHELL SIGNIA POWER CONTROL",PP-OR-1487
1125560,"RELOAD, GIA 80MM - 3.8MM",PP-OR-1487
1125561,"RELOAD, SIGNIA VASCULAR SM DIA CURVED TIP 30MM",PP-OR-1487
1127408,"Scissors: Single-Use Iris Scissors, Straight, Standard, 4.5"Floor Grade Iris Str",PP-OR-1487
1127530,"SYSTEM VISUALIZATION ENDO CLEARIFY 8X6IN",PP-OR-1487
1127620,"ENDO STITCH, DISP 10MM",PP-OR-1487
1127840,"SUTURE, 0 SURGIDAC ENDO STITCH 48&quot;",PP-OR-1487
1127841,"SUTURE, 0 SURGIDAC ENDO STITCH 48&quot;",PP-OR-1487
1127855,"RELOAD, GIA 80MM - 3.8MM",PP-OR-1487
1127856,"CLIP, LAPROCLIP LIGATING CARTRIDGE ABSORB 12MM",PP-OR-1487
1127857,"HANDLE, ENDO GIA 12MM UNIVERSAL",PP-OR-1487
1129073,"TACKER, ABSORBATACK FIXATION DEVICE 5MM 15 TACKS",PP-OR-1487
1129340,"ENDO STITCH, DISP 10MM",PP-OR-1487
1130423,"APPLIER, SURGICLIP III 9.0IN SMALL",PP-OR-1487
1130424,"APPLIER, SURGICLIP 11.5IN MED",PP-OR-1487
1130425,"STAPLER, SHELL SIGNIA POWER CONTROL",PP-OR-1487
1130428,"APPLIER, SURGICLIP III 9.0IN SMALL",PP-OR-1487
1130429,"APPLIER, SURGICLIP 11.5IN MED",PP-OR-1487
1130463,"POUCH, SPECIMEN ENDOCATCH II 15MM",PP-OR-1487
1130466,"RELOAD, SIGNIA 2.0 TRI-STAPLE 30 VSCLR MED TAN 12MM",PP-OR-1487
1130467,"RELOAD, ENDO GIA 45MM TRISTAPLE ARTICULATING MED TAN",PP-OR-1487
1130468,"RELOAD, ENDO GIA MED THICK PURPLE 45MM",PP-OR-1487
1130469,"RELOAD, ARTICULATING ENDO GIA TRISTAPLE MED TAN 60MM",PP-OR-1487
1130483,"APPLIER, ENDOCLIP 10MM",PP-OR-1487
1130485,"RELOAD, GIA 80MM - 3.8MM",PP-OR-1487
1130501,"TROCAR, ENDO CLOSE",PP-OR-1487
1130514,"HANDLE, GIA UNIVERSAL SHORT 12MM",PP-OR-1487
1130515,"TROCAR, ENDO CLOSE",PP-OR-1487
1131674,"APPLIER, SURGICLIP 11.5IN MED",PP-OR-1487
1131710,"BAG, SPECIMEN RETRIEVAL 10MM",PP-OR-1487
1131711,"TROCAR, ENDO CLOSE",PP-OR-1487
1132963,"STAPLER, SHELL SIGNIA POWER CONTROL",PP-OR-1487
1132964,"RELOAD, ARTICULATE ENDO GIA TRISTAPLE MED/THICK RE",PP-OR-1487
1132965,"STAPLER, TA 90-3.5",PP-OR-1487
1132966,"STAPLER, GIA 80MM - 3.8MM",PP-OR-1487
1133010,"ENDO STITCH, DISP 10MM",PP-OR-1487
1133013,"RELOAD, ENDO GIA 45MM TRISTAPLE ARTICULATING MED TAN",PP-OR-1487
1133014,"RELOAD, ENDO GIA MED THICK PURPLE 45MM",PP-OR-1487
1133015,"RELOAD, ARTICULATING ENDO GIA TRISTAPLE MED TAN 60MM",PP-OR-1487
1133016,"RELOAD, ARTICULATE ENDO GIA TRISTAPLE MED/THICK RE",PP-OR-1487
1133019,"RELOAD, ENDO GIA ARTICULATE TRI-STAPLE 60MM MED/THCK",PP-OR-1487
1133020,"RELOAD, ARTICULATING ENDO GIA TRISTAPLE MED TAN 60MM",PP-OR-1487
1134521,"RELOAD, GIA 80MM - 3.8MM",PP-OR-1487
1134523,"RELOAD, ENDO GIA 45MM TRISTAPLE ARTICULATING MED TAN",PP-OR-1487
1134528,"BAG, SPECIMEN RETRIEVAL 10MM",PP-OR-1487
1134529,"POUCH, SPECIMEN ENDOCATCH II 15MM",PP-OR-1487
1134539,"TROCAR, ENDO CLOSE",PP-OR-1487
1134540,"PURSTRING, DISP. 65 INST.",PP-OR-1487
1134714,"RELOAD, ENDO GIA ROT VASCULAR MED TAN 45MM",PP-OR-1487
1134834,"Scissors: Metzenbaum Scissors, Stainless Steel, Sterile, Curved 7"Metzenbaum Sci",PP-OR-1487
1137584,"APPLIER, SURGICLIP III 9.0IN SMALL",PP-OR-1487
1137585,"APPLIER, SURGICLIP 11.5IN MED",PP-OR-1487
1137634,"PURSTRING, DISP. 65 INST.",PP-OR-1487
1137645,"HANDLE, ENDO GIA 12MM UNIVERSAL",PP-OR-1487
1137646,"RELOAD, ENDO GIA ARTICULATE TRI-STAPLE 60MM MED/THCK",PP-OR-1487
1138729,"STAPLER, EEA XL 28MM W/ 4.8MM STAPLE",PP-OR-1487
1138730,"STAPLER, SHELL SIGNIA POWER CONTROL",PP-OR-1487
1138791,"TROCAR, ENDO CLOSE",PP-OR-1487
1138792,"ENDO STITCH, DISP 10MM",PP-OR-1487
1138793,"CLIP, LAPROCLIP LIGATING CARTRIDGE ABSORB 12MM",PP-OR-1487
1140412,"APPLIER, ENDO CLIP II MED/LARGE 10 MM 20 TI CLIPS",PP-OR-1487
1140413,"POUCH, SPECIMEN ENDOCATCH II 15MM",PP-OR-1487
1140439,"APPLIER, ENDO CLIP III 5MM",PP-OR-1487
1140440,"APPLIER, ENDO CLIP II MED/LARGE 10 MM 20 TI CLIPS",PP-OR-1487
1140441,"BAG, SPECIMEN RETRIEVAL 10MM",PP-OR-1487
1140442,"RELOAD, GIA 80MM - 3.8MM",PP-OR-1487
1140443,"HANDLE, ENDO GIA 12MM UNIVERSAL",PP-OR-1487
1140444,"RELOAD, ENDO GIA ARTICULATE TRI-STAPLE 60MM MED/THCK",PP-OR-1487
1140662,"RELOAD, GIA 80MM - 3.8MM",PP-OR-1487
1141622,"STAPLER, EEA XL 28MM W/ 4.8MM STAPLE",PP-OR-1487
1141653,"RELOAD, GIA 80MM - 3.8MM",PP-OR-1487
1142705,"HANDLE, GIA UNIVERSAL SHORT 12MM",PP-OR-1487
1143070,"RELOAD, ENDO GIA 45MM TRISTAPLE ARTICULATING MED TAN",PP-OR-1487
1143074,"STAPLER, TA 60-3.5",PP-OR-1487
1143075,"TROCAR, ENDO CLOSE",PP-OR-1487
1143076,"APPLIER, ENDO CLIP III 5MM",PP-OR-1487
1143077,"RELOAD, GIA 80MM - 3.8MM",PP-OR-1487
1143097,"RETRACTOR, ENDO PADDLE - 12MM",PP-OR-1487
1143098,"SCISSOR, ENDO SHEARS 5MM",PP-OR-1487
1143099,"HANDLE, ENDO GIA 12MM UNIVERSAL",PP-OR-1487
1143100,"RELOAD, ENDO GIA 45MM CURVE TIP ART MED/THCK PURPL",PP-OR-1487
1143839,"Scissors: Universal Bandage Scissors with Plastic Probe, Red, 7.5" (19 cm)Univer",PP-OR-1487
1144325,"STAPLER, GIA 80MM - 3.8MM",PP-OR-1487
1144326,"APPLIER, SURGICLIP 11.5IN MED",PP-OR-1487
1144327,"STAPLER, SHELL SIGNIA POWER CONTROL",PP-OR-1487
1144374,"RELOAD, GIA 80MM - 3.8MM",PP-OR-1487
1144375,"TROCAR, ENDO CLOSE",PP-OR-1487
1144376,"RELOAD, ENDO GIA ARTICULATE TRI-STAPLE 60MM MED/THCK",PP-OR-1487
1144634,"Scissors: Metzenbaum Scissors, Stainless Steel, Sterile, Curved 7"Metzenbaum Sci",PP-OR-1487
1145785,"STAPLER, SHELL SIGNIA POWER CONTROL",PP-OR-1487
1145863,"SUTURE, 0 POLYSORB ENDO STITCH UNDYED ES-9 48",PP-OR-1487
1145864,"RELOAD, ENDO GIA ARTICULATE TRI-STAPLE 60MM MED/THCK",PP-OR-1487
1145866,"APPLIER, ENDOCLIP 10MM",PP-OR-1487
1145868,"APPLIER, ENDO CLIP II MED/LARGE 10 MM 20 TI CLIPS",PP-OR-1487
1145869,"POUCH, SPECIMEN ENDOCATCH II 15MM",PP-OR-1487
1145879,"APPLIER, SURGICLIP LRG 13.0 TIT",PP-OR-1487
1146055,"RELOAD, GIA 80MM - 3.8MM",PP-OR-1487
1147505,"APPLIER, SURGICLIP MED 9.75",PP-OR-1487
1147506,"STAPLER, GIA 80MM - 3.8MM",PP-OR-1487
1147569,"BAG, SPECIMEN RETRIEVAL 10MM",PP-OR-1487
1147570,"SCISSOR, ENDO SHEARS 5MM",PP-OR-1487
1147571,"RELOAD, GIA 80MM - 3.8MM",PP-OR-1487
1147581,"HANDLE, ENDO GIA 12MM UNIVERSAL",PP-OR-1487
1147582,"RELOAD, ENDO GIA ROT VASCULAR MED TAN 45MM",PP-OR-1487
1147583,"RELOAD, ENDO GIA ARTICULATE TRI-STAPLE 60MM MED/THCK",PP-OR-1487
1148529,"Scissors: Metzenbaum Scissors, Stainless Steel, Sterile, Curved 7"Metzenbaum Sci",PP-OR-1487
1149120,"APPLIER, SURGICLIP MED 9.75",PP-OR-1487
1150478,"HANDLE, ENDO GIA 12MM UNIVERSAL",PP-OR-1487
1150479,"RELOAD, ENDO GIA 45MM TRISTAPLE ARTICULATING MED TAN",PP-OR-1487
1150480,"RELOAD, ARTICULATING ENDO GIA TRISTAPLE MED TAN 60MM",PP-OR-1487
1150481,"RELOAD, ARTICULATE ENDO GIA TRISTAPLE MED/THICK RE",PP-OR-1487
1150490,"APPLIER, ENDO CLIP III 5MM",PP-OR-1487
1150492,"ENDO STITCH, DISP 10MM",PP-OR-1487
1150493,"RELOAD, GIA 80MM - 3.8MM",PP-OR-1487
1150700,"HANDLE, ENDO GIA 12MM UNIVERSAL",PP-OR-1487
1150701,"STAPLER, ENDOGIA ULTRA UNIV 12MM XL",PP-OR-1487
1150702,"STAPLER, ENDOGIA ULTRA UNIV 12MM XL",PP-OR-1487
1150703,"HANDLE, ENDO GIA 12MM UNIVERSAL",PP-OR-1487
1150704,"RELOAD, ENDO GIA ROT VASCULAR MED TAN 45MM",PP-OR-1487
1150707,"RELOAD, ARTICULATE ENDO GIA TRISTAPLE EXTRA/THICK",PP-OR-1487
1150871,"HANDLE, ENDO GIA 12MM UNIVERSAL",PP-OR-1487
1150872,"RELOAD, ENDO GIA 45MM TRISTAPLE ARTICULATING MED TAN",PP-OR-1487
1150873,"RELOAD, ENDO GIA ARTICULATE TRI-STAPLE 60MM MED/THCK",PP-OR-1487
1150874,"APPLIER, SURGICLIP LRG 13.0 TIT",PP-OR-1487
1153732,"APPLIER, SURGICLIP III 9.0IN SMALL",PP-OR-1487
1153733,"APPLIER, SURGICLIP 11.5IN MED",PP-OR-1487
1153775,"BAG, SPECIMEN RETRIEVAL 10MM",PP-OR-1487
1153784,"TROCAR, ENDO CLOSE",PP-OR-1487
1155141,"STAPLER, EEA XL 31MM W/ 4.8MM STAPLE",PP-OR-1487
1155189,"RELOAD, GIA 80MM - 3.8MM",PP-OR-1487
1159785,"BAG, SPECIMEN RETRIEVAL 10MM",PP-OR-1487
1159786,"SCISSOR, ENDO SHEARS 5MM",PP-OR-1487
1159787,"PURSTRING, DISP. 65 INST.",PP-OR-1487
1159839,"HANDLE, ENDO GIA 12MM UNIVERSAL",PP-OR-1487
1159840,"STAPLER, ENDOGIA ULTRA UNIV 12MM XL",PP-OR-1487
1159841,"RELOAD, ENDO GIA ROT VASCULAR MED TAN 45MM",PP-OR-1487
1159842,"RELOAD, ENDO GIA ARTICULATE TRI-STAPLE 60MM MED/THCK",PP-OR-1487
1160292,"PAN DUST LOBBY WITH HANDLE BLACK 12X10X6IN",PP-OR-1487
1161859,"APPLIER, SURGICLIP 11.5IN MED",PP-OR-1487
1161860,"STAPLER, SHELL SIGNIA POWER CONTROL",PP-OR-1487
1163220,"APPLIER, SURGICLIP III 9.0IN SMALL",PP-OR-1487
1163221,"APPLIER, SURGICLIP 11.5IN MED",PP-OR-1487
1163222,"STAPLER, GIA 80MM - 3.8MM",PP-OR-1487
1164499,"POUCH, SPECIMEN ENDOCATCH II 15MM",PP-OR-1487
1164510,"HANDLE, ENDO GIA 12MM UNIVERSAL",PP-OR-1487
1164511,"STAPLER, ENDOGIA ULTRA UNIV 12MM XL",PP-OR-1487
1164531,"RELOAD, ENDO GIA 45MM CURVE TIP ART MED/THCK PURPL",PP-OR-1487
1164532,"RELOAD, ENDO GIA ROT VASCULAR MED TAN 45MM",PP-OR-1487
1164533,"RELOAD, ENDO GIA 45MM TRISTAPLE ARTICULATING MED TAN",PP-OR-1487
1164534,"RELOAD, ENDO GIA ARTICULATE TRI-STAPLE 60MM MED/THCK",PP-OR-1487
1164535,"RELOAD, ENDO GIA ARTICULATE TRI-STAPLE 60MM EXTRA/THCK",PP-OR-1487
1164536,"RELOAD, ARTICULATING ENDO GIA TRISTAPLE MED TAN 60MM",PP-OR-1487
1164538,"BAG, SPECIMEN RETRIEVAL 10MM",PP-OR-1487
1164539,"TROCAR, ENDO CLOSE",PP-OR-1487
1164540,"PURSTRING, DISP. 65 INST.",PP-OR-1487
1164553,"APPLIER, ENDOCLIP 10MM",PP-OR-1487
1164554,"BAG, SPECIMEN RETRIEVAL 10MM",PP-OR-1487
1164555,"PURSTRING, DISP. 65 INST.",PP-OR-1487
1164556,"HANDLE, ENDO GIA 12MM UNIVERSAL",PP-OR-1487
1164827,"RELOAD, SIGNIA 2.0 TRI-STAPLE 30 VSCLR MED TAN 12MM",PP-OR-1487
1165915,"APPLIER, ENDO CLIP III 5MM",PP-OR-1487
1165916,"STAPLER, SKIN ROTATING 35 WIDE",PP-OR-1487
1165917,"STAPLER, TA 60-3.5",PP-OR-1487
1165919,"RELOAD, GIA 80MM - 3.8MM",PP-OR-1487
1166332,"RELOAD, SIGNIA 2.0 TRI-STAPLE 30 VSCLR MED TAN 12MM",PP-OR-1487
1167214,"RELOAD, ARTICULATE ENDO GIA TRISTAPLE MED/THICK RE",PP-OR-1487
1167216,"STAPLER, GIA 80MM - 3.8MM",PP-OR-1487
1167274,"BAG, SPECIMEN RETRIEVAL 10MM",PP-OR-1487
1167275,"STAPLER, TA 60-3.5",PP-OR-1487
1167276,"STAPLER, DST SERIES GIA 60MM - 3.8MM RELOADABLE",PP-OR-1487
1167277,"CLIP, LAPROCLIP LIGATING CARTRIDGE ABSORB 12MM",PP-OR-1487
1167554,"PAN DUST LOBBY WITH HANDLE BLACK 12X10X6IN",PP-OR-1487
1168606,"STAPLER, EEA XL 28MM W/ 4.8MM STAPLE",PP-OR-1487
1168611,"STAPLER, SHELL SIGNIA POWER CONTROL",PP-OR-1487
1168613,"STAPLER, DST SERIES 28 MM W/ 4.8 MM STAPLE",PP-OR-1487
1168743,"SUTURE, 0 SURGIDAC ENDO STITCH 48&quot;",PP-OR-1487
1168752,"HANDLE, ENDO GIA 12MM UNIVERSAL",PP-OR-1487
1168761,"APPLIER, ENDO CLIP III 5MM",PP-OR-1487
1168820,"HANDLE, ENDO GIA 12MM UNIVERSAL",PP-OR-1487
1168821,"HANDLE, GIA UNIVERSAL SHORT 12MM",PP-OR-1487
1168822,"RELOAD, ENDO GIA ARTICULATE TRI-STAPLE 60MM MED/THCK",PP-OR-1487
1168823,"RELOAD, ENDO GIA ARTICULATE TRI-STAPLE 60MM EXTRA/THCK",PP-OR-1487
1168824,"RELOAD, ARTICULATE ENDO GIA TRISTAPLE EXTRA/THICK",PP-OR-1487
1168825,"STAPLER, TA 30V-3 NON-ABS CLIP",PP-OR-1487
1168826,"APPLIER, ENDOCLIP 10MM",PP-OR-1487
1168828,"RELOAD, SIGNIA 2.0 TRI-STAPLE 30 VSCLR MED TAN 12MM",PP-OR-1487
1170159,"STAPLER, SHELL SIGNIA POWER CONTROL",PP-OR-1487
1170164,"ADAPTER, SIGNIA POWER LINEAR STANDARD",PP-OR-1487
1170169,"APPLIER, SURGICLIP III 9.0IN SMALL",PP-OR-1487
1170170,"APPLIER, SURGICLIP 11.5IN MED",PP-OR-1487
1170171,"STAPLER, TA 90-3.5",PP-OR-1487
1171503,"APPLIER, SURGICLIP 11.5IN MED",PP-OR-1487
1171504,"APPLIER, SURGICLIP MED 9.75",PP-OR-1487
1171505,"STAPLER, GIA 80MM - 3.8MM",PP-OR-1487
1171577,"BAG, SPECIMEN RETRIEVAL 10MM",PP-OR-1487
1171580,"HANDLE, ENDO GIA 12MM UNIVERSAL",PP-OR-1487
1171581,"RELOAD, ENDO GIA ROT VASCULAR MED TAN 45MM",PP-OR-1487
1171582,"RELOAD, ENDO GIA ARTICULATE TRI-STAPLE 60MM MED/THCK",PP-OR-1487
1171583,"APPLIER, ENDO CLIP II MED/LARGE 10 MM 20 TI CLIPS",PP-OR-1487
1171584,"TROCAR, ENDO CLOSE",PP-OR-1487
1171585,"PURSTRING, DISP. 65 INST.",PP-OR-1487
1171591,"APPLIER, SURGICLIP LRG 13.0 TIT",PP-OR-1487
1171592,"RELOAD, ARTICULATE ENDO GIA TRISTAPLE EXTRA/THICK",PP-OR-1487
1175627,"STAPLER, GIA 80MM - 3.8MM",PP-OR-1487
1175628,"RELOAD, ARTICULATE ENDO GIA TRISTAPLE MED/THICK RE",PP-OR-1487
1175686,"RELOAD, GIA 80MM - 3.8MM",PP-OR-1487
1175687,"HANDLE, ENDO GIA 12MM UNIVERSAL",PP-OR-1487
1175718,"RELOAD, GIA 80MM - 3.8MM",PP-OR-1487
1175739,"APPLIER, SURGICLIP LRG 13.0 TIT",PP-OR-1487
1176769,"STAPLER, EEA XL 28MM W/ 4.8MM STAPLE",PP-OR-1487
1178166,"APPLIER, SURGICLIP 11.5IN MED",PP-OR-1487
1178167,"STAPLER, DST SERIES 28 MM W/ 4.8 MM STAPLE",PP-OR-1487
1178211,"RELOAD, SIGNIA VASCULAR SM DIA CURVED TIP 30MM",PP-OR-1487
1178212,"RELOAD, SIGNIA 2.0 TRI-STAPLE 30 VSCLR MED TAN 12MM",PP-OR-1487
1178215,"SCISSOR, ENDO SHEARS 5MM",PP-OR-1487
1178216,"CLIP, LAPROCLIP LIGATING CARTRIDGE ABSORB 12MM",PP-OR-1487
1178258,"HANDLE, ENDO GIA 12MM UNIVERSAL",PP-OR-1487
1178259,"HANDLE, GIA UNIVERSAL SHORT 12MM",PP-OR-1487
1178260,"RELOAD, ENDO GIA 45MM TRISTAPLE ARTICULATING MED TAN",PP-OR-1487
1178261,"RELOAD, ARTICULATE ENDO GIA TRISTAPLE EXTRA/THICK",PP-OR-1487
1178262,"BAG, SPECIMEN RETRIEVAL 10MM",PP-OR-1487
1178263,"TROCAR, ENDO CLOSE",PP-OR-1487
1178617,"APPLIER, ENDO CLIP III 5MM",PP-OR-1487
1179562,"APPLIER, SURGICLIP III 9.0IN SMALL",PP-OR-1487
1179563,"STAPLER, SHELL SIGNIA POWER CONTROL",PP-OR-1487
1179635,"SUTURE, 0 SURGIDAC ENDO STITCH 48&quot;",PP-OR-1487
1181167,"APPLIER, ENDO CLIP III 5MM",PP-OR-1487
1181279,"Scissors: Universal Bandage Scissors with Plastic Probe, Red, 7.5" (19 cm)Univer",PP-OR-1487
1181304,"RELOAD, SIGNIA 2.0 TRI-STAPLE 30 VSCLR MED TAN 12MM",PP-OR-1487
1181305,"RELOAD, ENDO GIA ARTICULATE TRI-STAPLE 60MM MED/THCK",PP-OR-1487
1181306,"RELOAD, SIGNIA 2.0 TRI-STAPLE 30 VSCLR MED TAN 12MM",PP-OR-1487
1181317,"APPLIER, ENDO CLIP III 5MM",PP-OR-1487
1181318,"APPLIER, ENDO CLIP II MED/LARGE 10 MM 20 TI CLIPS",PP-OR-1487
1181319,"BAG, SPECIMEN RETRIEVAL 10MM",PP-OR-1487
1181320,"RELOAD, DST SERIES GIA 100MM - 3.8MM LOADING UNIT",PP-OR-1487
1181321,"RELOAD, GIA 80MM - 3.8MM",PP-OR-1487
1181322,"HANDLE, ENDO GIA 12MM UNIVERSAL",PP-OR-1487
1181323,"HANDLE, GIA UNIVERSAL SHORT 12MM",PP-OR-1487
1181324,"RELOAD, ENDO GIA ARTICULATE TRI-STAPLE 60MM MED/THCK",PP-OR-1487
1181325,"RELOAD, ARTICULATING ENDO GIA TRISTAPLE MED TAN 60MM",PP-OR-1487
1181328,"HANDLE, ENDO GIA 12MM UNIVERSAL",PP-OR-1487
1182383,"APPLIER, SURGICLIP III 9.0IN SMALL",PP-OR-1487
1182384,"APPLIER, SURGICLIP 11.5IN MED",PP-OR-1487
1182390,"STAPLER, GIA 80MM - 3.8MM",PP-OR-1487
1182391,"STAPLER, EEA XL 33MM W/ 4.8MM STAPLE",PP-OR-1487
1182457,"APPLIER, ENDOCLIP 10MM",PP-OR-1487
1182459,"TROCAR, ENDO CLOSE",PP-OR-1487
1182460,"HANDLE, ENDO GIA 12MM UNIVERSAL",PP-OR-1487
1182461,"RELOAD, ENDO GIA ARTICULATE TRI-STAPLE 60MM MED/THCK",PP-OR-1487
1182570,"APPLIER, ENDO CLIP III 5MM",PP-OR-1487
1183544,"BAG, SPECIMEN RETRIEVAL 10MM",PP-OR-1487
1183546,"RELOAD, DST SERIES GIA 100MM - 3.8MM LOADING UNIT",PP-OR-1487
1184626,"STAPLER, SHELL SIGNIA POWER CONTROL",PP-OR-1487
1184700,"TROCAR, ENDO CLOSE",PP-OR-1487
1184701,"APPLIER, ENDO CLIP III 5MM",PP-OR-1487
1184702,"APPLIER, ENDO CLIP II MED/LARGE 10 MM 20 TI CLIPS",PP-OR-1487
1184703,"APPLIER, ENDOCLIP 10MM",PP-OR-1487
1184711,"STAPLER, ENDOGIA ULTRA UNIV 12MM XL",PP-OR-1487
1184753,"BAG, SPECIMEN RETRIEVAL 10MM",PP-OR-1487
1184754,"SCISSOR, ENDO SHEARS 5MM",PP-OR-1487
1184755,"PURSTRING, DISP. 65 INST.",PP-OR-1487
1184756,"HANDLE, ENDO GIA 12MM UNIVERSAL",PP-OR-1487
1184757,"RELOAD, ENDO GIA 45MM TRISTAPLE ARTICULATING MED TAN",PP-OR-1487
1184758,"RELOAD, ENDO GIA ARTICULATE TRI-STAPLE 60MM MED/THCK",PP-OR-1487
1184759,"RELOAD, ENDO GIA ARTICULATE TRI-STAPLE 60MM EXTRA/THCK",PP-OR-1487
1185904,"STAPLER, TA 90-3.5",PP-OR-1487
1187691,"POUCH, SPECIMEN ENDOCATCH II 15MM",PP-OR-1487
1187695,"TROCAR, ENDO CLOSE",PP-OR-1487
1187696,"PURSTRING, DISP. 65 INST.",PP-OR-1487
1187700,"HANDLE, ENDO GIA 12MM UNIVERSAL",PP-OR-1487
1187701,"HANDLE, GIA UNIVERSAL SHORT 12MM",PP-OR-1487
1187702,"RELOAD, ENDO GIA ARTICULATE TRI-STAPLE 60MM MED/THCK",PP-OR-1487
1187703,"HANDLE, ENDO GIA 12MM UNIVERSAL",PP-OR-1487
1187704,"RELOAD, ENDO GIA 45MM TRISTAPLE ARTICULATING MED TAN",PP-OR-1487
1187705,"RELOAD, ARTICULATING ENDO GIA TRISTAPLE MED TAN 60MM",PP-OR-1487
1187707,"BAG, SPECIMEN RETRIEVAL 10MM",PP-OR-1487
1190077,"RELOAD, ARTICULATE ENDO GIA TRISTAPLE MED/THICK RE",PP-OR-1487
1190173,"HANDLE, GIA UNIVERSAL SHORT 12MM",PP-OR-1487
1190174,"STAPLER, TA 60MM - 4.8MM RELOADABLE",PP-OR-1487
1190175,"STAPLER, TA 60-3.5",PP-OR-1487
1191547,"TROCAR, ENDO CLOSE",PP-OR-1487
1191548,"STAPLER, TA 30V-3 NON-ABS CLIP",PP-OR-1487
1191549,"APPLIER, ENDO CLIP III 5MM",PP-OR-1487
1191550,"SCISSOR, ENDO SHEARS 5MM",PP-OR-1487
1193120,"RELOAD, TA 30MM - V3",PP-OR-1487
1193130,"HANDLE, ENDO GIA 12MM UNIVERSAL",PP-OR-1487
1193135,"RELOAD, ARTICULATE ENDO GIA TRISTAPLE EXTRA/THICK",PP-OR-1487
1193137,"STAPLER, TA 30V-3 NON-ABS CLIP",PP-OR-1487
1193138,"BAG, SPECIMEN RETRIEVAL 10MM",PP-OR-1487
1193139,"RELOAD, GIA 80MM - 3.8MM",PP-OR-1487
1193140,"SCISSOR, ENDO SHEARS 5MM",PP-OR-1487
1193141,"TROCAR, ENDO CLOSE",PP-OR-1487
1194340,"STAPLER, GIA 80MM - 3.8MM",PP-OR-1487
1194341,"STAPLER, DST SERIES 31 MM W/ 4.8 MM STAPLE",PP-OR-1487
1194342,"STAPLER, DST SERIES 28 MM W/ 4.8 MM STAPLE",PP-OR-1487
1198511,"STAPLER, GIA 80MM - 3.8MM",PP-OR-1487
1199561,"Scissors: Straight Knapp Iris Scissors with Sharp/Sharp Tips, 4" (10 cm)Knapp Ir",PP-OR-1487
1199761,"BAG, SPECIMEN RETRIEVAL 10MM",PP-OR-1487
1199763,"HANDLE, ENDO GIA 12MM UNIVERSAL",PP-OR-1487
1199764,"HANDLE, GIA UNIVERSAL SHORT 12MM",PP-OR-1487
1199765,"RELOAD, ENDO GIA 45MM TRISTAPLE ARTICULATING MED TAN",PP-OR-1487
1199766,"RELOAD, SIGNIA 2.0 TRI-STAPLE 30 VSCLR MED TAN 12MM",PP-OR-1487
1199767,"BAG, SPECIMEN RETRIEVAL 10MM",PP-OR-1487
1199768,"TROCAR, ENDO CLOSE",PP-OR-1487
1199769,"CLIP, LAPROCLIP LIGATING CARTRIDGE ABSORB 12MM",PP-OR-1487
1201097,"HANDLE, ENDO GIA 12MM UNIVERSAL",PP-OR-1487
1201104,"ENDO STITCH, DISP 10MM",PP-OR-1487
1201105,"POUCH, SPECIMEN ENDOCATCH II 15MM",PP-OR-1487
1201148,"RELOAD, DST SERIES GIA 100MM - 3.8MM LOADING UNIT",PP-OR-1487
1201149,"STAPLER, TA 60-3.5",PP-OR-1487
1201150,"RELOAD, GIA 80MM - 3.8MM",PP-OR-1487
1202476,"APPLIER, SURGICLIP III 9.0IN SMALL",PP-OR-1487
1202477,"APPLIER, SURGICLIP MED 9.75",PP-OR-1487
1202483,"STAPLER, TA 90-3.5",PP-OR-1487
1202484,"STAPLER, EEA XL 28MM W/ 4.8MM STAPLE",PP-OR-1487
1202561,"APPLIER, ENDO CLIP III 5MM",PP-OR-1487
1204070,"RELOAD, DST SERIES GIA 100MM - 3.8MM LOADING UNIT",PP-OR-1487
1204075,"RELOAD, GIA 80MM - 3.8MM",PP-OR-1487
1204118,"HANDLE, ENDO GIA 12MM UNIVERSAL",PP-OR-1487
1204119,"HANDLE, GIA UNIVERSAL SHORT 12MM",PP-OR-1487
1204120,"RELOAD, ENDO GIA 45MM CURVE TIP ART MED/THCK PURPL",PP-OR-1487
1204121,"RELOAD, ENDO GIA ARTICULATE TRI-STAPLE 60MM EXTRA/THCK",PP-OR-1487
1204155,"PURSTRING, DISP. 65 INST.",PP-OR-1487
1205122,"Scissors: Universal Bandage Scissors with Plastic Probe, Red, 7.5" (19 cm)Univer",PP-OR-1487
1205585,"STAPLER, SHELL SIGNIA POWER CONTROL",PP-OR-1487
1205586,"STAPLER, DST SERIES 28 MM W/ 4.8 MM STAPLE",PP-OR-1487
1206222,"RELOAD, TA 90-4.8",PP-OR-1487
1206223,"RELOAD, DST SERIES GIA 60MM - 3.8MM LOADING UNIT",PP-OR-1487
1206231,"BAG, SPECIMEN RETRIEVAL 10MM",PP-OR-1487
1207659,"APPLIER, SURGICLIP III 9.0IN SMALL",PP-OR-1487
1207660,"APPLIER, SURGICLIP 11.5IN MED",PP-OR-1487
1207661,"APPLIER, SURGICLIP MED 9.75",PP-OR-1487
1207662,"STAPLER, EEA XL 28MM W/ 4.8MM STAPLE",PP-OR-1487
1207663,"STAPLER, EEA XL 31MM W/ 4.8MM STAPLE",PP-OR-1487
1207669,"STAPLER, GIA 80MM - 3.8MM",PP-OR-1487
1208157,"TROCAR, ENDO CLOSE",PP-OR-1487
1208167,"APPLIER, SURGICLIP LRG 13.0 TIT",PP-OR-1487
1208179,"RELOAD, ENDO GIA 45MM CURVE TIP ART MED/THCK PURPL",PP-OR-1487
1208180,"RELOAD, ENDO GIA ARTICULATE TRI-STAPLE 60MM MED/THCK",PP-OR-1487
1208181,"RELOAD, ENDO GIA ARTICULATE TRI-STAPLE 60MM EXTRA/THCK",PP-OR-1487
1210652,"HANDLE, ENDO GIA 12MM UNIVERSAL",PP-OR-1487
1210703,"STAPLER, ENDOGIA ULTRA UNIV 12MM XL",PP-OR-1487
1210704,"RELOAD, ARTICULATING ENDO GIA TRISTAPLE MED TAN 60MM",PP-OR-1487
1210706,"TROCAR, ENDO CLOSE",PP-OR-1487
1210707,"APPLIER, ENDO CLIP II MED/LARGE 10 MM 20 TI CLIPS",PP-OR-1487
1211915,"STAPLER, DST SERIES 28 MM W/ 4.8 MM STAPLE",PP-OR-1487
1211952,"RELOAD, ARTICULATE ENDO GIA TRISTAPLE MED/THICK RE",PP-OR-1487
1211954,"RELOAD, TA 30MM - V3",PP-OR-1487
1211955,"BAG, SPECIMEN RETRIEVAL 10MM",PP-OR-1487
1213491,"RELOAD, ARTICULATE ENDO GIA TRISTAPLE MED/THICK RE",PP-OR-1487
1213555,"RELOAD, ENDO GIA 45MM TRISTAPLE ARTICULATING MED TAN",PP-OR-1487
1213556,"RELOAD, ENDO GIA MED THICK PURPLE 45MM",PP-OR-1487
1213557,"RELOAD, ENDO GIA ARTICULATE TRI-STAPLE 60MM EXTRA/THCK",PP-OR-1487
1213558,"APPLIER, ENDOCLIP 10MM",PP-OR-1487
1213559,"RELOAD, GIA 80MM - 3.8MM",PP-OR-1487
1213560,"TROCAR, ENDO CLOSE",PP-OR-1487
1213609,"HANDLE, ENDO GIA 12MM UNIVERSAL",PP-OR-1487
1213610,"RELOAD, SIGNIA TRI-STAPLE 2.0 30 MM CURVED TIP ARTICULATING VASCULAR/MEDIUM",PP-OR-1487
1213611,"RELOAD, ENDO GIA ROT VASCULAR MED TAN 45MM",PP-OR-1487
1213612,"RELOAD, ENDO GIA 45MM TRISTAPLE ARTICULATING MED TAN",PP-OR-1487
1213613,"RELOAD, ENDO GIA ARTICULATE TRI-STAPLE 60MM MED/THCK",PP-OR-1487
1214680,"DISSECTOR, BALLOON OVAL SPACEMAKER PLUS SBT",PP-OR-1487
1214681,"RELOAD, ARTICULATE ENDO GIA TRISTAPLE MED/THICK RE",PP-OR-1487
1214682,"TACKER, ABSORBATACK FIXATION DEVICE 5MM 15 TACKS",PP-OR-1487
1214686,"APPLIER, SURGICLIP III 9.0IN SMALL",PP-OR-1487
1214687,"APPLIER, SURGICLIP 11.5IN MED",PP-OR-1487
1216613,"HANDLE, GIA UNIVERSAL SHORT 12MM",PP-OR-1487
1216614,"RELOAD, ENDO GIA 45MM TRISTAPLE ARTICULATING MED TAN",PP-OR-1487
1216615,"RELOAD, ENDO GIA ARTICULATE TRI-STAPLE 60MM MED/THCK",PP-OR-1487
1216619,"STAPLER, TA 30V-3 NON-ABS CLIP",PP-OR-1487
1216620,"STAPLER, DST SERIES GIA 100MM - 3.8MM RELOADABLE",PP-OR-1487
1216621,"RELOAD, DST SERIES GIA 80MM - 4.8MM LOADING UNIT",PP-OR-1487
1216622,"RELOAD, GIA 80MM - 3.8MM",PP-OR-1487
1216623,"TROCAR, ENDO CLOSE",PP-OR-1487
1216624,"PURSTRING, DISP. 65 INST.",PP-OR-1487
1216630,"HANDLE, ENDO GIA 12MM UNIVERSAL",PP-OR-1487
1216631,"STAPLER, ENDOGIA ULTRA UNIV 12MM XL",PP-OR-1487
1216632,"RELOAD, SIGNIA TRI-STAPLE 2.0 30 MM CURVED TIP ARTICULATING VASCULAR/MEDIUM",PP-OR-1487
1216633,"RELOAD, ENDO GIA ARTICULATE TRI-STAPLE 60MM MED/THCK",PP-OR-1487
1216634,"RETRACTOR, ENDO PADDLE - 12MM",PP-OR-1487
1216636,"BAG, SPECIMEN RETRIEVAL 10MM",PP-OR-1487
1216637,"RELOAD, DST SERIES GIA 100MM - 3.8MM LOADING UNIT",PP-OR-1487
1216638,"SCISSOR, ENDO SHEARS 5MM",PP-OR-1487
1216639,"DEVICE, ORVIL EEA DTS SERIES 25MM",PP-OR-1487
1216641,"APPLIER, ENDO CLIP III 5MM",PP-OR-1487
1216642,"APPLIER, ENDO CLIP II MED/LARGE 10 MM 20 TI CLIPS",PP-OR-1487
1216643,"BAG, SPECIMEN RETRIEVAL 10MM",PP-OR-1487
1216652,"RELOAD, ENDO GIA MED THICK PURPLE 45MM",PP-OR-1487
1216900,"BAG, SPECIMEN RETRIEVAL 10MM",PP-OR-1487
1218055,"STAPLER, SHELL SIGNIA POWER CONTROL",PP-OR-1487
1218056,"RELOAD, ARTICULATE ENDO GIA TRISTAPLE MED/THICK RE",PP-OR-1487
1218058,"STAPLER, GIA 80MM - 3.8MM",PP-OR-1487
1218059,"RELOAD, ARTICULATE ENDO GIA TRISTAPLE MED/THICK RE",PP-OR-1487
1218127,"HANDLE, ENDO GIA 12MM UNIVERSAL",PP-OR-1487
1218874,"APPLIER CLIP TITANIUM LATEX FREE PREMIUM SURGICLIP LARGE 13IN",PP-OR-1487
1218875,"APPLIER CLIP LATEX SURGICLIP III 9IN",PP-OR-1487
1219281,"STAPLER, GIA 80MM - 3.8MM",PP-OR-1487
1219282,"APPLIER, SURGICLIP III 9.0IN SMALL",PP-OR-1487
1219329,"RELOAD, DST SERIES GIA 80MM - 4.8MM LOADING UNIT",PP-OR-1487
1219348,"RELOAD, ENDO GIA ARTICULATE TRI-STAPLE 60MM MED/THCK",PP-OR-1487
1219349,"RELOAD, ENDO GIA ARTICULATE TRI-STAPLE 60MM EXTRA/THCK",PP-OR-1487
1219358,"POUCH, SPECIMEN ENDOCATCH II 15MM",PP-OR-1487
1219359,"HANDLE, ENDO GIA 12MM UNIVERSAL",PP-OR-1487
1219521,"SYSTEM VISUALIZATION ENDO CLEARIFY 8X6IN",PP-OR-1487
1220034,"APPLIER CLIP LATEX FREE DISPOSABLE PREMIUM SURGICLIP MEDIUM 9.75IN",PP-OR-1487
1220702,"APPLIER, SURGICLIP III 9.0IN SMALL",PP-OR-1487
1220816,"BAG, SPECIMEN RETRIEVAL 10MM",PP-OR-1487
1220817,"RELOAD, GIA 80MM - 3.8MM",PP-OR-1487
1220827,"APPLIER, SURGICLIP LRG 13.0 TIT",PP-OR-1487
1220828,"HANDLE, ENDO GIA 12MM UNIVERSAL",PP-OR-1487
1221947,"APPLIER, SURGICLIP 11.5IN MED",PP-OR-1487
1221948,"APPLIER, SURGICLIP MED 9.75",PP-OR-1487
1223114,"STAPLER, DST SERIES 33 MM W/ 4.8 MM STAPLE",PP-OR-1487
1223147,"TROCAR, ENDO CLOSE",PP-OR-1487
1223148,"PURSTRING, DISP. 65 INST.",PP-OR-1487
1223480,"SCISSORS SURGICAL IRIS CURVED SHARP/SHARP SMOOTH STAINLESS STEEL LATEX FREE DISP",PP-OR-1487
1223557,"APPLIER, ENDO CLIP III 5MM",PP-OR-1487
1223558,"SCISSOR, ENDO SHEARS 5MM",PP-OR-1487
1223567,"APPLIER, ENDOCLIP 10MM",PP-OR-1487
1223568,"BAG, SPECIMEN RETRIEVAL 10MM",PP-OR-1487
1223571,"HANDLE, ENDO GIA 12MM UNIVERSAL",PP-OR-1487
1223572,"HANDLE, GIA UNIVERSAL SHORT 12MM",PP-OR-1487
1223573,"RELOAD, ENDO GIA 45MM TRISTAPLE ARTICULATING MED TAN",PP-OR-1487
1223574,"RELOAD, ENDO GIA ARTICULATE TRI-STAPLE 60MM MED/THCK",PP-OR-1487
1226331,"RELOAD, ARTICULATE ENDO GIA TRISTAPLE MED/THICK RE",PP-OR-1487
1226332,"STAPLER, SHELL SIGNIA POWER CONTROL",PP-OR-1487
1226333,"APPLIER, SURGICLIP III 9.0IN SMALL",PP-OR-1487
1226334,"APPLIER, SURGICLIP MED 9.75",PP-OR-1487
1226414,"BAG, SPECIMEN RETRIEVAL 10MM",PP-OR-1487
1226676,"SCISSOR, ENDO SHEARS 5MM",PP-OR-1487
1226677,"BAG, SPECIMEN RETRIEVAL 10MM",PP-OR-1487
1227731,"STAPLER, SHELL SIGNIA POWER CONTROL",PP-OR-1487
1227811,"BAG, SPECIMEN RETRIEVAL 10MM",PP-OR-1487
1227816,"TROCAR, ENDO CLOSE",PP-OR-1487
1227817,"SUTURE, 0 SURGIDAC ENDO STITCH 48&quot;",PP-OR-1487
1227834,"RELOAD, ENDO GIA MED THICK PURPLE 45MM",PP-OR-1487
1227835,"BAG, SPECIMEN RETRIEVAL 10MM",PP-OR-1487
1227836,"TROCAR, ENDO CLOSE",PP-OR-1487
1229221,"APPLIER, SURGICLIP MED 9.75",PP-OR-1487
1230627,"APPLIER, SURGICLIP MED 9.75",PP-OR-1487
1230628,"STAPLER, GIA 80MM - 3.8MM",PP-OR-1487
1230629,"STAPLER, GIA 80MM - 3.8MM",PP-OR-1487
1231610,"APPLIER, SURGICLIP III 9.0IN SMALL",PP-OR-1487
1231613,"APPLIER, SURGICLIP III 9.0IN SMALL",PP-OR-1487
1231614,"APPLIER, SURGICLIP 11.5IN MED",PP-OR-1487
1231691,"APPLIER, ENDO CLIP II MED/LARGE 10 MM 20 TI CLIPS",PP-OR-1487
1231692,"APPLIER, ENDOCLIP 10MM",PP-OR-1487
1231693,"RELOAD, SIGNIA TRI-STAPLE 2.0 30 MM CURVED TIP ARTICULATING VASCULAR/MEDIUM",PP-OR-1487
1231694,"RELOAD, ENDO GIA ROT VASCULAR MED TAN 45MM",PP-OR-1487
1232332,"APPLIER, ENDOCLIP 10MM",PP-OR-1487
1232334,"SCISSOR, ENDO SHEARS 5MM",PP-OR-1487
1232335,"RELOAD, ENDO GIA ARTICULATE TRI-STAPLE 60MM MED/THCK",PP-OR-1487
1232346,"BAG, SPECIMEN RETRIEVAL 10MM",PP-OR-1487
1232347,"SCISSOR, ENDO SHEARS 5MM",PP-OR-1487
1235589,"PURSTRING, DISP. 65 INST.",PP-OR-1487
1235615,"ENDO STITCH, DISP 10MM",PP-OR-1487
1235617,"POUCH, SPECIMEN ENDOCATCH II 15MM",PP-OR-1487
1235618,"RELOAD, ARTICULATE ENDO GIA TRISTAPLE MED/THICK RE",PP-OR-1487
1237570,"STAPLER, SHELL SIGNIA POWER CONTROL",PP-OR-1487
1237685,"SUTURE, 0 POLYSORB ENDO STITCH UNDYED ES-9 48",PP-OR-1487
1237699,"BAG, SPECIMEN RETRIEVAL 10MM",PP-OR-1487
1237705,"TROCAR, ENDO CLOSE",PP-OR-1487
1237714,"RELOAD, ARTICULATING ENDO GIA TRISTAPLE MED TAN 60MM",PP-OR-1487
1237715,"APPLIER, ENDO CLIP III 5MM",PP-OR-1487
1237754,"HANDLE, ENDO GIA 12MM UNIVERSAL",PP-OR-1487
1237755,"RELOAD, ENDO GIA ARTICULATE TRI-STAPLE 60MM EXTRA/THCK",PP-OR-1487
1239148,"ENDO STITCH, DISP 10MM",PP-OR-1487
1240245,"STAPLER, SHELL SIGNIA POWER CONTROL",PP-OR-1487
1240247,"APPLIER, SURGICLIP 11.5IN MED",PP-OR-1487
1240249,"APPLIER, SURGICLIP III 9.0IN SMALL",PP-OR-1487
1242082,"STAPLER, EEA XL 28MM W/ 4.8MM STAPLE",PP-OR-1487
1242828,"STAPLER, TA 30V-3 NON-ABS CLIP",PP-OR-1487
1242829,"APPLIER, ENDO CLIP III 5MM",PP-OR-1487
1242830,"BAG, SPECIMEN RETRIEVAL 10MM",PP-OR-1487
1242831,"RELOAD, DST SERIES GIA 60MM - 3.8MM LOADING UNIT",PP-OR-1487
1242832,"RELOAD, GIA 80MM - 3.8MM",PP-OR-1487
1242837,"APPLIER, SURGICLIP LRG 13.0 TIT",PP-OR-1487
1242838,"BAG, SPECIMEN RETRIEVAL 10MM",PP-OR-1487
1242839,"PURSTRING, DISP. 65 INST.",PP-OR-1487
1242841,"HANDLE, ENDO GIA 12MM UNIVERSAL",PP-OR-1487
1242842,"RELOAD, SIGNIA TRI-STAPLE 2.0 30 MM CURVED TIP ARTICULATING VASCULAR/MEDIUM",PP-OR-1487
1242843,"RELOAD, ENDO GIA 45MM CURVE TIP ART MED/THCK PURPL",PP-OR-1487
1242844,"RELOAD, ENDO GIA 45MM TRISTAPLE ARTICULATING MED TAN",PP-OR-1487
1242845,"RELOAD, ENDO GIA ARTICULATE TRI-STAPLE 60MM MED/THCK",PP-OR-1487
1242847,"APPLIER, ENDO CLIP III 5MM",PP-OR-1487
1245070,"APPLIER, SURGICLIP MED 9.75",PP-OR-1487
1245071,"APPLIER, SURGICLIP III 9.0IN SMALL",PP-OR-1487
1245072,"APPLIER, SURGICLIP 11.5IN MED",PP-OR-1487
1245073,"STAPLER, GIA 80MM - 3.8MM",PP-OR-1487
1245139,"APPLIER, ENDOCLIP 10MM",PP-OR-1487
1245140,"STAPLER, DST SERIES GIA 60MM - 3.8MM RELOADABLE",PP-OR-1487
1245141,"TROCAR, ENDO CLOSE",PP-OR-1487
1245142,"PURSTRING, DISP. 65 INST.",PP-OR-1487
1246480,"APPLIER, SURGICLIP LRG 13.0 TIT",PP-OR-1487
1246481,"APPLIER, ENDO CLIP III 5MM",PP-OR-1487
1246491,"BAG, SPECIMEN RETRIEVAL 10MM",PP-OR-1487
1246492,"HANDLE, ENDO GIA 12MM UNIVERSAL",PP-OR-1487
1246493,"RELOAD, ENDO GIA 45MM TRISTAPLE ARTICULATING MED TAN",PP-OR-1487
1246527,"ENDO STITCH, DISP 10MM",PP-OR-1487
1247994,"APPLIER, SURGICLIP III 9.0IN SMALL",PP-OR-1487
1247999,"STAPLER, SHELL SIGNIA POWER CONTROL",PP-OR-1487
1248000,"STAPLER, TA 90-3.5",PP-OR-1487
1249132,"APPLIER, SURGICLIP III 9.0IN SMALL",PP-OR-1487
1249133,"APPLIER, SURGICLIP MED 9.75",PP-OR-1487
1250269,"APPLIER, SURGICLIP III 9.0IN SMALL",PP-OR-1487
1250270,"APPLIER, SURGICLIP 11.5IN MED",PP-OR-1487
1250307,"SCISSOR, ENDO SHEARS 5MM",PP-OR-1487
1250308,"HANDLE, ENDO GIA 12MM UNIVERSAL",PP-OR-1487
1250309,"HANDLE, GIA UNIVERSAL SHORT 12MM",PP-OR-1487
1250626,"HANDLE, ENDO GIA 12MM UNIVERSAL",PP-OR-1487
1250627,"RELOAD, ENDO GIA MED THICK PURPLE 45MM",PP-OR-1487
1250631,"BAG, SPECIMEN RETRIEVAL 10MM",PP-OR-1487
1250632,"TROCAR, ENDO CLOSE",PP-OR-1487
1251403,"Scissors: Iris Scissors, Single-Use, Curved, Standard, 4.5''Medline Iris Curved",PP-OR-1487
1253156,"STAPLER, GIA 80MM - 3.8MM",PP-OR-1487
1253157,"STAPLER, EEA XL 31MM W/ 4.8MM STAPLE",PP-OR-1487
1253158,"STAPLER, EEA XL 31MM W/ 4.8MM STAPLE",PP-OR-1487
1253206,"BAG, SPECIMEN RETRIEVAL 10MM",PP-OR-1487
1253207,"STAPLER, TA 60-3.5",PP-OR-1487
1253208,"PURSTRING, DISP. 65 INST.",PP-OR-1487
1253216,"RELOAD, DST SERIES GIA 60MM - 3.8MM LOADING UNIT",PP-OR-1487
1253217,"BAG, SPECIMEN RETRIEVAL 10MM",PP-OR-1487
1253218,"HANDLE, ENDO GIA 12MM UNIVERSAL",PP-OR-1487
1253219,"RELOAD, ENDO GIA MED THICK PURPLE 45MM",PP-OR-1487
1253413,"APPLIER, ENDO CLIP II MED/LARGE 10 MM 20 TI CLIPS",PP-OR-1487
1254606,"STAPLER, GIA 80MM - 3.8MM",PP-OR-1487
1254665,"STAPLER, DST SERIES GIA 60MM - 3.8MM RELOADABLE",PP-OR-1487
1254683,"APPLIER, ENDO CLIP II MED/LARGE 10 MM 20 TI CLIPS",PP-OR-1487
1254684,"APPLIER, ENDOCLIP 10MM",PP-OR-1487
1254685,"RELOAD, GIA 80MM - 3.8MM",PP-OR-1487
1254686,"TROCAR, ENDO CLOSE",PP-OR-1487
1254693,"BAG, SPECIMEN RETRIEVAL 10MM",PP-OR-1487
1254705,"HANDLE, ENDO GIA 12MM UNIVERSAL",PP-OR-1487
1254706,"RELOAD, SIGNIA TRI-STAPLE 2.0 30 MM CURVED TIP ARTICULATING VASCULAR/MEDIUM",PP-OR-1487
1254707,"RELOAD, ENDO GIA ROT VASCULAR MED TAN 45MM",PP-OR-1487
1254708,"RELOAD, ENDO GIA 45MM TRISTAPLE ARTICULATING MED TAN",PP-OR-1487
1254965,"APPLIER, ENDO CLIP II MED/LARGE 10 MM 20 TI CLIPS",PP-OR-1487
1254967,"RELOAD, ENDO GIA 45MM TRISTAPLE ARTICULATING MED TAN",PP-OR-1487
1255590,"Scissors: Single-Use Iris Scissors, Straight, Standard, 4.5"Medline Floor Grade",PP-OR-1487
1255591,"Scissors: Iris Scissors, Single-Use, Curved, Standard, 4.5''Medline Iris Curved",PP-OR-1487
1256072,"APPLIER, SURGICLIP III 9.0IN SMALL",PP-OR-1487
1257409,"RELOAD, ENDO GIA ARTICULATE TRI-STAPLE 60MM EXTRA/THCK",PP-OR-1487
1259509,"Scissors: Universal Bandage Scissors with Plastic Probe, Red, 7.5" (19 cm)Univer",PP-OR-1487
1260121,"HANDLE, ENDO GIA 12MM UNIVERSAL",PP-OR-1487
1260122,"RELOAD, ENDO GIA ARTICULATE TRI-STAPLE 60MM MED/THCK",PP-OR-1487
1260123,"RELOAD, ENDO GIA ARTICULATE TRI-STAPLE 60MM EXTRA/THCK",PP-OR-1487
1260124,"APPLIER, ENDO CLIP II MED/LARGE 10 MM 20 TI CLIPS",PP-OR-1487
1260125,"TROCAR, ENDO CLOSE",PP-OR-1487
1260138,"TROCAR, ENDO CLOSE",PP-OR-1487
1260139,"ENDO STITCH, DISP 10MM",PP-OR-1487
1260140,"POUCH, SPECIMEN ENDOCATCH II 15MM",PP-OR-1487
1261879,"APPLIER, ENDO CLIP III 5MM",PP-OR-1487
1261880,"APPLIER, ENDO CLIP II MED/LARGE 10 MM 20 TI CLIPS",PP-OR-1487
1261881,"APPLIER, ENDOCLIP 10MM",PP-OR-1487
1261883,"SCISSOR, ENDO SHEARS 5MM",PP-OR-1487
1261884,"RELOAD, GIA 80MM - 3.8MM",PP-OR-1487
1261885,"RELOAD, ARTICULATE ENDO GIA TRISTAPLE MED/THICK RE",PP-OR-1487
1261886,"HANDLE, ENDO GIA 12MM UNIVERSAL",PP-OR-1487
1261887,"RELOAD, DST SERIES GIA 60MM - 3.8MM LOADING UNIT",PP-OR-1487
1263651,"BAG, SPECIMEN RETRIEVAL 10MM",PP-OR-1487
1263652,"RELOAD, ENDO GIA ARTICULATE TRI-STAPLE 60MM MED/THCK",PP-OR-1487
1264952,"APPLIER, SURGICLIP III 9.0IN SMALL",PP-OR-1487
1265001,"RELOAD, SIGNIA TRI-STAPLE 2.0 30 MM CURVED TIP ARTICULATING VASCULAR/MEDIUM",PP-OR-1487
1266177,"APPLIER, SURGICLIP 11.5IN MED",PP-OR-1487
1266287,"HANDLE, ENDO GIA 12MM UNIVERSAL",PP-OR-1487
1266291,"APPLIER, ENDO CLIP III 5MM",PP-OR-1487
1266292,"STAPLER, TA 60-3.5",PP-OR-1487
1266297,"TROCAR, ENDO CLOSE",PP-OR-1487
1266791,"RELOAD, ARTICULATING ENDO GIA TRISTAPLE MED TAN 60MM",PP-OR-1487
1266795,"APPLIER, ENDO CLIP III 5MM",PP-OR-1487
1266801,"SCISSOR, ENDO SHEARS 5MM",PP-OR-1487
1266802,"TROCAR, ENDO CLOSE",PP-OR-1487
1266803,"HANDLE, GIA UNIVERSAL SHORT 12MM",PP-OR-1487
1266804,"RELOAD, ENDO GIA ARTICULATE TRI-STAPLE 60MM MED/THCK",PP-OR-1487
1267985,"RELOAD, ARTICULATE ENDO GIA TRISTAPLE MED/THICK RE",PP-OR-1487
1267986,"STAPLER, SHELL SIGNIA POWER CONTROL",PP-OR-1487
1267987,"STAPLER, DST SERIES 33 MM W/ 4.8 MM STAPLE",PP-OR-1487
1267988,"STAPLER, EEA XL 28MM W/ 4.8MM STAPLE",PP-OR-1487
1268026,"STAPLER, ENDOGIA ULTRA UNIV 12MM XL",PP-OR-1487
1268027,"RELOAD, ARTICULATING ENDO GIA TRISTAPLE MED TAN 60MM",PP-OR-1487
1268037,"TROCAR, ENDO CLOSE",PP-OR-1487
1268038,"APPLIER, ENDO CLIP III 5MM",PP-OR-1487
1268039,"APPLIER, ENDO CLIP II MED/LARGE 10 MM 20 TI CLIPS",PP-OR-1487
1268040,"APPLIER, ENDOCLIP 10MM",PP-OR-1487
1269766,"HANDLE, GIA UNIVERSAL SHORT 12MM",PP-OR-1487
1269767,"RELOAD, GIA 80MM - 3.8MM",PP-OR-1487
1269768,"PURSTRING, DISP. 65 INST.",PP-OR-1487
1272733,"STAPLER, EEA XL 33MM W/ 4.8MM STAPLE",PP-OR-1487
1272833,"SUTURE, 0 POLYSORB ENDO STITCH UNDYED ES-9 48",PP-OR-1487
1272861,"HANDLE, ENDO GIA 12MM UNIVERSAL",PP-OR-1487
1272862,"RELOAD, ENDO GIA 45MM CURVE TIP ART MED/THCK PURPL",PP-OR-1487
1272863,"RELOAD, ENDO GIA ROT VASCULAR MED TAN 45MM",PP-OR-1487
1272864,"RELOAD, ENDO GIA 45MM TRISTAPLE ARTICULATING MED TAN",PP-OR-1487
1272865,"APPLIER, ENDOCLIP 10MM",PP-OR-1487
1272866,"BAG, SPECIMEN RETRIEVAL 10MM",PP-OR-1487
1272867,"STAPLER, DST SERIES GIA 60MM - 3.8MM RELOADABLE",PP-OR-1487
1272868,"TROCAR, ENDO CLOSE",PP-OR-1487
1272869,"PURSTRING, DISP. 65 INST.",PP-OR-1487
1272924,"POUCH, SPECIMEN ENDOCATCH II 15MM",PP-OR-1487
1276829,"APPLIER, SURGICLIP III 9.0IN SMALL",PP-OR-1487
1278064,"ADAPTER, SIGNIA POWER LINEAR XL",PP-OR-1487
1278065,"STAPLER, DST SERIES 33 MM W/ 4.8 MM STAPLE",PP-OR-1487
1278601,"SCISSORS,IRIS,CURVED,STD,4.5",STERIL",PP-OR-1487
1279262,"CLIP, LAPROCLIP LIGATING CARTRIDGE ABSORB 12MM",PP-OR-1487
1279264,"APPLIER, SURGICLIP LRG 13.0 TIT",PP-OR-1487
1279265,"HANDLE, ENDO GIA 12MM UNIVERSAL",PP-OR-1487
1279266,"RELOAD, ENDO GIA 45MM CURVE TIP ART MED/THCK PURPL",PP-OR-1487
1279267,"RELOAD, ENDO GIA ARTICULATE TRI-STAPLE 60MM MED/THCK",PP-OR-1487
1279268,"RELOAD, ENDO GIA ARTICULATE TRI-STAPLE 60MM EXTRA/THCK",PP-OR-1487
1279269,"RELOAD, ARTICULATING ENDO GIA TRISTAPLE MED TAN 60MM",PP-OR-1487
1279292,"RELOAD, DST SERIES GIA 80MM - 4.8MM LOADING UNIT",PP-OR-1487
1281559,"STAPLER, GIA 80MM - 3.8MM",PP-OR-1487
1281560,"RELOAD, ARTICULATE ENDO GIA TRISTAPLE MED/THICK RE",PP-OR-1487
1281648,"RELOAD, SIGNIA TRI-STAPLE 2.0 30 MM CURVED TIP ARTICULATING VASCULAR/MEDIUM",PP-OR-1487
1281649,"RELOAD, ENDO GIA ROT VASCULAR MED TAN 45MM",PP-OR-1487
1281653,"STAPLER, ENDOGIA ULTRA UNIV 12MM XL",PP-OR-1487
1281654,"RELOAD, ENDO GIA 45MM TRISTAPLE ARTICULATING MED TAN",PP-OR-1487
1282865,"APPLIER, SURGICLIP III 9.0IN SMALL",PP-OR-1487
1282866,"APPLIER, SURGICLIP 11.5IN MED",PP-OR-1487
1282867,"APPLIER, SURGICLIP III 9.0IN SMALL",PP-OR-1487
1282868,"APPLIER, SURGICLIP 11.5IN MED",PP-OR-1487
1282912,"APPLIER, ENDO CLIP III 5MM",PP-OR-1487
1282914,"BAG, SPECIMEN RETRIEVAL 10MM",PP-OR-1487
1282915,"RELOAD, GIA 80MM - 3.8MM",PP-OR-1487
1282916,"TROCAR, ENDO CLOSE",PP-OR-1487
1282917,"SCISSOR, ENDO SHEARS 5MM",PP-OR-1487
1282942,"TROCAR, ENDO CLOSE",PP-OR-1487
1282943,"APPLIER, ENDO CLIP III 5MM",PP-OR-1487
1282944,"STAPLER, DST SERIES GIA 60MM - 3.8MM RELOADABLE",PP-OR-1487
1282945,"RELOAD, DST SERIES GIA 60MM - 3.8MM LOADING UNIT",PP-OR-1487
1282946,"BAG, SPECIMEN RETRIEVAL 10MM",PP-OR-1487
1282947,"HANDLE, ENDO GIA 12MM UNIVERSAL",PP-OR-1487
1282948,"HANDLE, GIA UNIVERSAL SHORT 12MM",PP-OR-1487
1282949,"RELOAD, ENDO GIA 45MM TRISTAPLE ARTICULATING MED TAN",PP-OR-1487
1282950,"RELOAD, ENDO GIA MED THICK PURPLE 45MM",PP-OR-1487
1284565,"RELOAD, ARTICULATE ENDO GIA TRISTAPLE MED/THICK RE",PP-OR-1487
1284570,"STAPLER, GIA 80MM - 3.8MM",PP-OR-1487
1284571,"STAPLER, DST SERIES 31 MM W/ 4.8 MM STAPLE",PP-OR-1487
1284572,"STAPLER, DST SERIES 31 MM W/ 4.8 MM STAPLE",PP-OR-1487
1284669,"HANDLE, ENDO GIA 12MM UNIVERSAL",PP-OR-1487
1284670,"HANDLE, GIA UNIVERSAL SHORT 12MM",PP-OR-1487
1284671,"RELOAD, ENDO GIA 45MM TRISTAPLE ARTICULATING MED TAN",PP-OR-1487
1284673,"APPLIER, ENDOCLIP 10MM",PP-OR-1487
1284674,"BAG, SPECIMEN RETRIEVAL 10MM",PP-OR-1487
1284675,"PURSTRING, DISP. 65 INST.",PP-OR-1487
1285968,"STAPLER, DST SERIES 28 MM W/ 4.8 MM STAPLE",PP-OR-1487
1287090,"STAPLER, DST SERIES 28 MM W/ 4.8 MM STAPLE",PP-OR-1487
1287668,"HANDLE, ENDO GIA 12MM UNIVERSAL",PP-OR-1487
1287669,"RELOAD, ENDO GIA ARTICULATE TRI-STAPLE 60MM MED/THCK",PP-OR-1487
1287689,"RELOAD, GIA 80MM - 3.8MM",PP-OR-1487
1287840,"APPLIER, ENDO CLIP III 5MM",PP-OR-1487
1288805,"APPLIER, SURGICLIP 11.5IN MED",PP-OR-1487
1288806,"APPLIER, SURGICLIP III 9.0IN SMALL",PP-OR-1487
1288807,"APPLIER, SURGICLIP 11.5IN MED",PP-OR-1487
1288808,"APPLIER, SURGICLIP MED 9.75",PP-OR-1487
1288837,"HANDLE, ENDO GIA 12MM UNIVERSAL",PP-OR-1487
1288838,"STAPLER, ENDOGIA ULTRA UNIV 12MM XL",PP-OR-1487
1288839,"RELOAD, ENDO GIA 45MM TRISTAPLE ARTICULATING MED TAN",PP-OR-1487
1288840,"PURSTRING, DISP. 65 INST.",PP-OR-1487
1288897,"RELOAD, ENDO GIA ARTICULATE TRI-STAPLE 60MM MED/THCK",PP-OR-1487
1292810,"STAPLER, EEA XL 28MM W/ 4.8MM STAPLE",PP-OR-1487
1292824,"RELOAD, ENDO GIA ARTICULATE TRI-STAPLE 60MM MED/THCK",PP-OR-1487
1294973,"DISSECTOR, BALLOON OVAL SPACEMAKER PLUS SBT",PP-OR-1487
1294974,"STAPLER, GIA 80MM - 3.8MM",PP-OR-1487
1294975,"STAPLER, EEA XL 28MM W/ 4.8MM STAPLE",PP-OR-1487
1294978,"STAPLER, GIA 80MM - 3.8MM",PP-OR-1487
1294980,"STAPLER, TA 90-3.5",PP-OR-1487
1295048,"PURSTRING, DISP. 65 INST.",PP-OR-1487
1295049,"RELOAD, ENDO GIA 45MM CURVE TIP ART MED/THCK PURPL",PP-OR-1487
1295057,"POUCH, SPECIMEN ENDOCATCH II 15MM",PP-OR-1487
1295059,"APPLIER, ENDO CLIP II MED/LARGE 10 MM 20 TI CLIPS",PP-OR-1487
1295060,"RELOAD, DST SERIES GIA 100MM - 3.8MM LOADING UNIT",PP-OR-1487
1295062,"TROCAR, ENDO CLOSE",PP-OR-1487
1295063,"PURSTRING, DISP. 65 INST.",PP-OR-1487
1295064,"HANDLE, GIA UNIVERSAL SHORT 12MM",PP-OR-1487
1296340,"APPLIER, SURGICLIP III 9.0IN SMALL",PP-OR-1487
1296341,"APPLIER, SURGICLIP MED 9.75",PP-OR-1487
1296342,"DISSECTOR, BALLOON OVAL SPACEMAKER PLUS SBT",PP-OR-1487
1296344,"APPLIER, SURGICLIP 11.5IN MED",PP-OR-1487
1296410,"TROCAR, ENDO CLOSE",PP-OR-1487
1296414,"POUCH, SPECIMEN ENDOCATCH II 15MM",PP-OR-1487
1296420,"STAPLER, ENDOGIA ULTRA UNIV 12MM XL",PP-OR-1487
1296726,"APPLIER, ENDO CLIP III 5MM",PP-OR-1487
1296727,"APPLIER, ENDO CLIP III 5MM",PP-OR-1487
1298180,"BAG, SPECIMEN RETRIEVAL 10MM",PP-OR-1487
1298205,"RELOAD, ENDO GIA 45MM CURVE TIP ART MED/THCK PURPL",PP-OR-1487
1298206,"RELOAD, ENDO GIA 45MM TRISTAPLE ARTICULATING MED TAN",PP-OR-1487
1298207,"RELOAD, ENDO GIA ARTICULATE TRI-STAPLE 60MM MED/THCK",PP-OR-1487
1298208,"RELOAD, ENDO GIA ARTICULATE TRI-STAPLE 60MM EXTRA/THCK",PP-OR-1487
1298209,"RELOAD, ARTICULATE ENDO GIA TRISTAPLE EXTRA/THICK",PP-OR-1487
1298214,"STAPLER, TA 30V-3 NON-ABS CLIP",PP-OR-1487
1298215,"APPLIER, ENDOCLIP 10MM",PP-OR-1487
1298216,"BAG, SPECIMEN RETRIEVAL 10MM",PP-OR-1487
1299340,"RELOAD, SIGNIA TRI-STAPLE 2.0 30 MM CURVED TIP ARTICULATING VASCULAR/MEDIUM",PP-OR-1487
1299341,"RELOAD, ARTICULATE ENDO GIA TRISTAPLE EXTRA/THICK",PP-OR-1487
1301065,"BAG, SPECIMEN RETRIEVAL 10MM",PP-OR-1487
1301066,"PURSTRING, DISP. 65 INST.",PP-OR-1487
1301071,"HANDLE, ENDO GIA 12MM UNIVERSAL",PP-OR-1487
1301091,"APPLIER, ENDO CLIP III 5MM",PP-OR-1487
1301092,"APPLIER, ENDO CLIP II MED/LARGE 10 MM 20 TI CLIPS",PP-OR-1487
1301094,"BAG, SPECIMEN RETRIEVAL 10MM",PP-OR-1487
1301095,"HANDLE, ENDO GIA 12MM UNIVERSAL",PP-OR-1487
1301096,"RELOAD, ENDO GIA 45MM TRISTAPLE ARTICULATING MED TAN",PP-OR-1487
1301097,"RELOAD, ARTICULATING ENDO GIA TRISTAPLE MED TAN 60MM",PP-OR-1487
1301461,"HANDLE, ENDO GIA 12MM UNIVERSAL",PP-OR-1487
1302596,"STAPLER, SHELL SIGNIA POWER CONTROL",PP-OR-1487
1302657,"CLIP, LAPROCLIP LIGATING CARTRIDGE ABSORB 12MM",PP-OR-1487
1302671,"HANDLE, ENDO GIA 12MM UNIVERSAL",PP-OR-1487
1302672,"RELOAD, ENDO GIA MED THICK PURPLE 45MM",PP-OR-1487
1302673,"RELOAD, ENDO GIA ARTICULATE TRI-STAPLE 60MM MED/THCK",PP-OR-1487
1302685,"APPLIER, ENDO CLIP III 5MM",PP-OR-1487
1302690,"RELOAD, ENDO GIA 45MM TRISTAPLE ARTICULATING MED TAN",PP-OR-1487
1302691,"RELOAD, ARTICULATING ENDO GIA TRISTAPLE MED TAN 60MM",PP-OR-1487
1304044,"STAPLER, GIA 80MM - 3.8MM",PP-OR-1487
1304045,"STAPLER, DST SERIES 33 MM W/ 4.8 MM STAPLE",PP-OR-1487
1304046,"STAPLER, GIA 80MM - 3.8MM",PP-OR-1487
1304122,"RELOAD, SIGNIA VASCULAR SM DIA CURVED TIP 30MM",PP-OR-1487
1304148,"APPLIER, SURGICLIP LRG 13.0 TIT",PP-OR-1487
1304323,"ENDO STITCH, DISP 10MM",PP-OR-1487
1304325,"SCISSORS SURGICAL LISTER ANGLED BLUNT/BLUNT SMOOTH STAINLESS STEEL LATEX FREE DI",PP-OR-1487
1305339,"APPLIER, SURGICLIP MED 9.75",PP-OR-1487
1306599,"APPLIER, SURGICLIP MED 9.75",PP-OR-1487
1306600,"STAPLER, DST SERIES 28 MM W/ 4.8 MM STAPLE",PP-OR-1487
1307951,"HANDLE, GIA UNIVERSAL SHORT 12MM",PP-OR-1487
1307952,"STAPLER, TA 60-3.5",PP-OR-1487
1307953,"RELOAD, GIA 80MM - 3.8MM",PP-OR-1487
1307954,"TROCAR, ENDO CLOSE",PP-OR-1487
1307964,"TROCAR, ENDO CLOSE",PP-OR-1487
1310745,"APPLIER, ENDO CLIP III 5MM",PP-OR-1487
1310746,"APPLIER, ENDO CLIP II MED/LARGE 10 MM 20 TI CLIPS",PP-OR-1487
1310747,"APPLIER, ENDOCLIP 10MM",PP-OR-1487
1310748,"BAG, SPECIMEN RETRIEVAL 10MM",PP-OR-1487
1310749,"RELOAD, GIA 80MM - 3.8MM",PP-OR-1487
1310750,"TROCAR, ENDO CLOSE",PP-OR-1487
1310751,"HANDLE, GIA UNIVERSAL SHORT 12MM",PP-OR-1487
1310752,"RELOAD, ENDO GIA 45MM CURVE TIP ART MED/THCK PURPL",PP-OR-1487
1310753,"RELOAD, ENDO GIA MED THICK PURPLE 45MM",PP-OR-1487
1310928,"ENDO STITCH, DISP 10MM",PP-OR-1487
1312548,"STAPLER, TA 30V-3 NON-ABS CLIP",PP-OR-1487
1312549,"BAG, SPECIMEN RETRIEVAL 10MM",PP-OR-1487
1312550,"RELOAD, DST SERIES GIA 60MM - 3.8MM LOADING UNIT",PP-OR-1487
1312551,"PURSTRING, DISP. 65 INST.",PP-OR-1487
1312555,"HANDLE, ENDO GIA 12MM UNIVERSAL",PP-OR-1487
1312556,"RELOAD, ENDO GIA ROT VASCULAR MED TAN 45MM",PP-OR-1487
1312557,"RELOAD, ENDO GIA ARTICULATE TRI-STAPLE 60MM MED/THCK",PP-OR-1487
1312608,"RELOAD, GIA 80MM - 3.8MM",PP-OR-1487
1312634,"STAPLER, ENDOGIA ULTRA UNIV 12MM XL",PP-OR-1487
1312635,"RELOAD, ENDO GIA 45MM TRISTAPLE ARTICULATING MED TAN",PP-OR-1487
1313628,"STAPLER, SHELL SIGNIA POWER CONTROL",PP-OR-1487
1313629,"APPLIER, SURGICLIP 11.5IN MED",PP-OR-1487
1313630,"APPLIER, SURGICLIP MED 9.75",PP-OR-1487
1313893,"SCISSORS SURGICAL LISTER ANGLED BLUNT/BLUNT SMOOTH STAINLESS STEEL LATEX FREE DI",PP-OR-1487
1316705,"SCISSOR SURG SHARP/BLUNT STR 5.5IN",PP-OR-1487
1316869,"SCISSORS SURGICAL LISTER ANGLED BLUNT/BLUNT SMOOTH STAINLESS STEEL LATEX FREE DI",PP-OR-1487
1318458,"SCISSOR SURG SHARP/BLUNT STR 5.5IN",PP-OR-1487
1319518,"ENDO STITCH, DISP 10MM",PP-OR-1487
1319656,"BAG, SPECIMEN RETRIEVAL 10MM",PP-OR-1487
1319658,"SCISSOR, ENDO SHEARS 5MM",PP-OR-1487
1319659,"BAG, SPECIMEN RETRIEVAL 10MM",PP-OR-1487
1320423,"SCISSOR SURG SHARP/BLUNT STR 5.5IN",PP-OR-1487
1321218,"SCISSORS SURGICAL LISTER ANGLED BLUNT/BLUNT SMOOTH STAINLESS STEEL LATEX FREE DI",PP-OR-1487
1321775,"BAG, SPECIMEN RETRIEVAL 10MM",PP-OR-1487
1323624,"APPLIER, ENDO CLIP II MED/LARGE 10 MM 20 TI CLIPS",PP-OR-1487
1323626,"BAG, SPECIMEN RETRIEVAL 10MM",PP-OR-1487
1323627,"SCISSOR, ENDO SHEARS 5MM",PP-OR-1487
1325653,"STAPLER, TA 60-3.5",PP-OR-1487
1326507,"APPLIER, SURGICLIP III 9.0IN SMALL",PP-OR-1487
1326508,"APPLIER, SURGICLIP 11.5IN MED",PP-OR-1487
1327398,"SCISSOR SURG SHARP/BLUNT STR 5.5IN",PP-OR-1487
1327989,"RELOAD, ENDO GIA 45MM TRISTAPLE ARTICULATING MED TAN",PP-OR-1487
1329775,SCISSOR,PP-OR-1487
1329776,SCISSOR,PP-OR-1487
1330720,"HANDLE, GIA UNIVERSAL SHORT 12MM",PP-OR-1487
1331379,"TROCAR, ENDO CLOSE",PP-OR-1487
1331380,"RELOAD, GIA 80MM - 3.8MM",PP-OR-1487
1331381,"BAG, SPECIMEN RETRIEVAL 10MM",PP-OR-1487
1331382,"TROCAR, ENDO CLOSE",PP-OR-1487
1331586,"STAPLER, GIA 80MM - 3.8MM",PP-OR-1487
1331615,"SUTURE, 0 POLYSORB ENDO STITCH UNDYED ES-9 48",PP-OR-1487
1331616,"HANDLE, ENDO GIA 12MM UNIVERSAL",PP-OR-1487
1331617,"HANDLE, GIA UNIVERSAL SHORT 12MM",PP-OR-1487
1331621,"RELOAD, SIGNIA TRI-STAPLE 2.0 30 MM CURVED TIP ARTICULATING VASCULAR/MEDIUM",PP-OR-1487
1331622,"RELOAD, ENDO GIA 45MM CURVE TIP ART MED/THCK PURPL",PP-OR-1487
1331623,"RELOAD, ENDO GIA 45MM TRISTAPLE ARTICULATING MED TAN",PP-OR-1487
1331644,"TROCAR, ENDO CLOSE",PP-OR-1487
1331645,"ENDO STITCH, DISP 10MM",PP-OR-1487
1331646,"SUTURE, 0 POLYSORB ENDO STITCH UNDYED ES-9 48",PP-OR-1487
1331659,"APPLIER, ENDOCLIP 10MM",PP-OR-1487
1331660,"CLIP, LAPROCLIP LIGATING CARTRIDGE ABSORB 12MM",PP-OR-1487
1331661,"TROCAR, ENDO CLOSE",PP-OR-1487
1331843,"STAPLER, SHELL SIGNIA POWER CONTROL",PP-OR-1487
1333026,"POUCH, SPECIMEN ENDOCATCH II 15MM",PP-OR-1487
1333028,"STAPLER, TA 60-3.5",PP-OR-1487
1333029,"HANDLE, ENDO GIA 12MM UNIVERSAL",PP-OR-1487
1333267,"HANDLE, ENDO GIA 12MM UNIVERSAL",PP-OR-1487
1334072,"HANDLE, GIA UNIVERSAL SHORT 12MM",PP-OR-1487
1334847,"SYSTEM VISUALIZATION ENDO CLEARIFY 8X6IN",PP-OR-1487
1334939,"RELOAD, DST GIA 60MM TRI-STAPLE BLACK THICK 4.0, 4.5, 5.0",PP-OR-1487
1334940,"STAPLER, DST GIA 60MM TRI-STAPLE BLACK THICK 4.0, 4.5, 5.0",PP-OR-1487
1335381,"SYSTEM VISUALIZATION ENDO CLEARIFY 8X6IN",PP-OR-1487
1335916,"SCISSOR, IRIS CURVED 4.5 INCH - DISP STERILE",PP-OR-1487
1336731,"POUCH, SPECIMEN ENDOCATCH II 15MM",PP-OR-1487
1336823,"HANDLE, ENDO GIA 12MM UNIVERSAL",PP-OR-1487
1337338,"APPLIER, ENDO CLIP III 5MM",PP-OR-1487
1337401,"HANDLE, ENDO GIA 12MM UNIVERSAL",PP-OR-1487
1337475,"APPLIER, ENDOCLIP 10MM",PP-OR-1487
1337478,"SUTURE, 2-0 SURGIDAC ENDO STITCH 48IN",PP-OR-1487
1338236,"SUTURE, 0 POLYSORB ENDO STITCH UNDYED ES-9 48",PP-OR-1487
1338723,"STAPLER, DST SERIES 31 MM W/ 4.8 MM STAPLE",PP-OR-1487
13766526,"STAPLER, DST SERIES 28 MM W/ 4.8 MM STAPLE",PP-OR-1487
13766753,"BAG, SPECIMEN RETRIEVAL 10MM",PP-OR-1487
13766754,"SCISSOR, ENDO SHEARS 5MM",PP-OR-1487
13766762,"APPLIER, ENDO CLIP III 5MM",PP-OR-1487
13766763,"POUCH, SPECIMEN ENDOCATCH II 15MM",PP-OR-1487
13766764,"HANDLE, GIA UNIVERSAL SHORT 12MM",PP-OR-1487
13766765,"RELOAD, ENDO GIA 45MM TRISTAPLE ARTICULATING MED TAN",PP-OR-1487
13766767,"STAPLER, DST SERIES 31 MM W/ 4.8 MM STAPLE",PP-OR-1487
13766807,"CLIP, LAPROCLIP LIGATING CARTRIDGE ABSORB 12MM",PP-OR-1487
13766808,"RELOAD, ENDO GIA ARTICULATE TRI-STAPLE 60MM MED/THCK",PP-OR-1487
13766809,"RELOAD, ARTICULATE ENDO GIA TRISTAPLE MED/THICK RE",PP-OR-1487
13767442,"SUTURE, 0 SURGIDAC ENDO STITCH 48&quot;",PP-OR-1487
13767443,"SUTURE, 2-0 ENDO STITCH POLYSORB VIOLET 48INCH",PP-OR-1487
13767453,"RELOAD, SIGNIA 2.0 TRI-STAPLE 30 MED THK PURPLE 12MM",PP-OR-1487
13767454,"RELOAD, ARTICULATING ENDO GIA TRISTAPLE MED TAN 60MM",PP-OR-1487
13767541,"HANDLE, GIA UNIVERSAL SHORT 12MM",PP-OR-1487
13767542,"RELOAD, SIGNIA TRI-STAPLE 2.0 30 MM CURVED TIP ARTICULATING VASCULAR/MEDIUM",PP-OR-1487
13767548,"APPLIER, ENDO CLIP III 5MM",PP-OR-1487
13767549,"APPLIER, ENDO CLIP II MED/LARGE 10 MM 20 TI CLIPS",PP-OR-1487
13767551,"STAPLER, DST SERIES 31 MM W/ 4.8 MM STAPLE",PP-OR-1487
13767552,"TROCAR, ENDO CLOSE",PP-OR-1487
13768639,"RELOAD, ARTICULATE ENDO GIA TRISTAPLE MED/THICK RE",PP-OR-1487
13768688,"SCISSOR, IRIS STRAIGHT 4.5 INCH - STERILE-DSD",PP-OR-1487
13768733,"BAG, SPECIMEN RETRIEVAL 10MM",PP-OR-1487
13768735,"STAPLER, ENDOGIA ULTRA UNIV 12MM XL",PP-OR-1487
13769640,"RELOAD, SIGNIA TRI-STAPLE 2.0 30 MM CURVED TIP ARTICULATING VASCULAR/MEDIUM",PP-OR-1487
13769641,"RELOAD, ENDO GIA ARTICULATE TRI-STAPLE 60MM MED/THCK",PP-OR-1487
13769654,"RELOAD, ENDO GIA 45MM TRISTAPLE ARTICULATING MED TAN",PP-OR-1487
13769655,"RELOAD, ENDO GIA ARTICULATE TRI-STAPLE 60MM MED/THCK",PP-OR-1487
13769673,"APPLIER, ENDOCLIP 10MM",PP-OR-1487
13769674,"BAG, SPECIMEN RETRIEVAL 10MM",PP-OR-1487
13769709,"STAPLER, EEA XL 25MM W/3.5MM STAPLES",PP-OR-1487
13769710,"STAPLER, EEA XL 25MM W/ 4.8MM STAPLE",PP-OR-1487
13769711,"STAPLER, EEA XL 25MM W/3.5MM STAPLES",PP-OR-1487
13769712,"STAPLER, EEA XL 25MM W/ 4.8MM STAPLE",PP-OR-1487
13769714,"PURSTRING, DISP. 65 INST.",PP-OR-1487
13770657,"KIT, LAPAROSCOPIC ANTI-FOGGING CLEARIFY",PP-OR-1487
13770757,"STAPLER, EEA XL 25MM W/3.5MM STAPLES",PP-OR-1487
13770758,"STAPLER, EEA XL 25MM W/ 4.8MM STAPLE",PP-OR-1487
13771405,"APPLIER, SURGICLIP 11.5IN MED",PP-OR-1487
13771406,"STAPLER, TA 90-3.5",PP-OR-1487
13771536,"STAPLER, EEA XL 25MM W/3.5MM STAPLES",PP-OR-1487
13772609,"RELOAD, ARTICULATE ENDO GIA TRISTAPLE MED/THICK RE",PP-OR-1487
13772610,"RELOAD, ARTICULATE ENDO GIA TRISTAPLE MED/THICK RE",PP-OR-1487
13772611,"RELOAD, ARTICULATE ENDO GIA TRISTAPLE MED/THICK RE",PP-OR-1487
13772709,"RELOAD, ENDO GIA 45MM TRISTAPLE ARTICULATING MED TAN",PP-OR-1487
13772712,"RELOAD, DST SERIES GIA 60MM - 3.8MM LOADING UNIT",PP-OR-1487
13772713,"RELOAD, GIA 80MM - 3.8MM",PP-OR-1487
13772714,"POUCH, SPECIMEN ENDOCATCH II 15MM",PP-OR-1487
13772738,"SCISSOR, ENDO SHEARS 5MM",PP-OR-1487
13774476,"RELOAD, ARTICULATE ENDO GIA TRISTAPLE MED/THICK RE",PP-OR-1487
13774589,"STAPLER, TA 60-3.5",PP-OR-1487
13774598,"HANDLE, ENDO GIA 12MM UNIVERSAL",PP-OR-1487
13774599,"STAPLER, ENDOGIA ULTRA UNIV 12MM XL",PP-OR-1487
13774600,"HANDLE, GIA UNIVERSAL SHORT 12MM",PP-OR-1487
13774601,"RELOAD, ENDO GIA ARTICULATE TRI-STAPLE 60MM MED/THCK",PP-OR-1487
13774628,"STAPLER, TA 30V-3 NON-ABS CLIP",PP-OR-1487
13774629,"RELOAD, TA 30MM - V3",PP-OR-1487
13774630,"APPLIER, ENDO CLIP III 5MM",PP-OR-1487
13774631,"APPLIER, ENDO CLIP II MED/LARGE 10 MM 20 TI CLIPS",PP-OR-1487
13774632,"APPLIER, ENDOCLIP 10MM",PP-OR-1487
13774633,"APPLIER, SURGICLIP LRG 13.0 TIT",PP-OR-1487
13774634,"BAG, SPECIMEN RETRIEVAL 10MM",PP-OR-1487
13774635,"RELOAD, TA 90-4.8",PP-OR-1487
13774636,"RELOAD, GIA 80MM - 3.8MM",PP-OR-1487
13774637,"STAPLER, GIA 80MM - 3.8MM",PP-OR-1487
13774638,"RELOAD, SIGNIA VASCULAR SM DIA CURVED TIP 30MM",PP-OR-1487
13774639,"CLIP, LAPROCLIP LIGATING CARTRIDGE ABSORB 12MM",PP-OR-1487
13774737,"RETRACTOR, ENDO PADDLE - 12MM",PP-OR-1487
13774738,"RELOAD, TA 30MM - V3",PP-OR-1487
13774739,"BAG, SPECIMEN RETRIEVAL 10MM",PP-OR-1487
13774740,"STAPLER, DST SERIES 31 MM W/ 4.8 MM STAPLE",PP-OR-1487
13774741,"HANDLE, ENDO GIA 12MM UNIVERSAL",PP-OR-1487
13776657,"STAPLER, TA 90-3.5",PP-OR-1487
13777151,"HANDLE, ENDO GIA 12MM UNIVERSAL",PP-OR-1487
13777929,"RELOAD, ARTICULATE ENDO GIA TRISTAPLE MED/THICK RE",PP-OR-1487
13778081,"SCISSOR, METZENBAUM STRAIGHT 9 INCH - STERILE DISPOSABLE",PP-OR-1487
13778117,"SUTURE, 2-0 SURGIDAC ENDO STITCH 48IN",PP-OR-1487
13778141,"STAPLER, TA 60-3.5",PP-OR-1487
13778142,"TROCAR, ENDO CLOSE",PP-OR-1487
13778143,"APPLIER, ENDO CLIP III 5MM",PP-OR-1487
13778146,"RELOAD, GIA 80MM - 3.8MM",PP-OR-1487
13778147,"BAG, SPECIMEN RETRIEVAL 10MM",PP-OR-1487
13778155,"APPLIER, ENDO CLIP III 5MM",PP-OR-1487
13778156,"APPLIER, ENDO CLIP II MED/LARGE 10 MM 20 TI CLIPS",PP-OR-1487
13778157,"BAG, SPECIMEN RETRIEVAL 10MM",PP-OR-1487
13778158,"TROCAR, ENDO CLOSE",PP-OR-1487
13778159,"PURSTRING, DISP. 65 INST.",PP-OR-1487
13778160,"HANDLE, ENDO GIA 12MM UNIVERSAL",PP-OR-1487
13778161,"RELOAD, ENDO GIA 45MM CURVE TIP ART MED/THCK PURPL",PP-OR-1487
13778162,"RELOAD, ENDO GIA ROT VASCULAR MED TAN 45MM",PP-OR-1487
13778163,"RELOAD, ENDO GIA 45MM TRISTAPLE ARTICULATING MED TAN",PP-OR-1487
13778171,"SCISSOR, METZENBAUM STRAIGHT 9 INCH - STERILE DISPOSABLE",PP-OR-1487
13779657,"SUTURE, 0 POLYSORB ENDO STITCH UNDYED ES-9 48",PP-OR-1487
13779697,"SUTURE, 0 POLYSORB ENDO STITCH UNDYED ES-9 48",PP-OR-1487
13779701,"RELOAD, ARTICULATING ENDO GIA TRISTAPLE MED TAN 60MM",PP-OR-1487
13779702,"RELOAD, ENDO GIA 45MM TRISTAPLE ARTICULATING MED TAN",PP-OR-1487
13780765,"TROCAR, ENDO CLOSE",PP-OR-1487
13780767,"RELOAD, GIA 80MM - 3.8MM",PP-OR-1487
13780768,"BAG, SPECIMEN RETRIEVAL 10MM",PP-OR-1487
13781671,"KIT, LAPAROSCOPIC ANTI-FOGGING CLEARIFY",PP-OR-1487
13781673,"SUTURE, 2-0 VLOC ABSORABLE ENDOSTITCH RELOAD 6IN GRN",PP-OR-1487
13783296,"SCISSOR, IRIS STRAIGHT 4.5 INCH - STERILE-DSD",PP-OR-1487
13783307,"STAPLER, DST SERIES GIA 60MM - 3.8MM RELOADABLE",PP-OR-1487
13783308,"STAPLER, TA 60-3.5",PP-OR-1487
13783311,"STAPLER, TA 60-3.5",PP-OR-1487
13784213,"RELOAD, ARTICULATE ENDO GIA TRISTAPLE MED/THICK RE",PP-OR-1487
13784407,"POUCH, SPECIMEN ENDOCATCH II 15MM",PP-OR-1487
13784408,"SCISSOR, ENDO SHEARS 5MM",PP-OR-1487
13784409,"TROCAR, ENDO CLOSE",PP-OR-1487
13784410,"RELOAD, ENDO GIA ROT VASCULAR MED TAN 45MM",PP-OR-1487
13787337,"SUTURE, 0 SURGIDAC ENDO STITCH 48&quot;",PP-OR-1487
13787380,"HANDLE, ENDO GIA 12MM UNIVERSAL",PP-OR-1487
13787381,"RELOAD, ARTICULATING ENDO GIA TRISTAPLE MED TAN 60MM",PP-OR-1487
13787382,"APPLIER, ENDO CLIP III 5MM",PP-OR-1487
13787383,"BAG, SPECIMEN RETRIEVAL 10MM",PP-OR-1487
13787384,"PURSTRING, DISP. 65 INST.",PP-OR-1487
13792330,"STAPLER, TA 60-3.5",PP-OR-1487
13794184,"RELOAD, ENDO GIA ROT VASCULAR MED TAN 45MM",PP-OR-1487
13794185,"RELOAD, ENDO GIA 45MM TRISTAPLE ARTICULATING MED TAN",PP-OR-1487
13794186,"RELOAD, ENDO GIA ARTICULATE TRI-STAPLE 60MM EXTRA/THCK",PP-OR-1487
13794187,"APPLIER, ENDO CLIP II MED/LARGE 10 MM 20 TI CLIPS",PP-OR-1487
13794188,"BAG, SPECIMEN RETRIEVAL 10MM",PP-OR-1487
13795771,"KIT, LAPAROSCOPIC ANTI-FOGGING CLEARIFY",PP-OR-1487
13796100,"RELOAD, SIGNIA 2.0 TRI-STAPLE 30 MED THK PURPLE 12MM",PP-OR-1487
13796101,"HANDLE, ENDO GIA 12MM UNIVERSAL",PP-OR-1487
13796102,"STAPLER, ENDOGIA ULTRA UNIV 12MM XL",PP-OR-1487
13796103,"RELOAD, ENDO GIA 45MM TRISTAPLE ARTICULATING MED TAN",PP-OR-1487
13796104,"RELOAD, ENDO GIA MED THICK PURPLE 45MM",PP-OR-1487
13796105,"RELOAD, ENDO GIA ARTICULATE TRI-STAPLE 60MM MED/THCK",PP-OR-1487
13796106,"RELOAD, ARTICULATING ENDO GIA TRISTAPLE MED TAN 60MM",PP-OR-1487
13796107,"RELOAD, ARTICULATE ENDO GIA TRISTAPLE MED/THICK RE",PP-OR-1487
13796114,"TROCAR, ENDO CLOSE",PP-OR-1487
13796115,"APPLIER, ENDO CLIP III 5MM",PP-OR-1487
13796116,"APPLIER, ENDOCLIP 10MM",PP-OR-1487
13796117,"ENDO STITCH, DISP 10MM",PP-OR-1487
13796118,"BAG, SPECIMEN RETRIEVAL 10MM",PP-OR-1487
13797514,"SUTURE, 2-0 SURGIDAC ENDO STITCH 48IN",PP-OR-1487
13801346,"APPLIER, SURGICLIP LRG 13.0 TIT",PP-OR-1487
13801347,"APPLIER, SURGICLIP LRG 13.0 TIT",PP-OR-1487
13801374,"HANDLE, ENDO GIA 12MM UNIVERSAL",PP-OR-1487
13801375,"STAPLER, ENDOGIA ULTRA UNIV 12MM XL",PP-OR-1487
13801376,"RELOAD, SIGNIA 2.0 TRI-STAPLE 30 MED THK PURPLE 12MM",PP-OR-1487
13801377,"RELOAD, ENDO GIA 45MM TRISTAPLE ARTICULATING MED TAN",PP-OR-1487
13801378,"RELOAD, ENDO GIA ARTICULATE TRI-STAPLE 60MM MED/THCK",PP-OR-1487
13801381,"APPLIER, ENDOCLIP 10MM",PP-OR-1487
13801382,"ENDO STITCH, DISP 10MM",PP-OR-1487
13801385,"BAG, SPECIMEN RETRIEVAL 10MM",PP-OR-1487
13801421,"HANDLE, ENDO GIA 12MM UNIVERSAL",PP-OR-1487
13801422,"APPLIER, ENDO CLIP III 5MM",PP-OR-1487
13801423,"APPLIER, ENDOCLIP 10MM",PP-OR-1487
13801424,"BAG, SPECIMEN RETRIEVAL 10MM",PP-OR-1487
13801425,"POUCH, SPECIMEN ENDOCATCH II 15MM",PP-OR-1487
13801426,"CLIP, LAPROCLIP LIGATING CARTRIDGE ABSORB 12MM",PP-OR-1487
13802394,"APPLIER, SURGICLIP 11.5IN MED",PP-OR-1487
13802395,"APPLIER, SURGICLIP MED 9.75",PP-OR-1487
13802396,"APPLIER, SURGICLIP MED 9.75",PP-OR-1487
13802399,"STAPLER, DST SERIES 28 MM W/ 4.8 MM STAPLE",PP-OR-1487
13802400,"STAPLER, DST SERIES 28 MM W/ 4.8 MM STAPLE",PP-OR-1487
13802569,"SUTURE, 0 POLYSORB ENDO STITCH UNDYED ES-9 48",PP-OR-1487
13802570,"RELOAD, DST SERIES GIA 100MM - 3.8MM LOADING UNIT",PP-OR-1487
13802573,"APPLIER, SURGICLIP LRG 13.0 TIT",PP-OR-1487
13802681,"BAG, SPECIMEN RETRIEVAL 10MM",PP-OR-1487
13805274,"APPLIER, ENDO CLIP II MED/LARGE 10 MM 20 TI CLIPS",PP-OR-1487
13805275,"BAG, SPECIMEN RETRIEVAL 10MM",PP-OR-1487
13805276,"STAPLER, GIA 80MM - 3.8MM",PP-OR-1487
13805277,"TROCAR, ENDO CLOSE",PP-OR-1487
13805278,"PURSTRING, DISP. 65 INST.",PP-OR-1487
13805279,"HANDLE, ENDO GIA 12MM UNIVERSAL",PP-OR-1487
13805280,"RELOAD, ENDO GIA 45MM CURVE TIP ART MED/THCK PURPL",PP-OR-1487
13805281,"RELOAD, ENDO GIA ROT VASCULAR MED TAN 45MM",PP-OR-1487
13805282,"RELOAD, ENDO GIA 45MM TRISTAPLE ARTICULATING MED TAN",PP-OR-1487
13805290,"STAPLER, GIA 80MM - 3.8MM",PP-OR-1487
13805291,"RELOAD, GIA 80MM - 3.8MM",PP-OR-1487
13805730,"SUTURE, 0 POLYSORB ENDO STITCH UNDYED ES-9 48",PP-OR-1487
13805749,"HANDLE, ENDO GIA 12MM UNIVERSAL",PP-OR-1487
13805750,"RELOAD, ENDO GIA 45MM TRISTAPLE ARTICULATING MED TAN",PP-OR-1487
13805751,"RELOAD, ENDO GIA MED THICK PURPLE 45MM",PP-OR-1487
13805752,"RELOAD, ARTICULATING ENDO GIA TRISTAPLE MED TAN 60MM",PP-OR-1487
13805753,"RELOAD, ARTICULATE ENDO GIA TRISTAPLE MED/THICK RE",PP-OR-1487
13807251,"STAPLER, SHELL SIGNIA POWER CONTROL",PP-OR-1487
13807252,"STAPLER, SHELL SIGNIA POWER CONTROL",PP-OR-1487
13807253,"STAPLER, DST SERIES 33 MM W/ 4.8 MM STAPLE",PP-OR-1487
13807254,"STAPLER, DST SERIES 33 MM W/ 4.8 MM STAPLE",PP-OR-1487
13807255,"STAPLER, TA 90-3.5",PP-OR-1487
13808475,"SUTURE, 0 POLYSORB ENDO STITCH UNDYED ES-9 48",PP-OR-1487
13808497,"CLIP, LAPROCLIP LIGATING CARTRIDGE ABSORB 12MM",PP-OR-1487
13808506,"BAG, SPECIMEN RETRIEVAL 10MM",PP-OR-1487
13808507,"RELOAD, TA 90-3.5",PP-OR-1487
13808508,"STAPLER, DST SERIES GIA 60MM - 3.8MM RELOADABLE",PP-OR-1487
13808509,"RELOAD, DST SERIES GIA 80MM - 4.8MM LOADING UNIT",PP-OR-1487
13808510,"STAPLER, GIA 80MM - 3.8MM",PP-OR-1487
13808511,"CLIP, LAPROCLIP LIGATING CARTRIDGE ABSORB 12MM",PP-OR-1487
13808512,"STAPLER, DST SERIES 31 MM W/ 4.8 MM STAPLE",PP-OR-1487
13808514,"HANDLE, ENDO GIA 12MM UNIVERSAL",PP-OR-1487
13808515,"HANDLE, GIA UNIVERSAL SHORT 12MM",PP-OR-1487
13808516,"RELOAD, SIGNIA TRI-STAPLE 2.0 30 MM CURVED TIP ARTICULATING VASCULAR/MEDIUM",PP-OR-1487
13808517,"RELOAD, ENDO GIA ROT VASCULAR MED TAN 45MM",PP-OR-1487
13808518,"RELOAD, ENDO GIA MED THICK PURPLE 45MM",PP-OR-1487
13808519,"RELOAD, ENDO GIA ARTICULATE TRI-STAPLE 60MM MED/THCK",PP-OR-1487
13808520,"RELOAD, ENDO GIA ARTICULATE TRI-STAPLE 60MM EXTRA/THCK",PP-OR-1487
13809654,"STAPLER, TA 90-3.5",PP-OR-1487
13809819,"APPLIER, SURGICLIP LRG 13.0 TIT",PP-OR-1487
13809949,"RELOAD, ENDO GIA MED THICK PURPLE 45MM",PP-OR-1487
13809950,"RELOAD, ARTICULATING ENDO GIA TRISTAPLE MED TAN 60MM",PP-OR-1487
13809951,"RELOAD, GIA 80MM - 3.8MM",PP-OR-1487
13809952,"STAPLER, GIA 80MM - 3.8MM",PP-OR-1487
13809953,"POUCH, SPECIMEN ENDOCATCH II 15MM",PP-OR-1487
13809961,"BAG, SPECIMEN RETRIEVAL 10MM",PP-OR-1487
13809962,"RELOAD, GIA 80MM - 3.8MM",PP-OR-1487
13809963,"STAPLER, GIA 80MM - 3.8MM",PP-OR-1487
13809964,"SCISSOR, ENDO SHEARS 5MM",PP-OR-1487
13809989,"SCISSOR, SUTURE 3-1/2&quot;-DSD",PP-OR-1487
13809998,"SUTURE, 0 POLYSORB ENDO STITCH UNDYED ES-9 48",PP-OR-1487
13811281,"RELOAD, ARTICULATE ENDO GIA TRISTAPLE MED/THICK RE",PP-OR-1487
13812636,"RELOAD, SIGNIA TRI-STAPLE 2.0 30 MM CURVED TIP ARTICULATING VASCULAR/MEDIUM",PP-OR-1487
13812637,"HANDLE, GIA UNIVERSAL SHORT 12MM",PP-OR-1487
13812638,"APPLIER, ENDO CLIP III 5MM",PP-OR-1487
13812639,"APPLIER, ENDO CLIP II MED/LARGE 10 MM 20 TI CLIPS",PP-OR-1487
13812640,"RELOAD, GIA 80MM - 3.8MM",PP-OR-1487
13812641,"STAPLER, GIA 80MM - 3.8MM",PP-OR-1487
13812642,"SCISSOR, ENDO SHEARS 5MM",PP-OR-1487
13812643,"TROCAR, ENDO CLOSE",PP-OR-1487
13812644,"PURSTRING, DISP. 65 INST.",PP-OR-1487
13813917,"ADAPTER, SIGNIA POWER LINEAR XL",PP-OR-1487
13814049,"APPLIER, SURGICLIP LRG 13.0 TIT",PP-OR-1487
13814274,"SCISSOR, NELSON-METZENBAUM CVD 9&quot;-DSD",PP-OR-1487
13815393,"SUTURE, 0 POLYSORB ENDO STITCH UNDYED ES-9 48",PP-OR-1487
13815480,"RELOAD, ENDO GIA MED THICK PURPLE 45MM",PP-OR-1487
13815481,"RELOAD, ARTICULATING ENDO GIA TRISTAPLE MED TAN 60MM",PP-OR-1487
13815482,"HANDLE, ENDO GIA 12MM UNIVERSAL",PP-OR-1487
13815497,"SUTURE, 0 SURGIDAC ENDO STITCH 48&quot;",PP-OR-1487
13815507,"RELOAD, DST SERIES GIA 60MM - 3.8MM LOADING UNIT",PP-OR-1487
13815508,"RELOAD, DST SERIES GIA 100MM - 3.8MM LOADING UNIT",PP-OR-1487
13815510,"BAG, SPECIMEN RETRIEVAL 10MM",PP-OR-1487
13815517,"HANDLE, ENDO GIA 12MM UNIVERSAL",PP-OR-1487
13815518,"HANDLE, GIA UNIVERSAL SHORT 12MM",PP-OR-1487
13815519,"RELOAD, SIGNIA TRI-STAPLE 2.0 30 MM CURVED TIP ARTICULATING VASCULAR/MEDIUM",PP-OR-1487
13815520,"RELOAD, ENDO GIA ARTICULATE TRI-STAPLE 60MM MED/THCK",PP-OR-1487
13815521,"APPLIER, ENDOCLIP 10MM",PP-OR-1487
13815522,"BAG, SPECIMEN RETRIEVAL 10MM",PP-OR-1487
13815523,"POUCH, SPECIMEN ENDOCATCH II 15MM",PP-OR-1487
13815525,"CLIP, LAPROCLIP LIGATING CARTRIDGE ABSORB 12MM",PP-OR-1487
13815544,"SCISSORS, BANDAGE 5 1/2IN",PP-OR-1487
13816305,"RELOAD, ARTICULATE ENDO GIA TRISTAPLE MED/THICK RE",PP-OR-1487
13816649,"SCISSOR, SUTURE 3-1/2&quot;-DSD",PP-OR-1487
13819818,"SCISSORS, OPERATING 5-1/2 INCH SS - STERILE",PP-OR-1487
13823198,"TROCAR, ENDO CLOSE",PP-OR-1487
13823199,"ENDO STITCH, DISP 10MM",PP-OR-1487
13823200,"SUTURE, 0 SURGIDAC ENDO STITCH 48&quot;",PP-OR-1487
13823202,"RELOAD, DST SERIES GIA 60MM - 3.8MM LOADING UNIT",PP-OR-1487
13823203,"BAG, SPECIMEN RETRIEVAL 10MM",PP-OR-1487
13823217,"RELOAD, SIGNIA TRI-STAPLE 2.0 30 MM CURVED TIP ARTICULATING VASCULAR/MEDIUM",PP-OR-1487
13823218,"RELOAD, ENDO GIA ROT VASCULAR MED TAN 45MM",PP-OR-1487
13823219,"APPLIER, ENDO CLIP III 5MM",PP-OR-1487
13823220,"BAG, SPECIMEN RETRIEVAL 10MM",PP-OR-1487
13823223,"RELOAD, TA 60MM - 3.5MM",PP-OR-1487
13823224,"RELOAD, GIA 80MM - 3.8MM",PP-OR-1487
13823225,"PURSTRING, DISP. 65 INST.",PP-OR-1487
13824051,"APPLIER, SURGICLIP 11.5IN MED",PP-OR-1487
13824052,"APPLIER, SURGICLIP 11.5IN MED",PP-OR-1487
13824054,"APPLIER, SURGICLIP 11.5IN MED",PP-OR-1487
13824055,"APPLIER, SURGICLIP 11.5IN MED",PP-OR-1487
13824056,"APPLIER, SURGICLIP MED 9.75",PP-OR-1487
13824058,"APPLIER, SURGICLIP MED 9.75",PP-OR-1487
13824223,"SUTURE, 0 POLYSORB ENDO STITCH UNDYED ES-9 48",PP-OR-1487
13824229,"RELOAD, DST SERIES GIA 60MM - 2.5MM LOADING UNIT",PP-OR-1487
13826412,"STAPLER, SHELL SIGNIA POWER CONTROL",PP-OR-1487
13826413,"APPLIER, SURGICLIP 11.5IN MED",PP-OR-1487
13826414,"STAPLER, SHELL SIGNIA POWER CONTROL",PP-OR-1487
13826615,"TROCAR, ENDO CLOSE",PP-OR-1487
13826616,"APPLIER, ENDO CLIP III 5MM",PP-OR-1487
13826617,"APPLIER, ENDOCLIP 10MM",PP-OR-1487
13826618,"SUTURE, 0 SURGIDAC ENDO STITCH 48&quot;",PP-OR-1487
13827644,"RELOAD, ARTICULATE ENDO GIA TRISTAPLE MED/THICK RE",PP-OR-1487
13827650,"DISSECTOR, BALLOON OVAL SPACEMAKER PLUS SBT",PP-OR-1487
13828791,"HANDLE, ENDO GIA 12MM UNIVERSAL",PP-OR-1487
13828792,"RELOAD, ENDO GIA 45MM TRISTAPLE ARTICULATING MED TAN",PP-OR-1487
13828793,"RELOAD, ENDO GIA ARTICULATE TRI-STAPLE 60MM EXTRA/THCK",PP-OR-1487
13828794,"RELOAD, ARTICULATE ENDO GIA TRISTAPLE EXTRA/THICK",PP-OR-1487
13828798,"APPLIER, ENDO CLIP II MED/LARGE 10 MM 20 TI CLIPS",PP-OR-1487
13828799,"RELOAD, TA 90-3.5",PP-OR-1487
13828800,"TROCAR, ENDO CLOSE",PP-OR-1487
13828801,"SUTURE, 0 SURGIDAC ENDO STITCH 48&quot;",PP-OR-1487
13831247,"STAPLER, SHELL SIGNIA POWER CONTROL",PP-OR-1487
13831995,"RELOAD, ARTICULATING ENDO GIA TRISTAPLE MED TAN 60MM",PP-OR-1487
13831996,"RELOAD, ARTICULATE ENDO GIA TRISTAPLE EXTRA/THICK",PP-OR-1487
13831999,"STAPLER, DST SERIES GIA 60MM - 3.8MM RELOADABLE",PP-OR-1487
13832000,"RELOAD, GIA 80MM - 3.8MM",PP-OR-1487
13832001,"BAG, SPECIMEN RETRIEVAL 10MM",PP-OR-1487
13832818,"RELOAD, ARTICULATE ENDO GIA TRISTAPLE MED/THICK RE",PP-OR-1487
13832965,"SCISSOR, IRIS CURVED 4.5 INCH - DISP STERILE",PP-OR-1487
13832975,"STAPLER, ENDOGIA ULTRA UNIV 12MM XL",PP-OR-1487
13833154,"ENDO STITCH, DISP 10MM",PP-OR-1487
13834159,"HANDLE, ENDO GIA 12MM UNIVERSAL",PP-OR-1487
13834160,"RELOAD, ENDO GIA 45MM TRISTAPLE ARTICULATING MED TAN",PP-OR-1487
13834161,"RELOAD, ENDO GIA MED THICK PURPLE 45MM",PP-OR-1487
13834162,"RELOAD, ARTICULATE ENDO GIA TRISTAPLE MED/THICK RE",PP-OR-1487
13835313,"APPLIER, SURGICLIP III 9.0IN SMALL",PP-OR-1487
13835315,"TROCAR, ENDO CLOSE",PP-OR-1487
13835316,"APPLIER, ENDO CLIP III 5MM",PP-OR-1487
13835317,"APPLIER, ENDO CLIP II MED/LARGE 10 MM 20 TI CLIPS",PP-OR-1487
13835318,"ENDO STITCH, DISP 10MM",PP-OR-1487
13835321,"BAG, SPECIMEN RETRIEVAL 10MM",PP-OR-1487
13835322,"POUCH, SPECIMEN ENDOCATCH II 15MM",PP-OR-1487
13835323,"STAPLER, ENDOGIA ULTRA UNIV 12MM XL",PP-OR-1487
13835455,"RELOAD, ENDO GIA MED THICK PURPLE 45MM",PP-OR-1487
13835457,"STAPLER, SKIN ROTATING 35 WIDE",PP-OR-1487
13835458,"ENDO STITCH, DISP 10MM",PP-OR-1487
13835461,"PURSTRING, DISP. 65 INST.",PP-OR-1487
13835465,"SCISSOR, ENDO SHEARS 5MM",PP-OR-1487
13835495,"HANDLE, ENDO GIA 12MM UNIVERSAL",PP-OR-1487
13835689,"SCISSORS, BANDAGE 5 1/2IN",PP-OR-1487
13836929,"STAPLER, DST SERIES GIA 100MM - 4.8MM RELOADABLE",PP-OR-1487
13837784,"RELOAD, ARTICULATE ENDO GIA TRISTAPLE MED/THICK RE",PP-OR-1487
13837786,"STAPLER, SHELL SIGNIA POWER CONTROL",PP-OR-1487
13837934,"ENDO STITCH, DISP 10MM",PP-OR-1487
13837949,"POUCH, SPECIMEN ENDOCATCH II 15MM",PP-OR-1487
13837951,"STAPLER, DST SERIES GIA 60MM - 3.8MM RELOADABLE",PP-OR-1487
13837952,"STAPLER, GIA 80MM - 3.8MM",PP-OR-1487
13837953,"TROCAR, ENDO CLOSE",PP-OR-1487
13837954,"ENDO STITCH, DISP 10MM",PP-OR-1487
13837955,"SUTURE, 0 SURGIDAC ENDO STITCH 48&quot;",PP-OR-1487
13837957,"HANDLE, GIA UNIVERSAL SHORT 12MM",PP-OR-1487
13837959,"RELOAD, ENDO GIA MED THICK PURPLE 45MM",PP-OR-1487
13837960,"RELOAD, ARTICULATE ENDO GIA TRISTAPLE EXTRA/THICK",PP-OR-1487
13838442,"STAPLER, DST SERIES GIA 100MM - 4.8MM RELOADABLE",PP-OR-1487
13838446,"RELOAD, ENDO GIA ROT TRI-STAPLE 45MM EXTRA/THCK",PP-OR-1487
13839311,"KIT, LAPAROSCOPIC ANTI-FOGGING CLEARIFY",PP-OR-1487
13839574,"APPLIER, SURGICLIP III 9.0IN SMALL",PP-OR-1487
13839575,"APPLIER, ENDO CLIP II MED/LARGE 10 MM 20 TI CLIPS",PP-OR-1487
13841938,"STAPLER, DST SERIES 31 MM W/ 4.8 MM STAPLE",PP-OR-1487
13841939,"HANDLE, ENDO GIA 12MM UNIVERSAL",PP-OR-1487
13841940,"HANDLE, GIA UNIVERSAL SHORT 12MM",PP-OR-1487
13841942,"SUTURE, 0 POLYSORB ENDO STITCH UNDYED ES-9 48",PP-OR-1487
13843301,"HANDLE, ENDO GIA 12MM UNIVERSAL",PP-OR-1487
13843302,"RELOAD, SIGNIA TRI-STAPLE 2.0 30 MM CURVED TIP ARTICULATING VASCULAR/MEDIUM",PP-OR-1487
13843303,"RELOAD, ENDO GIA ROT VASCULAR MED TAN 45MM",PP-OR-1487
13843304,"RELOAD, ENDO GIA 45MM TRISTAPLE ARTICULATING MED TAN",PP-OR-1487
13843305,"RELOAD, ENDO GIA ARTICULATE TRI-STAPLE 60MM EXTRA/THCK",PP-OR-1487
13843307,"APPLIER, SURGICLIP III 9.0IN SMALL",PP-OR-1487
13843308,"STAPLER, GIA 80MM - 3.8MM",PP-OR-1487
13843309,"STAPLER, TA 60-3.5",PP-OR-1487
13843310,"PURSTRING, DISP. 65 INST.",PP-OR-1487
13843311,"TROCAR, ENDO CLOSE",PP-OR-1487
13843390,"HANDLE, ENDO GIA 12MM UNIVERSAL",PP-OR-1487
13843391,"RELOAD, ENDO GIA 45MM TRISTAPLE ARTICULATING MED TAN",PP-OR-1487
13843392,"RELOAD, ARTICULATING ENDO GIA TRISTAPLE MED TAN 60MM",PP-OR-1487
13843393,"APPLIER, ENDO CLIP III 5MM",PP-OR-1487
13843397,"STAPLER, DST SERIES 25 MM W/ 4.8 MM STAPLE",PP-OR-1487
13843398,"BAG, SPECIMEN RETRIEVAL 10MM",PP-OR-1487
13843404,"APPLIER, ENDO CLIP III 5MM",PP-OR-1487
13843405,"APPLIER, SURGICLIP III 9.0IN SMALL",PP-OR-1487
13843406,"BAG, SPECIMEN RETRIEVAL 10MM",PP-OR-1487
13843407,"TROCAR, ENDO CLOSE",PP-OR-1487
13843419,"HANDLE, ENDO GIA 12MM UNIVERSAL",PP-OR-1487
13843420,"RELOAD, SIGNIA TRI-STAPLE 2.0 30 MM CURVED TIP ARTICULATING VASCULAR/MEDIUM",PP-OR-1487
13843421,"RELOAD, ENDO GIA ROT VASCULAR MED TAN 45MM",PP-OR-1487
13844526,"RELOAD, ENDO GIA 45MM CURVE TIP ART MED/THCK PURPL",PP-OR-1487
13845416,"RELOAD, ARTICULATE ENDO GIA TRISTAPLE MED/THICK RE",PP-OR-1487
13845420,"STAPLER, DST SERIES 28 MM W/ 4.8 MM STAPLE",PP-OR-1487
13845764,"DUSTPAN, LOBBY WITH HANDLE - BLACK",PP-OR-1487
13846328,"RELOAD, ENDO GIA 45MM CURVE TIP ART MED/THCK PURPL",PP-OR-1487
13846393,"APPLIER, ENDO CLIP III 5MM",PP-OR-1487
13847445,"SUTURE, 0 SURGIDAC ENDO STITCH 48&quot;",PP-OR-1487
13847465,"HANDLE, ENDO GIA 12MM UNIVERSAL",PP-OR-1487
13847466,"RELOAD, ARTICULATE ENDO GIA TRISTAPLE MED/THICK RE",PP-OR-1487
13847467,"RELOAD, ARTICULATE ENDO GIA TRISTAPLE EXTRA/THICK",PP-OR-1487
13847468,"TROCAR, ENDO CLOSE",PP-OR-1487
13847469,"APPLIER, ENDO CLIP III 5MM",PP-OR-1487
13847470,"APPLIER, ENDO CLIP II MED/LARGE 10 MM 20 TI CLIPS",PP-OR-1487
13847471,"ENDO STITCH, DISP 10MM",PP-OR-1487
13847473,"BAG, SPECIMEN RETRIEVAL 10MM",PP-OR-1487
13847474,"POUCH, SPECIMEN ENDOCATCH II 15MM",PP-OR-1487
13847498,"APPLIER, SURGICLIP 11.5IN MED",PP-OR-1487
13848655,"RELOAD, ARTICULATE ENDO GIA TRISTAPLE MED/THICK RE",PP-OR-1487
13848660,"STAPLER, SHELL SIGNIA POWER CONTROL",PP-OR-1487
13848901,"RELOAD, SIGNIA TRI-STAPLE 2.0 30 MM CURVED TIP ARTICULATING VASCULAR/MEDIUM",PP-OR-1487
13848902,"RELOAD, ENDO GIA ROT VASCULAR MED TAN 45MM",PP-OR-1487
13848903,"RELOAD, ENDO GIA 45MM TRISTAPLE ARTICULATING MED TAN",PP-OR-1487
13848904,"BAG, SPECIMEN RETRIEVAL 10MM",PP-OR-1487
13848990,"SCISSOR, SUTURE 3-1/2&quot;-DSD",PP-OR-1487
13850235,"APPLIER, SURGICLIP 11.5IN MED",PP-OR-1487
13850307,"HANDLE, ENDO GIA 12MM UNIVERSAL",PP-OR-1487
13850308,"RELOAD, SIGNIA TRI-STAPLE 2.0 30 MM CURVED TIP ARTICULATING VASCULAR/MEDIUM",PP-OR-1487
13850309,"RELOAD, ENDO GIA ROT VASCULAR MED TAN 45MM",PP-OR-1487
13850310,"RELOAD, ENDO GIA ARTICULATE TRI-STAPLE 60MM MED/THCK",PP-OR-1487
13850331,"STAPLER, TA 30V-3 NON-ABS CLIP",PP-OR-1487
13850332,"TROCAR, ENDO CLOSE",PP-OR-1487
13850339,"RELOAD, ARTICULATING ENDO GIA TRISTAPLE MED TAN 60MM",PP-OR-1487
13850362,"HANDLE, ENDO GIA 12MM UNIVERSAL",PP-OR-1487
13850363,"HANDLE, GIA UNIVERSAL SHORT 12MM",PP-OR-1487
13851725,"RELOAD, DST SERIES GIA 100MM - 3.8MM LOADING UNIT",PP-OR-1487
13852670,"STAPLER, DST SERIES 28 MM W/ 4.8 MM STAPLE",PP-OR-1487
13853695,"ENDO STITCH, DISP 10MM",PP-OR-1487
13853696,"SUTURE, 0 SURGIDAC ENDO STITCH 48&quot;",PP-OR-1487
13853697,"BAG, SPECIMEN RETRIEVAL 10MM",PP-OR-1487
13853698,"POUCH, SPECIMEN ENDOCATCH II 15MM",PP-OR-1487
13855201,"APPLIER, SURGICLIP 11.5IN MED",PP-OR-1487
13855202,"APPLIER, SURGICLIP 11.5IN MED",PP-OR-1487
13855551,"SUTURE, 0 POLYSORB ENDO STITCH UNDYED ES-9 48",PP-OR-1487
13855553,"RELOAD, DST SERIES GIA 100MM - 3.8MM LOADING UNIT",PP-OR-1487
13855559,"DEVICE, ORVIL EEA DTS SERIES 25MM",PP-OR-1487
13855594,"HANDLE, ENDO GIA 12MM UNIVERSAL",PP-OR-1487
13855595,"RELOAD, ENDO GIA 45MM TRISTAPLE ARTICULATING MED TAN",PP-OR-1487
13855596,"RELOAD, ENDO GIA ARTICULATE TRI-STAPLE 60MM MED/THCK",PP-OR-1487
13855608,"RELOAD, SIGNIA VASCULAR SM DIA CURVED TIP 30MM",PP-OR-1487
13860271,"STAPLER, SHELL SIGNIA POWER CONTROL",PP-OR-1487
13861628,"KIT, LAPAROSCOPIC ANTI-FOGGING CLEARIFY",PP-OR-1487
13861814,"SCISSORS, BANDAGE 5 1/2IN",PP-OR-1487
13861838,"RELOAD, DST SERIES GIA 100MM - 3.8MM LOADING UNIT",PP-OR-1487
13861839,"RELOAD, DST SERIES GIA 60MM - 3.8MM LOADING UNIT",PP-OR-1487
13861840,"RELOAD, ENDO GIA ARTICULATE TRI-STAPLE 60MM MED/THCK",PP-OR-1487
13861841,"RELOAD, ENDO GIA ARTICULATE TRI-STAPLE 60MM EXTRA/THCK",PP-OR-1487
13861968,"APPLIER, ENDO CLIP III 5MM",PP-OR-1487
13861969,"APPLIER, ENDO CLIP II MED/LARGE 10 MM 20 TI CLIPS",PP-OR-1487
13861970,"APPLIER, SURGICLIP III 9.0IN SMALL",PP-OR-1487
13862030,"TROCAR, ENDO CLOSE",PP-OR-1487
13862031,"STAPLER, GIA 80MM - 3.8MM",PP-OR-1487
13862033,"HANDLE, ENDO GIA 12MM UNIVERSAL",PP-OR-1487
13862034,"STAPLER, ENDOGIA ULTRA UNIV 12MM XL",PP-OR-1487
13862048,"HANDLE, ENDO GIA 12MM UNIVERSAL",PP-OR-1487
13862049,"HANDLE, GIA UNIVERSAL SHORT 12MM",PP-OR-1487
13862079,"SUTURE, 2-0 ENDO STITCH POLYSORB VIOLET 48INCH",PP-OR-1487
13862084,"APPLIER, SURGICLIP III 9.0IN SMALL",PP-OR-1487
13862086,"CLIP, LAPROCLIP LIGATING CARTRIDGE ABSORB 12MM",PP-OR-1487
13862087,"TROCAR, ENDO CLOSE",PP-OR-1487
13865475,"STAPLER, SHELL SIGNIA POWER CONTROL",PP-OR-1487
13866090,"SCISSORS, OPERATING 5-1/2 INCH SS - STERILE",PP-OR-1487
13866249,"APPLIER, ENDO CLIP II MED/LARGE 10 MM 20 TI CLIPS",PP-OR-1487
13866250,"RELOAD, DST SERIES GIA 60MM - 3.8MM LOADING UNIT",PP-OR-1487
13866251,"TROCAR, ENDO CLOSE",PP-OR-1487
13866252,"RELOAD, ENDO GIA ARTICULATE TRI-STAPLE 60MM MED/THCK",PP-OR-1487
13867306,"APPLIER, ENDO CLIP III 5MM",PP-OR-1487
13867307,"APPLIER, ENDO CLIP II MED/LARGE 10 MM 20 TI CLIPS",PP-OR-1487
13867308,"APPLIER, ENDOCLIP 10MM",PP-OR-1487
13867309,"BAG, SPECIMEN RETRIEVAL 10MM",PP-OR-1487
13867322,"STAPLER, ENDOGIA ULTRA UNIV 12MM XL",PP-OR-1487
13867323,"RELOAD, ENDO GIA 45MM TRISTAPLE ARTICULATING MED TAN",PP-OR-1487
13867342,"BAG, SPECIMEN RETRIEVAL 10MM",PP-OR-1487
13867343,"STAPLER, TA 60-3.5",PP-OR-1487
13867344,"RELOAD, GIA 80MM - 3.8MM",PP-OR-1487
13867345,"STAPLER, GIA 80MM - 3.8MM",PP-OR-1487
13867360,"HANDLE, ENDO GIA 12MM UNIVERSAL",PP-OR-1487
13868337,"RELOAD, ARTICULATE ENDO GIA TRISTAPLE MED/THICK RE",PP-OR-1487
13868702,"APPLIER, ENDO CLIP III 5MM",PP-OR-1487
13868703,"APPLIER, ENDOCLIP 10MM",PP-OR-1487
13868704,"APPLIER, SURGICLIP III 9.0IN SMALL",PP-OR-1487
13868705,"APPLIER, SURGICLIP LRG 13.0 TIT",PP-OR-1487
13868706,"BAG, SPECIMEN RETRIEVAL 10MM",PP-OR-1487
13868707,"STAPLER, DST SERIES GIA 100MM - 3.8MM RELOADABLE",PP-OR-1487
13868708,"RELOAD, GIA 80MM - 3.8MM",PP-OR-1487
13868709,"STAPLER, GIA 80MM - 3.8MM",PP-OR-1487
13868710,"STAPLER, DST SERIES 31 MM W/ 4.8 MM STAPLE",PP-OR-1487
13868711,"PURSTRING, DISP. 65 INST.",PP-OR-1487
13868712,"RELOAD, ENDO GIA ROT VASCULAR MED TAN 45MM",PP-OR-1487
13868713,"RELOAD, ENDO GIA 45MM TRISTAPLE ARTICULATING MED TAN",PP-OR-1487
13868714,"RELOAD, ENDO GIA ROT TRI-STAPLE 45MM EXTRA/THCK",PP-OR-1487
13868715,"RELOAD, ENDO GIA ARTICULATE TRI-STAPLE 60MM EXTRA/THCK",PP-OR-1487
13869948,"RELOAD, ENDO GIA 45MM CURVE TIP ART MED/THCK PURPL",PP-OR-1487
13870124,"APPLIER, ENDO CLIP III 5MM",PP-OR-1487
13870125,"APPLIER, ENDOCLIP 10MM",PP-OR-1487
13870126,"BAG, SPECIMEN RETRIEVAL 10MM",PP-OR-1487
13870127,"STAPLER, DST SERIES GIA 60MM - 3.8MM RELOADABLE",PP-OR-1487
13870128,"PURSTRING, DISP. 65 INST.",PP-OR-1487
13870131,"RELOAD, ENDO GIA ROT VASCULAR MED TAN 45MM",PP-OR-1487
13870132,"RELOAD, ENDO GIA ARTICULATE TRI-STAPLE 60MM EXTRA/THCK",PP-OR-1487
13870133,"RELOAD, ARTICULATING ENDO GIA TRISTAPLE MED TAN 60MM",PP-OR-1487
13870134,"STAPLER, DST SERIES 33 MM W/ 4.8 MM STAPLE",PP-OR-1487
13870135,"STAPLER, DST SERIES 33 MM W/ 4.8 MM STAPLE",PP-OR-1487
13873286,"RELOAD, ENDO GIA MED THICK PURPLE 45MM",PP-OR-1487
13875409,"TROCAR, ENDO CLOSE",PP-OR-1487
13875433,"APPLIER, SURGICLIP LRG 13.0 TIT",PP-OR-1487
13875434,"RELOAD, GIA 80MM - 3.8MM",PP-OR-1487
13875436,"TROCAR, ENDO CLOSE",PP-OR-1487
13876625,"HANDLE, ENDO GIA 12MM UNIVERSAL",PP-OR-1487
13876644,"STAPLER, TA 60MM - 4.8MM RELOADABLE",PP-OR-1487
13876645,"TROCAR, ENDO CLOSE",PP-OR-1487
13876646,"ENDO STITCH, DISP 10MM",PP-OR-1487
13876649,"RELOAD, GIA 80MM - 3.8MM",PP-OR-1487
13876650,"BAG, SPECIMEN RETRIEVAL 10MM",PP-OR-1487
13877958,"HANDLE, ENDO GIA 12MM UNIVERSAL",PP-OR-1487
13877959,"RELOAD, ENDO GIA ARTICULATE TRI-STAPLE 60MM MED/THCK",PP-OR-1487
13878252,"RELOAD, DST SERIES GIA 60MM - 3.8MM LOADING UNIT",PP-OR-1487
13878253,"STAPLER, DST SERIES GIA 60MM - 3.8MM RELOADABLE",PP-OR-1487
13878254,"RELOAD, GIA 80MM - 3.8MM",PP-OR-1487
13878255,"STAPLER, GIA 80MM - 3.8MM",PP-OR-1487
13878256,"TROCAR, ENDO CLOSE",PP-OR-1487
13878261,"HANDLE, ENDO GIA 12MM UNIVERSAL",PP-OR-1487
13878262,"RELOAD, ENDO GIA MED THICK PURPLE 45MM",PP-OR-1487
13879378,"APPLIER, ENDO CLIP II MED/LARGE 10 MM 20 TI CLIPS",PP-OR-1487
13879379,"STAPLER, GIA 80MM - 3.8MM",PP-OR-1487
13879380,"STAPLER, DST SERIES GIA 60MM - 3.8MM RELOADABLE",PP-OR-1487
13879381,"HANDLE, ENDO GIA 12MM UNIVERSAL",PP-OR-1487
13880472,"STAPLER, SHELL SIGNIA POWER CONTROL",PP-OR-1487
13881969,"KIT, LAPAROSCOPIC ANTI-FOGGING CLEARIFY",PP-OR-1487
13882148,"APPLIER, ENDO CLIP II MED/LARGE 10 MM 20 TI CLIPS",PP-OR-1487
13882149,"STAPLER, GIA 80MM - 3.8MM",PP-OR-1487
13882227,"RELOAD, ENDO GIA ARTICULATE TRI-STAPLE 60MM MED/THCK",PP-OR-1487
13882313,"STAPLER, TA 60-3.5",PP-OR-1487
13882314,"PURSTRING, DISP. 65 INST.",PP-OR-1487
13883908,"HANDLE, ENDO GIA 12MM UNIVERSAL",PP-OR-1487
13883909,"HANDLE, GIA UNIVERSAL SHORT 12MM",PP-OR-1487
13883910,"BAG, SPECIMEN RETRIEVAL 10MM",PP-OR-1487
13885310,"RELOAD, ENDO GIA 45MM CURVE TIP ART MED/THCK PURPL",PP-OR-1487
13886726,"BAG, SPECIMEN RETRIEVAL 10MM",PP-OR-1487
13888087,"HANDLE, ENDO GIA 12MM UNIVERSAL",PP-OR-1487
13888088,"HANDLE, GIA UNIVERSAL SHORT 12MM",PP-OR-1487
13888090,"APPLIER, ENDOCLIP 10MM",PP-OR-1487
13888091,"APPLIER, SURGICLIP III 9.0IN SMALL",PP-OR-1487
13888092,"STAPLER, GIA 80MM - 3.8MM",PP-OR-1487
13888093,"TROCAR, ENDO CLOSE",PP-OR-1487
13888094,"PURSTRING, DISP. 65 INST.",PP-OR-1487
13888143,"SUTURE, 0 SURGIDAC ENDO STITCH 48&quot;",PP-OR-1487
13888145,"TROCAR, ENDO CLOSE",PP-OR-1487
13888146,"BAG, SPECIMEN RETRIEVAL 10MM",PP-OR-1487
13890801,"STAPLER, SHELL SIGNIA POWER CONTROL",PP-OR-1487
13893333,"RELOAD, ENDO GIA ARTICULATE TRI-STAPLE 60MM EXTRA/THCK",PP-OR-1487
13893334,"RELOAD, ARTICULATE ENDO GIA TRISTAPLE EXTRA/THICK",PP-OR-1487
13893336,"TROCAR, ENDO CLOSE",PP-OR-1487
13893450,"BAG, SPECIMEN RETRIEVAL 10MM",PP-OR-1487
13893477,"RELOAD, SIGNIA TRI-STAPLE 2.0 30 MM CURVED TIP ARTICULATING VASCULAR/MEDIUM",PP-OR-1487
13893478,"RELOAD, ENDO GIA ARTICULATE TRI-STAPLE 60MM MED/THCK",PP-OR-1487
13893528,"SCISSOR, ENDO SHEARS 5MM",PP-OR-1487
13893529,"PURSTRING, DISP. 65 INST.",PP-OR-1487
13893530,"RELOAD, SIGNIA VASCULAR SM DIA CURVED TIP 30MM",PP-OR-1487
13893535,"HANDLE, ENDO GIA 12MM UNIVERSAL",PP-OR-1487
13893536,"RELOAD, ENDO GIA 45MM TRISTAPLE ARTICULATING MED TAN",PP-OR-1487
13900260,"APPLIER, ENDO CLIP II MED/LARGE 10 MM 20 TI CLIPS",PP-OR-1487
13900261,"BAG, SPECIMEN RETRIEVAL 10MM",PP-OR-1487
13900262,"STAPLER, GIA 80MM - 3.8MM",PP-OR-1487
13900263,"RELOAD, GIA 80MM - 3.8MM",PP-OR-1487
13900264,"RELOAD, SIGNIA TRI-STAPLE 2.0 30 MM CURVED TIP ARTICULATING VASCULAR/MEDIUM",PP-OR-1487
13900265,"RELOAD, ENDO GIA 45MM TRISTAPLE ARTICULATING MED TAN",PP-OR-1487
13900266,"RELOAD, ENDO GIA ARTICULATE TRI-STAPLE 60MM MED/THCK",PP-OR-1487
13901070,"STAPLER, SHELL SIGNIA POWER CONTROL",PP-OR-1487
13901072,"APPLIER, SURGICLIP 11.5IN MED",PP-OR-1487
13901073,"APPLIER, SURGICLIP MED 9.75",PP-OR-1487
13901074,"APPLIER, SURGICLIP 11.5IN MED",PP-OR-1487
13901075,"APPLIER, SURGICLIP 11.5IN MED",PP-OR-1487
13901076,"APPLIER, SURGICLIP 11.5IN MED",PP-OR-1487
13901077,"APPLIER, SURGICLIP MED 9.75",PP-OR-1487
13901430,"APPLIER, SURGICLIP III 9.0IN SMALL",PP-OR-1487
13901431,"STAPLER, TA 60-3.5",PP-OR-1487
13901432,"APPLIER, ENDO CLIP III 5MM",PP-OR-1487
13901433,"APPLIER, ENDO CLIP II MED/LARGE 10 MM 20 TI CLIPS",PP-OR-1487
13901435,"BAG, SPECIMEN RETRIEVAL 10MM",PP-OR-1487
13901436,"RELOAD, ARTICULATE ENDO GIA TRISTAPLE EXTRA/THICK",PP-OR-1487
13902971,"TROCAR, ENDO CLOSE",PP-OR-1487
13902972,"RELOAD, ENDO GIA ARTICULATE TRI-STAPLE 60MM EXTRA/THCK",PP-OR-1487
13903963,"RELOAD, ARTICULATE ENDO GIA TRISTAPLE MED/THICK RE",PP-OR-1487
13904316,"STAPLER, ENDOGIA ULTRA UNIV 12MM XL",PP-OR-1487
13904317,"RELOAD, ENDO GIA MED THICK PURPLE 45MM",PP-OR-1487
13904321,"TROCAR, ENDO CLOSE",PP-OR-1487
13904322,"APPLIER, ENDO CLIP III 5MM",PP-OR-1487
13904324,"HANDLE, ENDO GIA 12MM UNIVERSAL",PP-OR-1487
13904325,"HANDLE, GIA UNIVERSAL SHORT 12MM",PP-OR-1487
13904326,"RELOAD, ENDO GIA 45MM CURVE TIP ART MED/THCK PURPL",PP-OR-1487
13904327,"RELOAD, ENDO GIA ROT VASCULAR MED TAN 45MM",PP-OR-1487
13904328,"RELOAD, ENDO GIA 45MM TRISTAPLE ARTICULATING MED TAN",PP-OR-1487
13904329,"RELOAD, ENDO GIA ARTICULATE TRI-STAPLE 60MM MED/THCK",PP-OR-1487
13904354,"APPLIER, SURGICLIP III 9.0IN SMALL",PP-OR-1487
13904355,"BAG, SPECIMEN RETRIEVAL 10MM",PP-OR-1487
13904356,"STAPLER, DST SERIES GIA 60MM - 3.8MM RELOADABLE",PP-OR-1487
13904357,"RELOAD, GIA 80MM - 3.8MM",PP-OR-1487
13904358,"STAPLER, GIA 80MM - 3.8MM",PP-OR-1487
13905388,"STAPLER, TA 90-3.5",PP-OR-1487
13905391,"STAPLER, SHELL SIGNIA POWER CONTROL",PP-OR-1487
13905570,"STAPLER, DST SERIES GIA 100MM - 4.8MM RELOADABLE",PP-OR-1487
13906476,"STAPLER, DST SERIES 28 MM W/ 4.8 MM STAPLE",PP-OR-1487
13907025,"APPLIER, SURGICLIP III 9.0IN SMALL",PP-OR-1487
13907036,"HANDLE, GIA UNIVERSAL SHORT 12MM",PP-OR-1487
13907037,"HANDLE, ENDO GIA 12MM UNIVERSAL",PP-OR-1487
13907038,"RELOAD, ENDO GIA 45MM CURVE TIP ART MED/THCK PURPL",PP-OR-1487
13907039,"RELOAD, ENDO GIA ROT VASCULAR MED TAN 45MM",PP-OR-1487
13908005,"SCISSOR, IRIS STRAIGHT 4.5 INCH - STERILE-DSD",PP-OR-1487
13908009,"APPLIER, SURGICLIP III 9.0IN SMALL",PP-OR-1487
13908026,"RELOAD, ENDO GIA ROT VASCULAR MED TAN 45MM",PP-OR-1487
13908027,"RELOAD, ENDO GIA ARTICULATE TRI-STAPLE 60MM MED/THCK",PP-OR-1487
13908028,"TROCAR, ENDO CLOSE",PP-OR-1487
13908038,"RELOAD, ARTICULATE ENDO GIA TRISTAPLE EXTRA/THICK",PP-OR-1487
13908164,"APPLIER, ENDO CLIP III 5MM",PP-OR-1487
13908165,"STAPLER, GIA 80MM - 3.8MM",PP-OR-1487
13908166,"BAG, SPECIMEN RETRIEVAL 10MM",PP-OR-1487
13908167,"POUCH, SPECIMEN ENDOCATCH II 15MM",PP-OR-1487
13910494,"RELOAD, ENDO GIA ROT VASCULAR MED TAN 45MM",PP-OR-1487
13910495,"RELOAD, ENDO GIA ARTICULATE TRI-STAPLE 60MM EXTRA/THCK",PP-OR-1487
13910568,"SCISSOR, METZENBAUM STRAIGHT 9 INCH - STERILE DISPOSABLE",PP-OR-1487
13910599,"SCISSOR, IRIS STRAIGHT 4.5 INCH - STERILE-DSD",PP-OR-1487
13911770,"KIT, LAPAROSCOPIC ANTI-FOGGING CLEARIFY",PP-OR-1487
13912064,"RELOAD, TA 90-4.8",PP-OR-1487
13912084,"HANDLE, ENDO GIA 12MM UNIVERSAL",PP-OR-1487
13912085,"HANDLE, GIA UNIVERSAL SHORT 12MM",PP-OR-1487
13912086,"RELOAD, SIGNIA TRI-STAPLE 2.0 30 MM CURVED TIP ARTICULATING VASCULAR/MEDIUM",PP-OR-1487
13912087,"RELOAD, ENDO GIA 45MM CURVE TIP ART MED/THCK PURPL",PP-OR-1487
13912088,"RELOAD, ENDO GIA ROT VASCULAR MED TAN 45MM",PP-OR-1487
13912116,"HANDLE, ENDO GIA 12MM UNIVERSAL",PP-OR-1487
13912117,"RELOAD, SIGNIA TRI-STAPLE 2.0 30 MM CURVED TIP ARTICULATING VASCULAR/MEDIUM",PP-OR-1487
13912118,"RELOAD, ENDO GIA ARTICULATE TRI-STAPLE 60MM MED/THCK",PP-OR-1487
13913579,"APPLIER, ENDO CLIP II MED/LARGE 10 MM 20 TI CLIPS",PP-OR-1487
13913580,"BAG, SPECIMEN RETRIEVAL 10MM",PP-OR-1487
13913594,"APPLIER, SURGICLIP III 9.0IN SMALL",PP-OR-1487
13913597,"APPLIER, ENDO CLIP III 5MM",PP-OR-1487
13913598,"APPLIER, ENDO CLIP II MED/LARGE 10 MM 20 TI CLIPS",PP-OR-1487
13913599,"STAPLER, GIA 80MM - 3.8MM",PP-OR-1487
13913600,"PURSTRING, DISP. 65 INST.",PP-OR-1487
13913601,"SCISSOR, LISTER BANDAGE 7-1/4 INCH - STERILE",PP-OR-1487
13914859,"STAPLER, TA 90-3.5",PP-OR-1487
13914860,"STAPLER, TA 90-3.5",PP-OR-1487
13915443,"APPLIER, SURGICLIP III 9.0IN SMALL",PP-OR-1487
13915517,"APPLIER, ENDO CLIP III 5MM",PP-OR-1487
13915518,"APPLIER, ENDO CLIP II MED/LARGE 10 MM 20 TI CLIPS",PP-OR-1487
13915519,"POUCH, SPECIMEN ENDOCATCH II 15MM",PP-OR-1487
13915525,"SCISSOR, LISTER BANDAGE 7-1/4 INCH - STERILE",PP-OR-1487
13916488,"POUCH, SPECIMEN ENDOCATCH II 15MM",PP-OR-1487
13916489,"RELOAD, GIA 80MM - 3.8MM",PP-OR-1487
13916490,"STAPLER, TA 60MM - 4.8MM RELOADABLE",PP-OR-1487
13916526,"RELOAD, ENDO GIA ROT VASCULAR MED TAN 45MM",PP-OR-1487
13918950,"SUTURE, 2-0 ENDO STITCH POLYSORB VIOLET 48INCH",PP-OR-1487
13918951,"SUTURE, 0 POLYSORB ENDO STITCH UNDYED ES-9 48",PP-OR-1487
13918957,"TROCAR, ENDO CLOSE",PP-OR-1487
13918958,"SUTURE, 0 POLYSORB ENDO STITCH UNDYED ES-9 48",PP-OR-1487
13918960,"RELOAD, GIA 80MM - 3.8MM",PP-OR-1487
13918961,"STAPLER, ENDOGIA ULTRA UNIV 12MM XL",PP-OR-1487
13918975,"RELOAD, ENDO GIA ROT VASCULAR MED TAN 45MM",PP-OR-1487
13918976,"RELOAD, ENDO GIA 45MM TRISTAPLE ARTICULATING MED TAN",PP-OR-1487
13919147,"APPLIER, ENDO CLIP III 5MM",PP-OR-1487
13919149,"STAPLER, DST SERIES 31 MM W/ 4.8 MM STAPLE",PP-OR-1487
13919150,"STAPLER, DST SERIES 25 MM W/ 4.8 MM STAPLE",PP-OR-1487
13919151,"PURSTRING, DISP. 65 INST.",PP-OR-1487
13919153,"HANDLE, ENDO GIA 12MM UNIVERSAL",PP-OR-1487
13919154,"RELOAD, ENDO GIA ROT VASCULAR MED TAN 45MM",PP-OR-1487
13919251,"SCISSOR, LISTER BANDAGE 7-1/4 INCH - STERILE",PP-OR-1487
13920422,"SCISSOR, IRIS CURVED 4.5 INCH - DISP STERILE",PP-OR-1487
13920614,"DUSTPAN, LOBBY WITH HANDLE - BLACK",PP-OR-1487
13922369,"SCISSOR, ENDO SHEARS 5MM",PP-OR-1487
13922370,"STAPLER, DST SERIES 31 MM W/ 4.8 MM STAPLE",PP-OR-1487
13922447,"RELOAD, SIGNIA 2.0 TRI-STAPLE 30 VSCLR MED TAN 12MM",PP-OR-1487
13922448,"RELOAD, ENDO GIA 45MM TRISTAPLE ARTICULATING MED TAN",PP-OR-1487
13924415,"RELOAD, ARTICULATE ENDO GIA TRISTAPLE MED/THICK RE",PP-OR-1487
13924584,"RETRACTOR, ENDO PADDLE - 12MM",PP-OR-1487
13924588,"POUCH, SPECIMEN ENDOCATCH II 15MM",PP-OR-1487
13924687,"RELOAD, ENDO GIA ROT VASCULAR MED TAN 45MM",PP-OR-1487
13924688,"RELOAD, ENDO GIA 45MM TRISTAPLE ARTICULATING MED TAN",PP-OR-1487
13924689,"RELOAD, ENDO GIA ARTICULATE TRI-STAPLE 60MM MED/THCK",PP-OR-1487
13924693,"STAPLER, DST SERIES GIA 60MM - 3.8MM RELOADABLE",PP-OR-1487
13924694,"TROCAR, ENDO CLOSE",PP-OR-1487
13924721,"SCISSORS, OPERATING 5-1/2 INCH SS - STERILE",PP-OR-1487
13927003,"RELOAD, ARTICULATE ENDO GIA TRISTAPLE MED/THICK RE",PP-OR-1487
13927008,"KIT, LAPAROSCOPIC ANTI-FOGGING CLEARIFY",PP-OR-1487
13927225,"HANDLE, ENDO GIA 12MM UNIVERSAL",PP-OR-1487
13927226,"RELOAD, ENDO GIA 45MM TRISTAPLE ARTICULATING MED TAN",PP-OR-1487
13927227,"RELOAD, ENDO GIA MED THICK PURPLE 45MM",PP-OR-1487
13927228,"RELOAD, ARTICULATING ENDO GIA TRISTAPLE MED TAN 60MM",PP-OR-1487
13927231,"SUTURE, 0 SURGIDAC ENDO STITCH 48&quot;",PP-OR-1487
13927232,"ENDO STITCH, DISP 10MM",PP-OR-1487
13927233,"STAPLER, GIA 80MM - 3.8MM",PP-OR-1487
13927234,"POUCH, SPECIMEN ENDOCATCH II 15MM",PP-OR-1487
13927238,"SUTURE, 0 POLYSORB ENDO STITCH UNDYED ES-9 48",PP-OR-1487
13927432,"APPLIER, ENDO CLIP III 5MM",PP-OR-1487
13927433,"APPLIER, ENDO CLIP II MED/LARGE 10 MM 20 TI CLIPS",PP-OR-1487
13927434,"BAG, SPECIMEN RETRIEVAL 10MM",PP-OR-1487
13927435,"STAPLER, GIA 80MM - 3.8MM",PP-OR-1487
13927436,"PURSTRING, DISP. 65 INST.",PP-OR-1487
13927437,"TROCAR, ENDO CLOSE",PP-OR-1487
13927438,"HANDLE, ENDO GIA 12MM UNIVERSAL",PP-OR-1487
13927439,"HANDLE, GIA UNIVERSAL SHORT 12MM",PP-OR-1487
13927440,"RELOAD, ENDO GIA 45MM CURVE TIP ART MED/THCK PURPL",PP-OR-1487
13927441,"RELOAD, ENDO GIA 45MM TRISTAPLE ARTICULATING MED TAN",PP-OR-1487
13927442,"RELOAD, ENDO GIA ARTICULATE TRI-STAPLE 60MM EXTRA/THCK",PP-OR-1487
13927459,"HANDLE, ENDO GIA 12MM UNIVERSAL",PP-OR-1487
13927460,"RELOAD, ENDO GIA ARTICULATE TRI-STAPLE 60MM MED/THCK",PP-OR-1487
13927464,"SCISSOR, IRIS STRAIGHT 4.5 INCH - STERILE",PP-OR-1487
13928707,"APPLIER, SURGICLIP III 9.0IN SMALL",PP-OR-1487
13928712,"APPLIER, SURGICLIP MED 9.75",PP-OR-1487
13928727,"STAPLER, DST SERIES 25 MM W/ 4.8 MM STAPLE",PP-OR-1487
13935486,"STAPLER, DST SERIES 25 MM W/ 4.8 MM STAPLE",PP-OR-1487
13935499,"RELOAD, ENDO GIA 45MM CURVE TIP ART MED/THCK PURPL",PP-OR-1487
13935500,"RELOAD, ENDO GIA ARTICULATE TRI-STAPLE 60MM EXTRA/THCK",PP-OR-1487
13935501,"PURSTRING, DISP. 65 INST.",PP-OR-1487
13935509,"STAPLER, ENDOGIA ULTRA UNIV 12MM XL",PP-OR-1487
13935510,"RELOAD, ENDO GIA MED THICK PURPLE 45MM",PP-OR-1487
13935511,"RELOAD, ARTICULATING ENDO GIA TRISTAPLE MED TAN 60MM",PP-OR-1487
13936452,"ADAPTER, SIGNIA POWER LINEAR XL",PP-OR-1487
13936684,"RELOAD, ENDO GIA ARTICULATE TRI-STAPLE 60MM MED/THCK",PP-OR-1487
13936773,"TROCAR, ENDO CLOSE",PP-OR-1487
13937934,"APPLIER, SURGICLIP 11.5IN MED",PP-OR-1487
13938171,"RELOAD, ENDO GIA 45MM TRISTAPLE ARTICULATING MED TAN",PP-OR-1487
13938172,"RELOAD, ENDO GIA ARTICULATE TRI-STAPLE 60MM EXTRA/THCK",PP-OR-1487
13938174,"TROCAR, ENDO CLOSE",PP-OR-1487
13938175,"APPLIER, ENDO CLIP III 5MM",PP-OR-1487
13938176,"BAG, SPECIMEN RETRIEVAL 10MM",PP-OR-1487
13938177,"HANDLE, ENDO GIA 12MM UNIVERSAL",PP-OR-1487
13939303,"RELOAD, ARTICULATE ENDO GIA TRISTAPLE MED/THICK RE",PP-OR-1487
13939305,"APPLIER, SURGICLIP MED 9.75",PP-OR-1487
13939306,"APPLIER, SURGICLIP MED 9.75",PP-OR-1487
13939307,"APPLIER, SURGICLIP MED 9.75",PP-OR-1487
13939557,"STAPLER, ENDOGIA ULTRA UNIV 12MM XL",PP-OR-1487
13939663,"BAG, SPECIMEN RETRIEVAL 10MM",PP-OR-1487
13939664,"RELOAD, GIA 80MM - 3.8MM",PP-OR-1487
13939665,"STAPLER, GIA 80MM - 3.8MM",PP-OR-1487
13939666,"RELOAD, DST SERIES GIA 60MM - 3.8MM LOADING UNIT",PP-OR-1487
13939667,"STAPLER, TA 60-3.5",PP-OR-1487
13939668,"ENDO STITCH, DISP 10MM",PP-OR-1487
13939669,"TROCAR, ENDO CLOSE",PP-OR-1487
13939670,"HANDLE, ENDO GIA 12MM UNIVERSAL",PP-OR-1487
13939671,"HANDLE, GIA UNIVERSAL SHORT 12MM",PP-OR-1487
13939672,"RELOAD, ENDO GIA 45MM TRISTAPLE ARTICULATING MED TAN",PP-OR-1487
13939673,"RELOAD, ENDO GIA ARTICULATE TRI-STAPLE 60MM EXTRA/THCK",PP-OR-1487
13939674,"RELOAD, ARTICULATING ENDO GIA TRISTAPLE MED TAN 60MM",PP-OR-1487
13939740,"HANDLE, ENDO GIA 12MM UNIVERSAL",PP-OR-1487
13939741,"HANDLE, GIA UNIVERSAL SHORT 12MM",PP-OR-1487
13939742,"APPLIER, ENDO CLIP III 5MM",PP-OR-1487
13939743,"APPLIER, ENDO CLIP II MED/LARGE 10 MM 20 TI CLIPS",PP-OR-1487
13939744,"APPLIER, ENDOCLIP 10MM",PP-OR-1487
13939745,"ENDO STITCH, DISP 10MM",PP-OR-1487
13939747,"TROCAR, ENDO CLOSE",PP-OR-1487
13939750,"BAG, SPECIMEN RETRIEVAL 10MM",PP-OR-1487
13939751,"RELOAD, ENDO GIA 45MM TRISTAPLE ARTICULATING MED TAN",PP-OR-1487
13940646,"STAPLER, SHELL SIGNIA POWER CONTROL",PP-OR-1487
13940647,"APPLIER, SURGICLIP MED 9.75",PP-OR-1487
13943918,"DISSECTOR, BALLOON OVAL SPACEMAKER PLUS SBT",PP-OR-1487
13943919,"DISSECTOR, BALLOON OVAL SPACEMAKER PLUS SBT",PP-OR-1487
13943920,"STAPLER, DST SERIES 28 MM W/ 4.8 MM STAPLE",PP-OR-1487
13944753,"STAPLER, TA 30V-3 NON-ABS CLIP",PP-OR-1487
13944754,"BAG, SPECIMEN RETRIEVAL 10MM",PP-OR-1487
13944755,"STAPLER, TA 60-3.5",PP-OR-1487
13944756,"RELOAD, DST SERIES GIA 60MM - 3.8MM LOADING UNIT",PP-OR-1487
13945047,"STAPLER EEA33",PP-OR-1487
13945887,"HANDLE, ENDO GIA 12MM UNIVERSAL",PP-OR-1487
13945892,"STAPLER, ENDOGIA ULTRA UNIV 12MM XL",PP-OR-1487
13945893,"STAPLER, ENDOGIA ULTRA UNIV 12MM XL",PP-OR-1487
13947238,"HANDLE, ENDO GIA 12MM UNIVERSAL",PP-OR-1487
13947239,"RELOAD, ARTICULATING ENDO GIA TRISTAPLE MED TAN 60MM",PP-OR-1487
13947240,"RELOAD, ARTICULATE ENDO GIA TRISTAPLE MED/THICK RE",PP-OR-1487
13947241,"RELOAD, ARTICULATE ENDO GIA TRISTAPLE EXTRA/THICK",PP-OR-1487
13947246,"ENDO STITCH, DISP 10MM",PP-OR-1487
13947249,"POUCH, SPECIMEN ENDOCATCH II 15MM",PP-OR-1487
13947250,"BAG, SPECIMEN RETRIEVAL 10MM",PP-OR-1487
13947251,"BAG, SPECIMEN RETRIEVAL 10MM",PP-OR-1487
13947252,"STAPLER, GIA 80MM - 3.8MM",PP-OR-1487
13947253,"PURSTRING, DISP. 65 INST.",PP-OR-1487
13947258,"PURSTRING, DISP. 65 INST.",PP-OR-1487
13948257,"RELOAD, ARTICULATE ENDO GIA TRISTAPLE MED/THICK RE",PP-OR-1487
13948539,"HANDLE, ENDO GIA 12MM UNIVERSAL",PP-OR-1487
13948540,"HANDLE, GIA UNIVERSAL SHORT 12MM",PP-OR-1487
13948541,"RELOAD, SIGNIA TRI-STAPLE 2.0 30 MM CURVED TIP ARTICULATING VASCULAR/MEDIUM",PP-OR-1487
13948542,"RELOAD, ENDO GIA 45MM CURVE TIP ART MED/THCK PURPL",PP-OR-1487
13948543,"RELOAD, ENDO GIA ROT VASCULAR MED TAN 45MM",PP-OR-1487
13948544,"RELOAD, ENDO GIA MED THICK PURPLE 45MM",PP-OR-1487
13948545,"RELOAD, ENDO GIA ARTICULATE TRI-STAPLE 60MM MED/THCK",PP-OR-1487
13948546,"RELOAD, ENDO GIA ARTICULATE TRI-STAPLE 60MM EXTRA/THCK",PP-OR-1487
13948660,"HANDLE, GIA UNIVERSAL SHORT 12MM",PP-OR-1487
13948661,"RELOAD, ENDO GIA ROT VASCULAR MED TAN 45MM",PP-OR-1487
13948662,"RELOAD, ENDO GIA ARTICULATE TRI-STAPLE 60MM EXTRA/THCK",PP-OR-1487
13949601,"KIT, LAPAROSCOPIC ANTI-FOGGING CLEARIFY",PP-OR-1487
13949603,"STAPLER, SHELL SIGNIA POWER CONTROL",PP-OR-1487
13951603,"RELOAD, SIGNIA TRI-STAPLE 2.0 30 MM CURVED TIP ARTICULATING VASCULAR/MEDIUM",PP-OR-1487
13951604,"RELOAD, ENDO GIA ROT VASCULAR MED TAN 45MM",PP-OR-1487
13951605,"APPLIER, ENDO CLIP III 5MM",PP-OR-1487
13951606,"APPLIER, ENDO CLIP II MED/LARGE 10 MM 20 TI CLIPS",PP-OR-1487
13951607,"APPLIER, ENDOCLIP 10MM",PP-OR-1487
13952523,"STAPLER, SHELL SIGNIA POWER CONTROL",PP-OR-1487
13952711,"SCISSOR, IRIS STRAIGHT 4.5 INCH - STERILE-DSD",PP-OR-1487
13952806,"RELOAD, TA 30MM - V3",PP-OR-1487
13952807,"APPLIER, ENDO CLIP II MED/LARGE 10 MM 20 TI CLIPS",PP-OR-1487
13952808,"APPLIER, ENDOCLIP 10MM",PP-OR-1487
13952809,"APPLIER, SURGICLIP III 9.0IN SMALL",PP-OR-1487
13952810,"RELOAD, GIA 80MM - 3.8MM",PP-OR-1487
13952811,"STAPLER, GIA 80MM - 3.8MM",PP-OR-1487
13952824,"RELOAD, SIGNIA TRI-STAPLE 2.0 30 MM CURVED TIP ARTICULATING VASCULAR/MEDIUM",PP-OR-1487
13954020,"RELOAD, GIA 80MM - 3.8MM",PP-OR-1487
13954021,"STAPLER, GIA 80MM - 3.8MM",PP-OR-1487
13954022,"BAG, SPECIMEN RETRIEVAL 10MM",PP-OR-1487
13954023,"POUCH, SPECIMEN ENDOCATCH II 15MM",PP-OR-1487
13954028,"BAG, SPECIMEN RETRIEVAL 10MM",PP-OR-1487
13954029,"APPLIER, SURGICLIP III 9.0IN SMALL",PP-OR-1487
13954030,"TROCAR, ENDO CLOSE",PP-OR-1487
13955009,"RELOAD, ARTICULATE ENDO GIA TRISTAPLE MED/THICK RE",PP-OR-1487
13955013,"STAPLER, TA 90-3.5",PP-OR-1487
13955338,"HANDLE, ENDO GIA 12MM UNIVERSAL",PP-OR-1487
13955339,"RELOAD, SIGNIA TRI-STAPLE 2.0 30 MM CURVED TIP ARTICULATING VASCULAR/MEDIUM",PP-OR-1487
13955340,"RELOAD, ENDO GIA 45MM CURVE TIP ART MED/THCK PURPL",PP-OR-1487
13955341,"RELOAD, ENDO GIA 45MM TRISTAPLE ARTICULATING MED TAN",PP-OR-1487
13955342,"RELOAD, ENDO GIA ARTICULATE TRI-STAPLE 60MM MED/THCK",PP-OR-1487
13955371,"STAPLER, TA 60-3.5",PP-OR-1487
13955372,"RELOAD, GIA 80MM - 3.8MM",PP-OR-1487
13955373,"STAPLER, GIA 80MM - 3.8MM",PP-OR-1487
13955415,"SCISSOR, LISTER BANDAGE 7-1/4 INCH - STERILE",PP-OR-1487
13956494,"APPLIER, SURGICLIP III 9.0IN SMALL",PP-OR-1487
13956532,"APPLIER, ENDO CLIP II MED/LARGE 10 MM 20 TI CLIPS",PP-OR-1487
13956533,"TROCAR, ENDO CLOSE",PP-OR-1487
13957780,"SCISSORS, BANDAGE 5 1/2IN",PP-OR-1487
13958296,"RELOAD, ARTICULATING ENDO GIA TRISTAPLE MED TAN 60MM",PP-OR-1487
13958297,"HANDLE, ENDO GIA 12MM UNIVERSAL",PP-OR-1487
13958298,"HANDLE, GIA UNIVERSAL SHORT 12MM",PP-OR-1487
13958305,"APPLIER, ENDO CLIP III 5MM",PP-OR-1487
13958306,"RELOAD, GIA 80MM - 3.8MM",PP-OR-1487
13958307,"STAPLER, GIA 80MM - 3.8MM",PP-OR-1487
13960954,"APPLIER, SURGICLIP III 9.0IN SMALL",PP-OR-1487
13960957,"DEVICE, ORVIL EEA DTS SERIES 25MM",PP-OR-1487
13961087,"BAG, SPECIMEN RETRIEVAL 10MM",PP-OR-1487
13961088,"STAPLER, DST SERIES 31 MM W/ 4.8 MM STAPLE",PP-OR-1487
13961091,"HANDLE, ENDO GIA 12MM UNIVERSAL",PP-OR-1487
13961092,"HANDLE, GIA UNIVERSAL SHORT 12MM",PP-OR-1487
13962175,"TROCAR, ENDO CLOSE",PP-OR-1487
13962176,"PURSTRING, DISP. 65 INST.",PP-OR-1487
13962177,"HANDLE, ENDO GIA 12MM UNIVERSAL",PP-OR-1487
13962178,"RELOAD, SIGNIA TRI-STAPLE 2.0 30 MM CURVED TIP ARTICULATING VASCULAR/MEDIUM",PP-OR-1487
13962179,"RELOAD, ARTICULATE ENDO GIA TRISTAPLE EXTRA/THICK",PP-OR-1487
13962182,"ENDO STITCH, DISP 10MM",PP-OR-1487
13962224,"RELOAD, ARTICULATE ENDO GIA TRISTAPLE MED/THICK RE",PP-OR-1487
13962225,"RELOAD, ARTICULATE ENDO GIA TRISTAPLE EXTRA/THICK",PP-OR-1487
13962395,"SCISSOR, IRIS STRAIGHT 4.5 INCH - STERILE-DSD",PP-OR-1487
13963440,"RELOAD, ARTICULATE ENDO GIA TRISTAPLE MED/THICK RE",PP-OR-1487
13964455,"STAPLER, SHELL SIGNIA POWER CONTROL",PP-OR-1487
13964456,"RELOAD, ARTICULATE ENDO GIA TRISTAPLE MED/THICK RE",PP-OR-1487
13964461,"STAPLER, TA 90-3.5",PP-OR-1487
13964609,"APPLIER, ENDO CLIP III 5MM",PP-OR-1487
13964610,"BAG, SPECIMEN RETRIEVAL 10MM",PP-OR-1487
13964943,"POUCH, SPECIMEN ENDOCATCH II 15MM",PP-OR-1487
13964944,"CLIP, LAPROCLIP LIGATING CARTRIDGE ABSORB 12MM",PP-OR-1487
13964945,"PURSTRING, DISP. 65 INST.",PP-OR-1487
13964946,"RELOAD, SIGNIA TRI-STAPLE 2.0 30 MM CURVED TIP ARTICULATING VASCULAR/MEDIUM",PP-OR-1487
13964947,"RELOAD, ENDO GIA ROT VASCULAR MED TAN 45MM",PP-OR-1487
13964948,"RELOAD, ENDO GIA ARTICULATE TRI-STAPLE 60MM MED/THCK",PP-OR-1487
13964949,"RELOAD, ENDO GIA ARTICULATE TRI-STAPLE 60MM EXTRA/THCK",PP-OR-1487
13964950,"RELOAD, ARTICULATE ENDO GIA TRISTAPLE EXTRA/THICK",PP-OR-1487
13965317,"HANDLE, GIA UNIVERSAL SHORT 12MM",PP-OR-1487
13965318,"RELOAD, ENDO GIA ROT VASCULAR MED TAN 45MM",PP-OR-1487
13966774,"SCISSORS, BANDAGE 5 1/2IN",PP-OR-1487
13966900,"STAPLER, TA 30V-3 NON-ABS CLIP",PP-OR-1487
13966901,"STAPLER, DST SERIES GIA 60MM - 3.8MM RELOADABLE",PP-OR-1487
13966902,"RELOAD, GIA 80MM - 3.8MM",PP-OR-1487
13966903,"STAPLER, GIA 80MM - 3.8MM",PP-OR-1487
13966922,"RELOAD, ENDO GIA ROT VASCULAR MED TAN 45MM",PP-OR-1487
13966923,"RELOAD, ENDO GIA ARTICULATE TRI-STAPLE 60MM MED/THCK",PP-OR-1487
13969177,"RELOAD, ENDO GIA MED THICK PURPLE 45MM",PP-OR-1487
13969178,"RELOAD, ARTICULATING ENDO GIA TRISTAPLE MED TAN 60MM",PP-OR-1487
13969277,"ENDO STITCH, DISP 10MM",PP-OR-1487
13969278,"RELOAD, GIA 80MM - 3.8MM",PP-OR-1487
13969279,"BAG, SPECIMEN RETRIEVAL 10MM",PP-OR-1487
13969280,"TROCAR, ENDO CLOSE",PP-OR-1487
13969281,"PURSTRING, DISP. 65 INST.",PP-OR-1487
13969282,"HANDLE, ENDO GIA 12MM UNIVERSAL",PP-OR-1487
13972852,"STAPLER, SHELL SIGNIA POWER CONTROL",PP-OR-1487
13973176,"HANDLE, ENDO GIA 12MM UNIVERSAL",PP-OR-1487
13973177,"APPLIER, ENDO CLIP III 5MM",PP-OR-1487
13973178,"APPLIER, ENDO CLIP II MED/LARGE 10 MM 20 TI CLIPS",PP-OR-1487
13973179,"BAG, SPECIMEN RETRIEVAL 10MM",PP-OR-1487
13973180,"APPLIER, SURGICLIP III 9.0IN SMALL",PP-OR-1487
13973181,"PURSTRING, DISP. 65 INST.",PP-OR-1487
13973182,"TROCAR, ENDO CLOSE",PP-OR-1487
13973263,"BAG, SPECIMEN RETRIEVAL 10MM",PP-OR-1487
13973264,"APPLIER, SURGICLIP III 9.0IN SMALL",PP-OR-1487
13973265,"STAPLER, GIA 80MM - 3.8MM",PP-OR-1487
13973266,"STAPLER, DST SERIES 28 MM W/ 4.8 MM STAPLE",PP-OR-1487
13977324,"SUTURE, 0 SURGIDAC ENDO STITCH 48&quot;",PP-OR-1487
13977325,"RELOAD, ARTICULATE ENDO GIA TRISTAPLE MED/THICK RE",PP-OR-1487
13977346,"HANDLE, GIA UNIVERSAL SHORT 12MM",PP-OR-1487
13977347,"RELOAD, ENDO GIA 45MM CURVE TIP ART MED/THCK PURPL",PP-OR-1487
13977348,"RELOAD, ENDO GIA ROT VASCULAR MED TAN 45MM",PP-OR-1487
13979576,"RELOAD, ARTICULATE ENDO GIA TRISTAPLE MED/THICK RE",PP-OR-1487
13979577,"STAPLER, SHELL SIGNIA POWER CONTROL",PP-OR-1487
13979782,"RELOAD, SIGNIA TRI-STAPLE 2.0 30 MM CURVED TIP ARTICULATING VASCULAR/MEDIUM",PP-OR-1487
13979783,"RELOAD, ENDO GIA 45MM CURVE TIP ART MED/THCK PURPL",PP-OR-1487
13979784,"RELOAD, ENDO GIA ROT VASCULAR MED TAN 45MM",PP-OR-1487
13979785,"RELOAD, ENDO GIA ARTICULATE TRI-STAPLE 60MM EXTRA/THCK",PP-OR-1487
13979791,"RELOAD, TA 30MM - V3",PP-OR-1487
13979792,"RELOAD, SIGNIA VASCULAR SM DIA CURVED TIP 30MM",PP-OR-1487
13981173,"APPLIER, ENDO CLIP III 5MM",PP-OR-1487
13981188,"STAPLER, DST SERIES GIA 60MM - 3.8MM RELOADABLE",PP-OR-1487
13981189,"STAPLER, TA 60-3.5",PP-OR-1487
13981190,"HANDLE, ENDO GIA 12MM UNIVERSAL",PP-OR-1487
13982263,"RELOAD, ARTICULATE ENDO GIA TRISTAPLE MED/THICK RE",PP-OR-1487
13982584,"HANDLE, ENDO GIA 12MM UNIVERSAL",PP-OR-1487
13982585,"HANDLE, GIA UNIVERSAL SHORT 12MM",PP-OR-1487
13982586,"RELOAD, ENDO GIA MED THICK PURPLE 45MM",PP-OR-1487
13982587,"RELOAD, ENDO GIA ARTICULATE TRI-STAPLE 60MM MED/THCK",PP-OR-1487
13982588,"RELOAD, ENDO GIA ARTICULATE TRI-STAPLE 60MM EXTRA/THCK",PP-OR-1487
13982601,"BAG, SPECIMEN RETRIEVAL 10MM",PP-OR-1487
13982602,"STAPLER, TA 60MM - 4.8MM RELOADABLE",PP-OR-1487
13982603,"STAPLER, DST SERIES GIA 60MM - 3.8MM RELOADABLE",PP-OR-1487
13982604,"RELOAD, DST SERIES GIA 60MM - 3.8MM LOADING UNIT",PP-OR-1487
13982605,"TROCAR, ENDO CLOSE",PP-OR-1487
13982630,"APPLIER, ENDOCLIP 10MM",PP-OR-1487
13982631,"STAPLER, TA 60MM - 4.8MM RELOADABLE",PP-OR-1487
13982632,"PURSTRING, DISP. 65 INST.",PP-OR-1487
13984947,"KIT, LAPAROSCOPIC ANTI-FOGGING CLEARIFY",PP-OR-1487
13985603,"STAPLER, ENDOGIA ULTRA UNIV 12MM XL",PP-OR-1487
13985604,"RELOAD, ENDO GIA MED THICK PURPLE 45MM",PP-OR-1487
13985605,"RELOAD, ARTICULATE ENDO GIA TRISTAPLE EXTRA/THICK",PP-OR-1487
13985652,"HANDLE, GIA UNIVERSAL SHORT 12MM",PP-OR-1487
13985653,"RELOAD, ENDO GIA ROT VASCULAR MED TAN 45MM",PP-OR-1487
13985654,"RELOAD, ENDO GIA ARTICULATE TRI-STAPLE 60MM MED/THCK",PP-OR-1487
13985655,"RELOAD, ARTICULATE ENDO GIA TRISTAPLE EXTRA/THICK",PP-OR-1487
13985678,"APPLIER, ENDO CLIP III 5MM",PP-OR-1487
13985679,"BAG, SPECIMEN RETRIEVAL 10MM",PP-OR-1487
13985680,"APPLIER, SURGICLIP III 9.0IN SMALL",PP-OR-1487
13985681,"TROCAR, ENDO CLOSE",PP-OR-1487
13988049,"SUTURE, 0 POLYSORB ENDO STITCH UNDYED ES-9 48",PP-OR-1487
13988051,"APPLIER, ENDOCLIP 10MM",PP-OR-1487
13988052,"ENDO STITCH, DISP 10MM",PP-OR-1487
13988053,"RELOAD, SIGNIA 2.0 TRI-STAPLE 30 VSCLR MED TAN 12MM",PP-OR-1487
13988054,"RELOAD, SIGNIA 2.0 TRI-STAPLE 30 MED THK PURPLE 12MM",PP-OR-1487
13989462,"BAG, SPECIMEN RETRIEVAL 10MM",PP-OR-1487
13989463,"RELOAD, GIA 80MM - 3.8MM",PP-OR-1487
13989464,"STAPLER, GIA 80MM - 3.8MM",PP-OR-1487
13989465,"TROCAR, ENDO CLOSE",PP-OR-1487
13989474,"HANDLE, ENDO GIA 12MM UNIVERSAL",PP-OR-1487
13989475,"RELOAD, SIGNIA TRI-STAPLE 2.0 30 MM CURVED TIP ARTICULATING VASCULAR/MEDIUM",PP-OR-1487
13989476,"RELOAD, ENDO GIA 45MM CURVE TIP ART MED/THCK PURPL",PP-OR-1487
13989477,"RELOAD, ENDO GIA ROT VASCULAR MED TAN 45MM",PP-OR-1487
13989478,"RELOAD, ENDO GIA 45MM TRISTAPLE ARTICULATING MED TAN",PP-OR-1487
13989479,"RELOAD, ENDO GIA ARTICULATE TRI-STAPLE 60MM MED/THCK",PP-OR-1487
13989543,"RELOAD, GIA 80MM - 3.8MM",PP-OR-1487
13989544,"STAPLER, GIA 80MM - 3.8MM",PP-OR-1487
13989558,"RELOAD, SIGNIA TRI-STAPLE 2.0 30 MM CURVED TIP ARTICULATING VASCULAR/MEDIUM",PP-OR-1487
13989559,"RELOAD, ENDO GIA 45MM CURVE TIP ART MED/THCK PURPL",PP-OR-1487
13989560,"RELOAD, ENDO GIA 45MM TRISTAPLE ARTICULATING MED TAN",PP-OR-1487
13989561,"RELOAD, ENDO GIA ARTICULATE TRI-STAPLE 60MM EXTRA/THCK",PP-OR-1487
13989562,"HANDLE, ENDO GIA 12MM UNIVERSAL",PP-OR-1487
13989573,"BAG, SPECIMEN RETRIEVAL 10MM",PP-OR-1487
13989576,"PURSTRING, DISP. 65 INST.",PP-OR-1487
13990536,"STAPLER, SHELL SIGNIA POWER CONTROL",PP-OR-1487
13992611,"TROCAR, ENDO CLOSE",PP-OR-1487
13992612,"APPLIER, ENDO CLIP III 5MM",PP-OR-1487
13992613,"APPLIER, ENDO CLIP II MED/LARGE 10 MM 20 TI CLIPS",PP-OR-1487
13992614,"ENDO STITCH, DISP 10MM",PP-OR-1487
13992616,"POUCH, SPECIMEN ENDOCATCH II 15MM",PP-OR-1487
13992619,"SUTURE, 2-0 ENDO STITCH POLYSORB VIOLET 48INCH",PP-OR-1487
13992620,"SUTURE, 2-0 SURGIDAC ENDO STITCH 48IN",PP-OR-1487
13992621,"HANDLE, ENDO GIA 12MM UNIVERSAL",PP-OR-1487
13992622,"STAPLER, ENDOGIA ULTRA UNIV 12MM XL",PP-OR-1487
13992623,"RELOAD, ARTICULATING ENDO GIA TRISTAPLE MED TAN 60MM",PP-OR-1487
13992624,"RELOAD, ARTICULATE ENDO GIA TRISTAPLE MED/THICK RE",PP-OR-1487
13992629,"APPLIER, ENDO CLIP II MED/LARGE 10 MM 20 TI CLIPS",PP-OR-1487
13992630,"STAPLER, EEA XL 28MM W/ 4.8MM STAPLE",PP-OR-1487
13992631,"TROCAR, ENDO CLOSE",PP-OR-1487
13992632,"HANDLE, ENDO GIA 12MM UNIVERSAL",PP-OR-1487
13992633,"HANDLE, GIA UNIVERSAL SHORT 12MM",PP-OR-1487
13992634,"RELOAD, ENDO GIA 45MM TRISTAPLE ARTICULATING MED TAN",PP-OR-1487
13993515,"RELOAD, ARTICULATE ENDO GIA TRISTAPLE MED/THICK RE",PP-OR-1487
13993516,"STAPLER, SHELL SIGNIA POWER CONTROL",PP-OR-1487
13993519,"STAPLER, SHELL SIGNIA POWER CONTROL",PP-OR-1487
13993728,"SUTURE, 0 POLYSORB ENDO STITCH UNDYED ES-9 48",PP-OR-1487
13993736,"STAPLER, DST SERIES 33 MM W/ 4.8 MM STAPLE",PP-OR-1487
13993757,"STAPLER, TA 30V-3 NON-ABS CLIP",PP-OR-1487
13993758,"APPLIER, ENDO CLIP II MED/LARGE 10 MM 20 TI CLIPS",PP-OR-1487
13993759,"STAPLER, TA 60-3.5",PP-OR-1487
13996256,"STAPLER, TA 90-3.5",PP-OR-1487
13996457,"TROCAR, ENDO CLOSE",PP-OR-1487
13996468,"RELOAD, ARTICULATING ENDO GIA TRISTAPLE MED TAN 60MM",PP-OR-1487
13997918,"KIT, LAPAROSCOPIC ANTI-FOGGING CLEARIFY",PP-OR-1487
13998176,"SCISSOR, ENDO SHEARS 5MM",PP-OR-1487
13998177,"STAPLER, TA 60-3.5",PP-OR-1487
13998284,"APPLIER, ENDO CLIP III 5MM",PP-OR-1487
13998285,"BAG, SPECIMEN RETRIEVAL 10MM",PP-OR-1487
13998286,"RELOAD, GIA 80MM - 3.8MM",PP-OR-1487
13998287,"STAPLER, GIA 80MM - 3.8MM",PP-OR-1487
13998291,"RELOAD, ENDO GIA ARTICULATE TRI-STAPLE 60MM MED/THCK",PP-OR-1487
13998340,"STAPLER, EEA XL 33MM W/ 4.8MM STAPLE",PP-OR-1487
14001444,"SCISSOR, IRIS STRAIGHT 4.5 INCH - STERILE",PP-OR-1487
14001519,"STAPLER, TA 30V-3 NON-ABS CLIP",PP-OR-1487
14001520,"RELOAD, TA 30MM - V3",PP-OR-1487
14001521,"PURSTRING, DISP. 65 INST.",PP-OR-1487
14001522,"TROCAR, ENDO CLOSE",PP-OR-1487
14001525,"RELOAD, ENDO GIA 45MM TRISTAPLE ARTICULATING MED TAN",PP-OR-1487
14001526,"HANDLE, GIA UNIVERSAL SHORT 12MM",PP-OR-1487
14001527,"HANDLE, ENDO GIA 12MM UNIVERSAL",PP-OR-1487
14002443,"STAPLER, SHELL SIGNIA POWER CONTROL",PP-OR-1487
14002741,"HANDLE, ENDO GIA 12MM UNIVERSAL",PP-OR-1487
14002742,"RELOAD, SIGNIA TRI-STAPLE 2.0 30 MM CURVED TIP ARTICULATING VASCULAR/MEDIUM",PP-OR-1487
14002743,"RELOAD, ENDO GIA ROT VASCULAR MED TAN 45MM",PP-OR-1487
14002744,"RELOAD, ENDO GIA 45MM TRISTAPLE ARTICULATING MED TAN",PP-OR-1487
14002745,"RELOAD, ENDO GIA ARTICULATE TRI-STAPLE 60MM MED/THCK",PP-OR-1487
14002976,"DUSTPAN, LOBBY WITH HANDLE - BLACK",PP-OR-1487
14004501,"BAG, SPECIMEN RETRIEVAL 10MM",PP-OR-1487
14004502,"PURSTRING, DISP. 65 INST.",PP-OR-1487
14008127,"STAPLER, SHELL SIGNIA POWER CONTROL",PP-OR-1487
14008128,"RELOAD, ARTICULATE ENDO GIA TRISTAPLE MED/THICK RE",PP-OR-1487
14011491,"RELOAD, ENDO GIA ROT VASCULAR MED TAN 45MM",PP-OR-1487
14011492,"RELOAD, ENDO GIA MED THICK PURPLE 45MM",PP-OR-1487
14011493,"RELOAD, ENDO GIA ARTICULATE TRI-STAPLE 60MM MED/THCK",PP-OR-1487
14011494,"RELOAD, ENDO GIA ARTICULATE TRI-STAPLE 60MM EXTRA/THCK",PP-OR-1487
14011523,"STAPLER, TA 60MM - 4.8MM RELOADABLE",PP-OR-1487
14011524,"RELOAD, GIA 80MM - 3.8MM",PP-OR-1487
14011525,"STAPLER, GIA 80MM - 3.8MM",PP-OR-1487
14011526,"STAPLER, DST SERIES 28 MM W/ 4.8 MM STAPLE",PP-OR-1487
14011527,"PURSTRING, DISP. 65 INST.",PP-OR-1487
14011530,"ENDO STITCH, DISP 10MM",PP-OR-1487
14011531,"PURSTRING, DISP. 65 INST.",PP-OR-1487
14011532,"POUCH, SPECIMEN ENDOCATCH II 15MM",PP-OR-1487
14011912,"RETRACTOR, ENDO PADDLE - 12MM",PP-OR-1487
14011913,"STAPLER, GIA 80MM - 3.8MM",PP-OR-1487
14014315,"HANDLE, ENDO GIA 12MM UNIVERSAL",PP-OR-1487
14014316,"RELOAD, ENDO GIA ROT VASCULAR MED TAN 45MM",PP-OR-1487
14014317,"RELOAD, ENDO GIA ARTICULATE TRI-STAPLE 60MM MED/THCK",PP-OR-1487
14014350,"APPLIER, SURGICLIP III 9.0IN SMALL",PP-OR-1487
14014351,"RELOAD, DST SERIES GIA 60MM - 3.8MM LOADING UNIT",PP-OR-1487
14016815,"SUTURE, 0 SURGIDAC ENDO STITCH 48&quot;",PP-OR-1487
14016817,"APPLIER, ENDO CLIP III 5MM",PP-OR-1487
14016818,"TROCAR, ENDO CLOSE",PP-OR-1487
14016819,"POUCH, SPECIMEN ENDOCATCH II 15MM",PP-OR-1487
14018251,"HANDLE, ENDO GIA 12MM UNIVERSAL",PP-OR-1487
14018252,"APPLIER, ENDO CLIP III 5MM",PP-OR-1487
14018253,"BAG, SPECIMEN RETRIEVAL 10MM",PP-OR-1487
14018257,"APPLIER, ENDO CLIP II MED/LARGE 10 MM 20 TI CLIPS",PP-OR-1487
14018258,"BAG, SPECIMEN RETRIEVAL 10MM",PP-OR-1487
14018259,"RELOAD, GIA 80MM - 3.8MM",PP-OR-1487
14018260,"RELOAD, DST SERIES GIA 60MM - 3.8MM LOADING UNIT",PP-OR-1487
14018261,"TROCAR, ENDO CLOSE",PP-OR-1487
14018262,"PURSTRING, DISP. 65 INST.",PP-OR-1487
14018282,"HANDLE, ENDO GIA 12MM UNIVERSAL",PP-OR-1487
14018283,"HANDLE, GIA UNIVERSAL SHORT 12MM",PP-OR-1487
14018284,"RELOAD, SIGNIA TRI-STAPLE 2.0 30 MM CURVED TIP ARTICULATING VASCULAR/MEDIUM",PP-OR-1487
14018285,"RELOAD, ENDO GIA ARTICULATE TRI-STAPLE 60MM MED/THCK",PP-OR-1487
14018343,"STAPLER, TA 30V-3 NON-ABS CLIP",PP-OR-1487
14018350,"RELOAD, ARTICULATE ENDO GIA TRISTAPLE EXTRA/THICK",PP-OR-1487
14019479,"KIT, LAPAROSCOPIC ANTI-FOGGING CLEARIFY",PP-OR-1487
14021349,"APPLIER, SURGICLIP III 9.0IN SMALL",PP-OR-1487
14021387,"STAPLER, DST SERIES GIA 60MM - 3.8MM RELOADABLE",PP-OR-1487
14021388,"STAPLER, EEA XL 28MM W/ 4.8MM STAPLE",PP-OR-1487
14021389,"PURSTRING, DISP. 65 INST.",PP-OR-1487
14021390,"TROCAR, ENDO CLOSE",PP-OR-1487
14021391,"HANDLE, ENDO GIA 12MM UNIVERSAL",PP-OR-1487
14021392,"HANDLE, GIA UNIVERSAL SHORT 12MM",PP-OR-1487
14021393,"RELOAD, ENDO GIA 45MM TRISTAPLE ARTICULATING MED TAN",PP-OR-1487
14021394,"RELOAD, ENDO GIA ARTICULATE TRI-STAPLE 60MM MED/THCK",PP-OR-1487
14022508,"STAPLER, DST SERIES 33 MM W/ 4.8 MM STAPLE",PP-OR-1487
14022512,"STAPLER, ENDOGIA ULTRA UNIV 12MM XL",PP-OR-1487
14022514,"STAPLER, DST SERIES 28 MM W/ 4.8 MM STAPLE",PP-OR-1487
14022569,"HANDLE, GIA UNIVERSAL SHORT 12MM",PP-OR-1487
14022573,"POUCH, SPECIMEN ENDOCATCH II 15MM",PP-OR-1487
14022574,"STAPLER, EEA XL 28MM W/ 4.8MM STAPLE",PP-OR-1487
14022575,"PURSTRING, DISP. 65 INST.",PP-OR-1487
14022586,"HANDLE, ENDO GIA 12MM UNIVERSAL",PP-OR-1487
14022587,"RELOAD, SIGNIA 2.0 TRI-STAPLE 30 MED THK PURPLE 12MM",PP-OR-1487
14022588,"RELOAD, ENDO GIA 45MM TRISTAPLE ARTICULATING MED TAN",PP-OR-1487
14022589,"RELOAD, ARTICULATING ENDO GIA TRISTAPLE MED TAN 60MM",PP-OR-1487
14022594,"BAG, SPECIMEN RETRIEVAL 10MM",PP-OR-1487
14023525,"RELOAD, ARTICULATE ENDO GIA TRISTAPLE MED/THICK RE",PP-OR-1487
14023674,"APPLIER, SURGICLIP III 9.0IN SMALL",PP-OR-1487
14024828,"STAPLER, TA 90-3.5",PP-OR-1487
14025025,"STAPLER, EEA XL 25MM W/3.5MM STAPLES",PP-OR-1487
14025175,"BAG, SPECIMEN RETRIEVAL 10MM",PP-OR-1487
14025176,"RELOAD, GIA 80MM - 3.8MM",PP-OR-1487
14025177,"STAPLER, GIA 80MM - 3.8MM",PP-OR-1487
14025178,"ENDO STITCH, DISP 10MM",PP-OR-1487
14025190,"HANDLE, ENDO GIA 12MM UNIVERSAL",PP-OR-1487
14025191,"RELOAD, SIGNIA TRI-STAPLE 2.0 30 MM CURVED TIP ARTICULATING VASCULAR/MEDIUM",PP-OR-1487
14025192,"RELOAD, ENDO GIA ROT VASCULAR MED TAN 45MM",PP-OR-1487
14025193,"RELOAD, ENDO GIA 45MM TRISTAPLE ARTICULATING MED TAN",PP-OR-1487
14025194,"RELOAD, ENDO GIA MED THICK PURPLE 45MM",PP-OR-1487
14025195,"RELOAD, ENDO GIA ARTICULATE TRI-STAPLE 60MM MED/THCK",PP-OR-1487
14025196,"RELOAD, ENDO GIA ARTICULATE TRI-STAPLE 60MM EXTRA/THCK",PP-OR-1487
14025221,"STAPLER, GIA 80MM - 3.8MM",PP-OR-1487
14026177,"DISSECTOR, BALLOON OVAL SPACEMAKER PLUS SBT",PP-OR-1487
14026411,"STAPLER, EEA XL 28MM W/ 4.8MM STAPLE",PP-OR-1487
14028326,"TROCAR, ENDO CLOSE",PP-OR-1487
14030603,"KIT, LAPAROSCOPIC ANTI-FOGGING CLEARIFY",PP-OR-1487
14030604,"STAPLER, SHELL SIGNIA POWER CONTROL",PP-OR-1487
14030763,"SUTURE, 0 POLYSORB ENDO STITCH UNDYED ES-9 48",PP-OR-1487
14030764,"SUTURE, 0 POLYSORB ENDO STITCH UNDYED ES-9 48",PP-OR-1487
14030834,"APPLIER, ENDO CLIP II MED/LARGE 10 MM 20 TI CLIPS",PP-OR-1487
14030835,"CLIP, LAPROCLIP LIGATING CARTRIDGE ABSORB 12MM",PP-OR-1487
14030836,"RELOAD, SIGNIA TRI-STAPLE 2.0 30 MM CURVED TIP ARTICULATING VASCULAR/MEDIUM",PP-OR-1487
14030837,"RELOAD, ENDO GIA 45MM CURVE TIP ART MED/THCK PURPL",PP-OR-1487
14030838,"RELOAD, ENDO GIA ROT VASCULAR MED TAN 45MM",PP-OR-1487
14030839,"RELOAD, ENDO GIA 45MM TRISTAPLE ARTICULATING MED TAN",PP-OR-1487
14030840,"RELOAD, ENDO GIA ARTICULATE TRI-STAPLE 60MM MED/THCK",PP-OR-1487
14030855,"BAG, SPECIMEN RETRIEVAL 10MM",PP-OR-1487
14030862,"HANDLE, ENDO GIA 12MM UNIVERSAL",PP-OR-1487
14030863,"RELOAD, ENDO GIA 45MM TRISTAPLE ARTICULATING MED TAN",PP-OR-1487
14030864,"RELOAD, ARTICULATE ENDO GIA TRISTAPLE EXTRA/THICK",PP-OR-1487
14032219,"RELOAD, ENDO GIA 45MM TRISTAPLE ARTICULATING MED TAN",PP-OR-1487
14033535,"POUCH, SPECIMEN ENDOCATCH II 15MM",PP-OR-1487
14033536,"RELOAD, DST SERIES GIA 100MM - 4.8MM LOADING UNIT",PP-OR-1487
14033537,"SCISSOR, ENDO SHEARS 5MM",PP-OR-1487
14033557,"APPLIER, ENDOCLIP 10MM",PP-OR-1487
14033558,"BAG, SPECIMEN RETRIEVAL 10MM",PP-OR-1487
14033559,"RELOAD, GIA 80MM - 3.8MM",PP-OR-1487
14033560,"STAPLER, GIA 80MM - 3.8MM",PP-OR-1487
14033573,"HANDLE, ENDO GIA 12MM UNIVERSAL",PP-OR-1487
14033574,"HANDLE, GIA UNIVERSAL SHORT 12MM",PP-OR-1487
14033575,"RELOAD, SIGNIA TRI-STAPLE 2.0 30 MM CURVED TIP ARTICULATING VASCULAR/MEDIUM",PP-OR-1487
14033576,"RELOAD, ENDO GIA ROT VASCULAR MED TAN 45MM",PP-OR-1487
14033577,"RELOAD, ENDO GIA 45MM TRISTAPLE ARTICULATING MED TAN",PP-OR-1487
14033578,"RELOAD, ENDO GIA ARTICULATE TRI-STAPLE 60MM MED/THCK",PP-OR-1487
14033727,"HANDLE, ENDO GIA 12MM UNIVERSAL",PP-OR-1487
14033728,"HANDLE, GIA UNIVERSAL SHORT 12MM",PP-OR-1487
14033729,"RELOAD, SIGNIA TRI-STAPLE 2.0 30 MM CURVED TIP ARTICULATING VASCULAR/MEDIUM",PP-OR-1487
14033730,"RELOAD, ENDO GIA ROT VASCULAR MED TAN 45MM",PP-OR-1487
14033731,"RELOAD, ENDO GIA ARTICULATE TRI-STAPLE 60MM MED/THCK",PP-OR-1487
14033732,"STAPLER, TA 30V-3 NON-ABS CLIP",PP-OR-1487
14033733,"RELOAD, TA 90-3.5",PP-OR-1487
14033734,"RELOAD, GIA 80MM - 3.8MM",PP-OR-1487
14033735,"STAPLER, GIA 80MM - 3.8MM",PP-OR-1487
14033736,"CLIP, LAPROCLIP LIGATING CARTRIDGE ABSORB 12MM",PP-OR-1487
14033737,"PURSTRING, DISP. 65 INST.",PP-OR-1487
14033738,"TROCAR, ENDO CLOSE",PP-OR-1487
14033741,"APPLIER, ENDO CLIP III 5MM",PP-OR-1487
14033742,"BAG, SPECIMEN RETRIEVAL 10MM",PP-OR-1487
14033749,"HANDLE, ENDO GIA 12MM UNIVERSAL",PP-OR-1487
14033750,"STAPLER, ENDOGIA ULTRA UNIV 12MM XL",PP-OR-1487
14034953,"STAPLER, EEA XL 33MM W/ 4.8MM STAPLE",PP-OR-1487
14035191,"DUSTPAN, LOBBY WITH HANDLE - BLACK",PP-OR-1487
14037051,"STAPLER, DST SERIES 33 MM W/ 4.8 MM STAPLE",PP-OR-1487
14037054,"APPLIER, SURGICLIP III 9.0IN SMALL",PP-OR-1487
14037138,"STAPLER, GIA 80MM - 3.8MM",PP-OR-1487
14037139,"STAPLER, DST SERIES 28 MM W/ 4.8 MM STAPLE",PP-OR-1487
14038207,"APPLIER, ENDO CLIP III 5MM",PP-OR-1487
14038208,"APPLIER, ENDO CLIP II MED/LARGE 10 MM 20 TI CLIPS",PP-OR-1487
14038209,"STAPLER, EEA XL 28MM W/ 4.8MM STAPLE",PP-OR-1487
14038210,"HANDLE, ENDO GIA 12MM UNIVERSAL",PP-OR-1487
14038229,"RELOAD, ENDO GIA MED THICK PURPLE 45MM",PP-OR-1487
14038230,"RELOAD, ENDO GIA ARTICULATE TRI-STAPLE 60MM MED/THCK",PP-OR-1487
14038231,"RELOAD, ARTICULATING ENDO GIA TRISTAPLE MED TAN 60MM",PP-OR-1487
14038233,"SUTURE, 0 SURGIDAC ENDO STITCH 48&quot;",PP-OR-1487
14038235,"POUCH, SPECIMEN ENDOCATCH II 15MM",PP-OR-1487
14039077,"STAPLER, SHELL SIGNIA POWER CONTROL",PP-OR-1487
14039078,"RELOAD, ARTICULATE ENDO GIA TRISTAPLE MED/THICK RE",PP-OR-1487
14039346,"APPLIER, SURGICLIP III 9.0IN SMALL",PP-OR-1487
14039449,"RELOAD, ENDO GIA 45MM TRISTAPLE ARTICULATING MED TAN",PP-OR-1487
14039450,"RELOAD, ENDO GIA ARTICULATE TRI-STAPLE 60MM EXTRA/THCK",PP-OR-1487
14040742,"APPLIER, ENDO CLIP III 5MM",PP-OR-1487
14040744,"SCISSORS, OPERATING 5-1/2 INCH SS - STERILE",PP-OR-1487
14040835,"STAPLER, EEA XL 28MM W/ 4.8MM STAPLE",PP-OR-1487
14040836,"SUTURE, 0 SURGIDAC ENDO STITCH 48&quot;",PP-OR-1487
14040837,"TROCAR, ENDO CLOSE",PP-OR-1487
14040869,"PURSTRING, DISP. 65 INST.",PP-OR-1487
14040870,"APPLIER, ENDO CLIP III 5MM",PP-OR-1487
14040871,"BAG, SPECIMEN RETRIEVAL 10MM",PP-OR-1487
14040884,"RELOAD, ENDO GIA ARTICULATE TRI-STAPLE 60MM MED/THCK",PP-OR-1487
14040889,"ENDO STITCH, DISP 10MM",PP-OR-1487
14040890,"TROCAR, ENDO CLOSE",PP-OR-1487
14040891,"POUCH, SPECIMEN ENDOCATCH II 15MM",PP-OR-1487
14040892,"BAG, SPECIMEN RETRIEVAL 10MM",PP-OR-1487
14040913,"HANDLE, ENDO GIA 12MM UNIVERSAL",PP-OR-1487
14040914,"RELOAD, ENDO GIA 45MM TRISTAPLE ARTICULATING MED TAN",PP-OR-1487
14040915,"RELOAD, ENDO GIA ARTICULATE TRI-STAPLE 60MM EXTRA/THCK",PP-OR-1487
14042422,"APPLIER, SURGICLIP III 9.0IN SMALL",PP-OR-1487
14043412,"RELOAD, ARTICULATE ENDO GIA TRISTAPLE MED/THICK RE",PP-OR-1487
14043413,"STAPLER, SHELL SIGNIA POWER CONTROL",PP-OR-1487
14043419,"APPLIER, SURGICLIP MED 9.75",PP-OR-1487
14049684,"APPLIER, ENDO CLIP II MED/LARGE 10 MM 20 TI CLIPS",PP-OR-1487
14049685,"APPLIER, ENDOCLIP 10MM",PP-OR-1487
14049687,"BAG, SPECIMEN RETRIEVAL 10MM",PP-OR-1487
14049688,"POUCH, SPECIMEN ENDOCATCH II 15MM",PP-OR-1487
14050984,"HANDLE, ENDO GIA 12MM UNIVERSAL",PP-OR-1487
14051102,"APPLIER, ENDO CLIP III 5MM",PP-OR-1487
14052509,"HANDLE, ENDO GIA 12MM UNIVERSAL",PP-OR-1487
14052510,"STAPLER, ENDOGIA ULTRA UNIV 12MM XL",PP-OR-1487
14052511,"HANDLE, GIA UNIVERSAL SHORT 12MM",PP-OR-1487
14052512,"RELOAD, ENDO GIA 45MM CURVE TIP ART MED/THCK PURPL",PP-OR-1487
14052513,"RELOAD, ENDO GIA MED THICK PURPLE 45MM",PP-OR-1487
14052514,"RELOAD, ENDO GIA ARTICULATE TRI-STAPLE 60MM MED/THCK",PP-OR-1487
14052544,"STAPLER, EEA XL 28MM W/ 4.8MM STAPLE",PP-OR-1487
14052545,"TROCAR, ENDO CLOSE",PP-OR-1487
14052624,"APPLIER, ENDOCLIP 10MM",PP-OR-1487
14052625,"APPLIER, SURGICLIP III 9.0IN SMALL",PP-OR-1487
14052626,"STAPLER, EEA XL 28MM W/ 4.8MM STAPLE",PP-OR-1487
14052627,"PURSTRING, DISP. 65 INST.",PP-OR-1487
14052635,"HANDLE, ENDO GIA 12MM UNIVERSAL",PP-OR-1487
14052636,"STAPLER, ENDOGIA ULTRA UNIV 12MM XL",PP-OR-1487
14052641,"APPLIER, ENDO CLIP III 5MM",PP-OR-1487
14052642,"APPLIER, ENDO CLIP II MED/LARGE 10 MM 20 TI CLIPS",PP-OR-1487
14052643,"APPLIER, ENDOCLIP 10MM",PP-OR-1487
14052656,"HANDLE, ENDO GIA 12MM UNIVERSAL",PP-OR-1487
14052657,"STAPLER, ENDOGIA ULTRA UNIV 12MM XL",PP-OR-1487
14052658,"RELOAD, ENDO GIA 45MM TRISTAPLE ARTICULATING MED TAN",PP-OR-1487
14052659,"RELOAD, ARTICULATING ENDO GIA TRISTAPLE MED TAN 60MM",PP-OR-1487
14052663,"SCISSOR, LISTER BANDAGE 7-1/4 INCH - STERILE",PP-OR-1487
14054413,"SCISSOR, METZENBAUM STRAIGHT 9 INCH - STERILE DISPOSABLE",PP-OR-1487
14054424,"STAPLER, EEA XL 33MM W/ 4.8MM STAPLE",PP-OR-1487
14055532,"SUTURE, 2-0 VLOC ABSORABLE ENDOSTITCH RELOAD 6IN GRN",PP-OR-1487
14055533,"SUTURE, 2-0 VLOC ABSORABLE ENDOSTITCH RELOAD 6IN GRN",PP-OR-1487
14056463,"RELOAD, SIGNIA TRI-STAPLE 2.0 30 MM CURVED TIP ARTICULATING VASCULAR/MEDIUM",PP-OR-1487
14056464,"RELOAD, ENDO GIA ROT VASCULAR MED TAN 45MM",PP-OR-1487
14056465,"RELOAD, ENDO GIA MED THICK PURPLE 45MM",PP-OR-1487
14056466,"RELOAD, ENDO GIA ARTICULATE TRI-STAPLE 60MM MED/THCK",PP-OR-1487
14057330,"STAPLER, SHELL SIGNIA POWER CONTROL",PP-OR-1487
14057566,"ENDO STITCH, DISP 10MM",PP-OR-1487
14057567,"APPLIER, ENDO CLIP II MED/LARGE 10 MM 20 TI CLIPS",PP-OR-1487
14057568,"APPLIER, ENDO CLIP III 5MM",PP-OR-1487
14057569,"TROCAR, ENDO CLOSE",PP-OR-1487
14057570,"STAPLER, GIA 80MM - 3.8MM",PP-OR-1487
14057572,"POUCH, SPECIMEN ENDOCATCH II 15MM",PP-OR-1487
14057586,"RELOAD, ENDO GIA ROT VASCULAR MED TAN 45MM",PP-OR-1487
14057587,"RELOAD, ENDO GIA 45MM TRISTAPLE ARTICULATING MED TAN",PP-OR-1487
14057598,"BAG, SPECIMEN RETRIEVAL 10MM",PP-OR-1487
14057599,"RELOAD, DST SERIES GIA 60MM - 3.8MM LOADING UNIT",PP-OR-1487
14057600,"RELOAD, GIA 80MM - 3.8MM",PP-OR-1487
14057601,"STAPLER, TA 60-3.5",PP-OR-1487
14057602,"PURSTRING, DISP. 65 INST.",PP-OR-1487
14057603,"TROCAR, ENDO CLOSE",PP-OR-1487
14057605,"HANDLE, ENDO GIA 12MM UNIVERSAL",PP-OR-1487
14057606,"STAPLER, ENDOGIA ULTRA UNIV 12MM XL",PP-OR-1487
14057607,"RELOAD, ENDO GIA 45MM TRISTAPLE ARTICULATING MED TAN",PP-OR-1487
14057608,"RELOAD, ARTICULATING ENDO GIA TRISTAPLE MED TAN 60MM",PP-OR-1487
14057609,"RELOAD, ARTICULATE ENDO GIA TRISTAPLE MED/THICK RE",PP-OR-1487
14057610,"RELOAD, ARTICULATE ENDO GIA TRISTAPLE EXTRA/THICK",PP-OR-1487
14058582,"RELOAD, ARTICULATE ENDO GIA TRISTAPLE MED/THICK RE",PP-OR-1487
14058840,"APPLIER, ENDO CLIP III 5MM",PP-OR-1487
14058841,"STAPLER, GIA 80MM - 3.8MM",PP-OR-1487
14058842,"ENDO STITCH, DISP 10MM",PP-OR-1487
14058843,"HANDLE, ENDO GIA 12MM UNIVERSAL",PP-OR-1487
14058844,"RELOAD, ENDO GIA 45MM TRISTAPLE ARTICULATING MED TAN",PP-OR-1487
14058845,"RELOAD, ENDO GIA ARTICULATE TRI-STAPLE 60MM MED/THCK",PP-OR-1487
14060354,"RELOAD, GIA 80MM - 3.8MM",PP-OR-1487
14060355,"RELOAD, SIGNIA VASCULAR SM DIA CURVED TIP 30MM",PP-OR-1487
14060408,"RELOAD, ENDO GIA ROT VASCULAR MED TAN 45MM",PP-OR-1487
14060409,"RELOAD, ENDO GIA ARTICULATE TRI-STAPLE 60MM EXTRA/THCK",PP-OR-1487
14060451,"APPLIER, SURGICLIP III 9.0IN SMALL",PP-OR-1487
14061601,"STAPLER, EEA XL 25MM W/3.5MM STAPLES",PP-OR-1487
14065300,"HANDLE, GIA UNIVERSAL SHORT 12MM",PP-OR-1487
14065301,"RELOAD, ENDO GIA 45MM CURVE TIP ART MED/THCK PURPL",PP-OR-1487
14065304,"PURSTRING, DISP. 65 INST.",PP-OR-1487
14065308,"TROCAR, ENDO CLOSE",PP-OR-1487
14065309,"APPLIER, ENDO CLIP III 5MM",PP-OR-1487
14065316,"HANDLE, ENDO GIA 12MM UNIVERSAL",PP-OR-1487
14065317,"STAPLER, ENDOGIA ULTRA UNIV 12MM XL",PP-OR-1487
14065318,"RELOAD, ENDO GIA 45MM TRISTAPLE ARTICULATING MED TAN",PP-OR-1487
14066117,"KIT, LAPAROSCOPIC ANTI-FOGGING CLEARIFY",PP-OR-1487
14066329,"SUTURE, 0 POLYSORB ENDO STITCH UNDYED ES-9 48",PP-OR-1487
14066347,"SCISSORS, OPERATING 5-1/2 INCH SS - STERILE",PP-OR-1487
14066428,"APPLIER, ENDO CLIP II MED/LARGE 10 MM 20 TI CLIPS",PP-OR-1487
14067541,"RELOAD, ENDO GIA 45MM TRISTAPLE ARTICULATING MED TAN",PP-OR-1487
14067542,"RELOAD, ENDO GIA ARTICULATE TRI-STAPLE 60MM EXTRA/THCK",PP-OR-1487
14067550,"STAPLER, DST SERIES 33 MM W/ 4.8 MM STAPLE",PP-OR-1487
14069099,"APPLIER, SURGICLIP III 9.0IN SMALL",PP-OR-1487
14069100,"BAG, SPECIMEN RETRIEVAL 10MM",PP-OR-1487
14069101,"HANDLE, ENDO GIA 12MM UNIVERSAL",PP-OR-1487
14069102,"RELOAD, ENDO GIA 45MM TRISTAPLE ARTICULATING MED TAN",PP-OR-1487
14069134,"SCISSOR, ENDO SHEARS 5MM",PP-OR-1487
14069158,"BAG, SPECIMEN RETRIEVAL 10MM",PP-OR-1487
14073765,"SUTURE, 0 SURGIDAC ENDO STITCH 48&quot;",PP-OR-1487
14073767,"STAPLER, GIA 80MM - 3.8MM",PP-OR-1487
14073768,"TROCAR, ENDO CLOSE",PP-OR-1487
14073769,"PURSTRING, DISP. 65 INST.",PP-OR-1487
14075169,"BAG, SPECIMEN RETRIEVAL 10MM",PP-OR-1487
14075215,"APPLIER, ENDO CLIP III 5MM",PP-OR-1487
14075216,"APPLIER, ENDO CLIP II MED/LARGE 10 MM 20 TI CLIPS",PP-OR-1487
14075217,"BAG, SPECIMEN RETRIEVAL 10MM",PP-OR-1487
14075218,"APPLIER, SURGICLIP III 9.0IN SMALL",PP-OR-1487
14075219,"ENDO STITCH, DISP 10MM",PP-OR-1487
14075221,"RELOAD, SIGNIA TRI-STAPLE 2.0 30 MM CURVED TIP ARTICULATING VASCULAR/MEDIUM",PP-OR-1487
14075222,"RELOAD, ENDO GIA 45MM TRISTAPLE ARTICULATING MED TAN",PP-OR-1487
14075223,"RELOAD, ENDO GIA ROT TRI-STAPLE 45MM EXTRA/THCK",PP-OR-1487
14075224,"RELOAD, ENDO GIA MED THICK PURPLE 45MM",PP-OR-1487
14075225,"RELOAD, ENDO GIA ARTICULATE TRI-STAPLE 60MM MED/THCK",PP-OR-1487
14076261,"STAPLER, TA 90-3.5",PP-OR-1487
14076264,"STAPLER, TA 90-3.5",PP-OR-1487
14076265,"STAPLER, TA 90-3.5",PP-OR-1487
14076433,"STAPLER, DST SERIES 28 MM W/ 4.8 MM STAPLE",PP-OR-1487
14076472,"RELOAD, ENDO GIA 45MM TRISTAPLE ARTICULATING MED TAN",PP-OR-1487
14076473,"RELOAD, ARTICULATING ENDO GIA TRISTAPLE MED TAN 60MM",PP-OR-1487
14076474,"RELOAD, ENDO GIA ARTICULATE TRI-STAPLE 60MM MED/THCK",PP-OR-1487
14076566,"TROCAR, ENDO CLOSE",PP-OR-1487
14076567,"STAPLER, GIA 80MM - 3.8MM",PP-OR-1487
14076568,"STAPLER, DST SERIES GIA 60MM - 3.8MM RELOADABLE",PP-OR-1487
14076570,"POUCH, SPECIMEN ENDOCATCH II 15MM",PP-OR-1487
14077638,"RELOAD, ARTICULATE ENDO GIA TRISTAPLE MED/THICK RE",PP-OR-1487
14077639,"STAPLER, SHELL SIGNIA POWER CONTROL",PP-OR-1487
14077641,"KIT, LAPAROSCOPIC ANTI-FOGGING CLEARIFY",PP-OR-1487
14077826,"STAPLER, DST SERIES 28 MM W/ 4.8 MM STAPLE",PP-OR-1487
14077828,"RELOAD, DST SERIES GIA 100MM - 3.8MM LOADING UNIT",PP-OR-1487
14077984,"STAPLER, TA 60MM - 4.8MM RELOADABLE",PP-OR-1487
14077985,"RELOAD, GIA 80MM - 3.8MM",PP-OR-1487
14077986,"TROCAR, ENDO CLOSE",PP-OR-1487
14078002,"HANDLE, ENDO GIA 12MM UNIVERSAL",PP-OR-1487
14078003,"HANDLE, GIA UNIVERSAL SHORT 12MM",PP-OR-1487
14078029,"HANDLE, ENDO GIA 12MM UNIVERSAL",PP-OR-1487
14078030,"APPLIER, ENDO CLIP III 5MM",PP-OR-1487
14078031,"STAPLER, TA 60-3.5",PP-OR-1487
14079317,"SCISSOR, METZENBAUM STRAIGHT 9 INCH - STERILE DISPOSABLE",PP-OR-1487
14079328,"RELOAD, DST SERIES GIA 100MM - 4.8MM LOADING UNIT",PP-OR-1487
14080348,"ADAPTER, SIGNIA POWER LINEAR XL",PP-OR-1487
14081273,"STAPLER, EEA XL 33MM W/ 4.8MM STAPLE",PP-OR-1487
14081274,"STAPLER, EEA XL 28MM W/ 4.8MM STAPLE",PP-OR-1487
14081275,"TROCAR, ENDO CLOSE",PP-OR-1487
14084409,"ADAPTER, SIGNIA POWER LINEAR XL",PP-OR-1487
14084410,"RELOAD, ARTICULATE ENDO GIA TRISTAPLE MED/THICK RE",PP-OR-1487
14084411,"STAPLER, SHELL SIGNIA POWER CONTROL",PP-OR-1487
14084643,"APPLIER, SURGICLIP III 9.0IN SMALL",PP-OR-1487
14086792,"STAPLER, GIA 80MM - 3.8MM",PP-OR-1487
14086894,"BAG, SPECIMEN RETRIEVAL 10MM",PP-OR-1487
14086895,"POUCH, SPECIMEN ENDOCATCH II 15MM",PP-OR-1487
14086930,"APPLIER, ENDOCLIP 10MM",PP-OR-1487
14086934,"TROCAR, ENDO CLOSE",PP-OR-1487
14086936,"BAG, SPECIMEN RETRIEVAL 10MM",PP-OR-1487
14086937,"POUCH, SPECIMEN ENDOCATCH II 15MM",PP-OR-1487
14086938,"SUTURE, 2-0 SURGIDAC ENDO STITCH 48IN",PP-OR-1487
14086939,"SCISSOR, LISTER BANDAGE 7-1/4 INCH - STERILE",PP-OR-1487
14086940,"SCISSOR, LISTER BANDAGE 7-1/4 INCH - STERILE",PP-OR-1487
14090984,"TROCAR, ENDO CLOSE",PP-OR-1487
14091019,"RELOAD, ENDO GIA 45MM TRISTAPLE ARTICULATING MED TAN",PP-OR-1487
14091020,"RELOAD, ENDO GIA MED THICK PURPLE 45MM",PP-OR-1487
14091021,"RELOAD, ARTICULATING ENDO GIA TRISTAPLE MED TAN 60MM",PP-OR-1487
14091093,"SCISSOR, METZENBAUM STRAIGHT 9 INCH - STERILE DISPOSABLE",PP-OR-1487
14092287,"STAPLER, SHELL SIGNIA POWER CONTROL",PP-OR-1487
14092465,"SCISSOR, ENDO SHEARS 5MM",PP-OR-1487
14092466,"SCISSOR, ENDO SHEARS 5MM",PP-OR-1487
14092467,"SCISSOR, ENDO SHEARS 5MM",PP-OR-1487
14092468,"SCISSOR, ENDO SHEARS 5MM",PP-OR-1487
14092472,"STAPLER, GIA 80MM - 3.8MM",PP-OR-1487
14093476,"RELOAD, ARTICULATE ENDO GIA TRISTAPLE MED/THICK RE",PP-OR-1487
14093477,"STAPLER, SHELL SIGNIA POWER CONTROL",PP-OR-1487
14093479,"KIT, LAPAROSCOPIC ANTI-FOGGING CLEARIFY",PP-OR-1487
14093481,"STAPLER, TA 90-3.5",PP-OR-1487
14093483,"STAPLER, TA 90-3.5",PP-OR-1487
14093484,"STAPLER, TA 90-3.5",PP-OR-1487
14094881,"RELOAD, SIGNIA 2.0 TRI-STAPLE 30 MED THK PURPLE 12MM",PP-OR-1487
14095006,"APPLIER, ENDO CLIP III 5MM",PP-OR-1487
14095007,"APPLIER, ENDO CLIP II MED/LARGE 10 MM 20 TI CLIPS",PP-OR-1487
14095008,"APPLIER, SURGICLIP III 9.0IN SMALL",PP-OR-1487
14095009,"HANDLE, ENDO GIA 12MM UNIVERSAL",PP-OR-1487
14095010,"RELOAD, ENDO GIA ROT VASCULAR MED TAN 45MM",PP-OR-1487
14095011,"RELOAD, ENDO GIA 45MM TRISTAPLE ARTICULATING MED TAN",PP-OR-1487
14095012,"RELOAD, ENDO GIA MED THICK PURPLE 45MM",PP-OR-1487
14095013,"RELOAD, ENDO GIA ARTICULATE TRI-STAPLE 60MM MED/THCK",PP-OR-1487
14095865,"STAPLER, EEA XL 31MM W/ 4.8MM STAPLE",PP-OR-1487
14096189,"BAG, SPECIMEN RETRIEVAL 10MM",PP-OR-1487
14096190,"PURSTRING, DISP. 65 INST.",PP-OR-1487
14096204,"ENDO STITCH, DISP 10MM",PP-OR-1487
14096205,"SUTURE, 0 SURGIDAC ENDO STITCH 48&quot;",PP-OR-1487
14096224,"STAPLER, ENDOGIA ULTRA UNIV 12MM XL",PP-OR-1487
14096225,"RELOAD, ENDO GIA 45MM TRISTAPLE ARTICULATING MED TAN",PP-OR-1487
14096226,"RELOAD, ENDO GIA MED THICK PURPLE 45MM",PP-OR-1487
14096246,"STAPLER, ENDOGIA ULTRA UNIV 12MM XL",PP-OR-1487
14098247,"HANDLE, ENDO GIA 12MM UNIVERSAL",PP-OR-1487
14098248,"RELOAD, ENDO GIA ARTICULATE TRI-STAPLE 60MM EXTRA/THCK",PP-OR-1487
14098249,"SUTURE, 0 SURGIDAC ENDO STITCH 48&quot;",PP-OR-1487
14099800,"APPLIER, ENDO CLIP II MED/LARGE 10 MM 20 TI CLIPS",PP-OR-1487
14099801,"APPLIER, SURGICLIP III 9.0IN SMALL",PP-OR-1487
14099802,"RELOAD, DST SERIES GIA 80MM - 4.8MM LOADING UNIT",PP-OR-1487
14099803,"RELOAD, GIA 80MM - 3.8MM",PP-OR-1487
14099804,"STAPLER, GIA 80MM - 3.8MM",PP-OR-1487
14099805,"TROCAR, ENDO CLOSE",PP-OR-1487
14099806,"PURSTRING, DISP. 65 INST.",PP-OR-1487
14099920,"HANDLE, ENDO GIA 12MM UNIVERSAL",PP-OR-1487
14099921,"RELOAD, ENDO GIA 45MM TRISTAPLE ARTICULATING MED TAN",PP-OR-1487
14099922,"RELOAD, ENDO GIA ARTICULATE TRI-STAPLE 60MM MED/THCK",PP-OR-1487
14099923,"RELOAD, ENDO GIA ARTICULATE TRI-STAPLE 60MM EXTRA/THCK",PP-OR-1487
14099924,"RELOAD, ARTICULATE ENDO GIA TRISTAPLE EXTRA/THICK",PP-OR-1487
14099925,"STAPLER, EEA XL 28MM W/ 4.8MM STAPLE",PP-OR-1487
14099926,"STAPLER, EEA XL 33MM W/ 4.8MM STAPLE",PP-OR-1487
14099927,"PURSTRING, DISP. 65 INST.",PP-OR-1487
14099928,"TROCAR, ENDO CLOSE",PP-OR-1487
14101017,"STAPLER, EEA XL 31MM W/ 4.8MM STAPLE",PP-OR-1487
14102805,"RELOAD, ENDO GIA ROT VASCULAR MED TAN 45MM",PP-OR-1487
14106025,"STAPLER, EEA XL 28MM W/ 4.8MM STAPLE",PP-OR-1487
14106026,"ENDO STITCH, DISP 10MM",PP-OR-1487
14106027,"SUTURE, 0 SURGIDAC ENDO STITCH 48&quot;",PP-OR-1487
14106126,"TROCAR, ENDO CLOSE",PP-OR-1487
14106127,"APPLIER, ENDO CLIP II MED/LARGE 10 MM 20 TI CLIPS",PP-OR-1487
14106129,"BAG, SPECIMEN RETRIEVAL 10MM",PP-OR-1487
14106130,"POUCH, SPECIMEN ENDOCATCH II 15MM",PP-OR-1487
14107321,"SCISSOR, IRIS STRAIGHT 4.5 INCH - STERILE-DSD",PP-OR-1487
14107340,"RELOAD, ENDO GIA ROT VASCULAR MED TAN 45MM",PP-OR-1487
14107466,"SCISSOR, LISTER BANDAGE 7-1/4 INCH - STERILE",PP-OR-1487
14108448,"KIT, LAPAROSCOPIC ANTI-FOGGING CLEARIFY",PP-OR-1487
14108650,"SCISSOR, IRIS STRAIGHT 4.5 INCH - STERILE-DSD",PP-OR-1487
14108702,"HANDLE, ENDO GIA 12MM UNIVERSAL",PP-OR-1487
14108703,"HANDLE, GIA UNIVERSAL SHORT 12MM",PP-OR-1487
14108704,"RELOAD, ENDO GIA 45MM CURVE TIP ART MED/THCK PURPL",PP-OR-1487
14108705,"RELOAD, ENDO GIA ROT VASCULAR MED TAN 45MM",PP-OR-1487
14108706,"RELOAD, ENDO GIA 45MM TRISTAPLE ARTICULATING MED TAN",PP-OR-1487
14108707,"RELOAD, ENDO GIA MED THICK PURPLE 45MM",PP-OR-1487
14108708,"RELOAD, ENDO GIA ARTICULATE TRI-STAPLE 60MM MED/THCK",PP-OR-1487
14108719,"BAG, SPECIMEN RETRIEVAL 10MM",PP-OR-1487
14108856,"BAG, SPECIMEN RETRIEVAL 10MM",PP-OR-1487
14108894,"RELOAD, GIA 80MM - 3.8MM",PP-OR-1487
14110275,"DUSTPAN, LOBBY WITH HANDLE - BLACK",PP-OR-1487
14111829,"HANDLE, ENDO GIA 12MM UNIVERSAL",PP-OR-1487
14111830,"RELOAD, ARTICULATING ENDO GIA TRISTAPLE MED TAN 60MM",PP-OR-1487
14111831,"APPLIER, ENDO CLIP II MED/LARGE 10 MM 20 TI CLIPS",PP-OR-1487
14111833,"HANDLE, ENDO GIA 12MM UNIVERSAL",PP-OR-1487
14111834,"RELOAD, ENDO GIA ARTICULATE TRI-STAPLE 60MM MED/THCK",PP-OR-1487
14112914,"BAG, SPECIMEN RETRIEVAL 10MM",PP-OR-1487
14112921,"APPLIER, ENDO CLIP II MED/LARGE 10 MM 20 TI CLIPS",PP-OR-1487
14112922,"APPLIER, SURGICLIP III 9.0IN SMALL",PP-OR-1487
14112923,"RELOAD, GIA 80MM - 3.8MM",PP-OR-1487
14112924,"STAPLER, GIA 80MM - 3.8MM",PP-OR-1487
14112925,"TROCAR, ENDO CLOSE",PP-OR-1487
14112944,"HANDLE, GIA UNIVERSAL SHORT 12MM",PP-OR-1487
14112945,"RELOAD, ARTICULATE ENDO GIA TRISTAPLE EXTRA/THICK",PP-OR-1487
14114078,"STAPLER, DST SERIES GIA 100MM - 3.8MM RELOADABLE",PP-OR-1487
14114192,"STAPLER, TA 30V-3 NON-ABS CLIP",PP-OR-1487
14114206,"APPLIER, ENDO CLIP II MED/LARGE 10 MM 20 TI CLIPS",PP-OR-1487
14114207,"ENDO STITCH, DISP 10MM",PP-OR-1487
14114208,"RELOAD, GIA 80MM - 3.8MM",PP-OR-1487
14115460,"HANDLE, ENDO GIA 12MM UNIVERSAL",PP-OR-1487
14115615,"HANDLE, ENDO GIA 12MM UNIVERSAL",PP-OR-1487
14115616,"HANDLE, GIA UNIVERSAL SHORT 12MM",PP-OR-1487
14115617,"RELOAD, ENDO GIA 45MM CURVE TIP ART MED/THCK PURPL",PP-OR-1487
14115618,"RELOAD, ENDO GIA MED THICK PURPLE 45MM",PP-OR-1487
14115619,"RELOAD, ENDO GIA ARTICULATE TRI-STAPLE 60MM MED/THCK",PP-OR-1487
14115620,"RELOAD, ENDO GIA ARTICULATE TRI-STAPLE 60MM EXTRA/THCK",PP-OR-1487
14115642,"APPLIER, ENDOCLIP 10MM",PP-OR-1487
14115643,"BAG, SPECIMEN RETRIEVAL 10MM",PP-OR-1487
14115644,"PURSTRING, DISP. 65 INST.",PP-OR-1487
14115645,"TROCAR, ENDO CLOSE",PP-OR-1487
14115675,"HANDLE, ENDO GIA 12MM UNIVERSAL",PP-OR-1487
14115676,"HANDLE, GIA UNIVERSAL SHORT 12MM",PP-OR-1487
14115677,"RELOAD, ENDO GIA 45MM TRISTAPLE ARTICULATING MED TAN",PP-OR-1487
14115678,"RELOAD, ENDO GIA ARTICULATE TRI-STAPLE 60MM EXTRA/THCK",PP-OR-1487
14115679,"RELOAD, GIA 80MM - 3.8MM",PP-OR-1487
14115680,"PURSTRING, DISP. 65 INST.",PP-OR-1487
14117009,"STAPLER, SHELL SIGNIA POWER CONTROL",PP-OR-1487
14118901,"DUSTPAN, LOBBY WITH HANDLE - BLACK",PP-OR-1487
14119288,"APPLIER, SURGICLIP III 9.0IN SMALL",PP-OR-1487
14119289,"TROCAR, ENDO CLOSE",PP-OR-1487
14119290,"APPLIER, ENDO CLIP III 5MM",PP-OR-1487
14119292,"POUCH, SPECIMEN ENDOCATCH II 15MM",PP-OR-1487
14119293,"STAPLER, ENDOGIA ULTRA UNIV 12MM XL",PP-OR-1487
14119294,"RELOAD, ENDO GIA MED THICK PURPLE 45MM",PP-OR-1487
14119295,"RELOAD, ARTICULATE ENDO GIA TRISTAPLE MED/THICK RE",PP-OR-1487
14119296,"RELOAD, ARTICULATE ENDO GIA TRISTAPLE EXTRA/THICK",PP-OR-1487
14119298,"APPLIER, SURGICLIP III 9.0IN SMALL",PP-OR-1487
14119299,"SUTURE, 0 SURGIDAC ENDO STITCH 48&quot;",PP-OR-1487
14119300,"PURSTRING, DISP. 65 INST.",PP-OR-1487
14119301,"HANDLE, ENDO GIA 12MM UNIVERSAL",PP-OR-1487
14122107,"STAPLER, SHELL SIGNIA POWER CONTROL",PP-OR-1487
14122343,"STAPLER, TA 60-3.5",PP-OR-1487
14122344,"CLIP, LAPROCLIP LIGATING CARTRIDGE ABSORB 12MM",PP-OR-1487
14122345,"TROCAR, ENDO CLOSE",PP-OR-1487
14122346,"SUTURE, 2-0 ENDO STITCH POLYSORB VIOLET 48INCH",PP-OR-1487
14122347,"RELOAD, ARTICULATING ENDO GIA TRISTAPLE MED TAN 60MM",PP-OR-1487
14122360,"BAG, SPECIMEN RETRIEVAL 10MM",PP-OR-1487
14122361,"POUCH, SPECIMEN ENDOCATCH II 15MM",PP-OR-1487
14123358,"RELOAD, ARTICULATE ENDO GIA TRISTAPLE MED/THICK RE",PP-OR-1487
14123570,"HANDLE, ENDO GIA 12MM UNIVERSAL",PP-OR-1487
14125195,"HANDLE, ENDO GIA 12MM UNIVERSAL",PP-OR-1487
14125228,"BAG, SPECIMEN RETRIEVAL 10MM",PP-OR-1487
14125229,"STAPLER, DST SERIES GIA 60MM - 3.8MM RELOADABLE",PP-OR-1487
14125254,"SUTURE, 2-0 ENDO STITCH POLYSORB VIOLET 48INCH",PP-OR-1487
14125255,"SUTURE, 2-0 SURGIDAC ENDO STITCH 48IN",PP-OR-1487
14125283,"STAPLER, GIA 80MM - 3.8MM",PP-OR-1487
14125287,"HANDLE, ENDO GIA 12MM UNIVERSAL",PP-OR-1487
14125288,"STAPLER, ENDOGIA ULTRA UNIV 12MM XL",PP-OR-1487
14128821,"KIT, LAPAROSCOPIC ANTI-FOGGING CLEARIFY",PP-OR-1487
14130938,"PURSTRING, DISP. 65 INST.",PP-OR-1487
14130939,"TROCAR, ENDO CLOSE",PP-OR-1487
14134911,"HANDLE, ENDO GIA 12MM UNIVERSAL",PP-OR-1487
14134912,"HANDLE, GIA UNIVERSAL SHORT 12MM",PP-OR-1487
14135014,"ENDO STITCH, DISP 10MM",PP-OR-1487
14135036,"SUTURE, 0 POLYSORB ENDO STITCH UNDYED ES-9 48",PP-OR-1487
14135037,"RELOAD, SIGNIA 2.0 TRI-STAPLE 30 VSCLR MED TAN 12MM",PP-OR-1487
14135038,"RELOAD, ARTICULATING ENDO GIA TRISTAPLE MED TAN 60MM",PP-OR-1487
14135039,"RELOAD, ARTICULATE ENDO GIA TRISTAPLE MED/THICK RE",PP-OR-1487
14135043,"RELOAD, TA 30MM - V3",PP-OR-1487
14135044,"APPLIER, ENDO CLIP III 5MM",PP-OR-1487
14135045,"APPLIER, ENDO CLIP II MED/LARGE 10 MM 20 TI CLIPS",PP-OR-1487
14135058,"SCISSOR, ENDO SHEARS 5MM",PP-OR-1487
14135060,"SCISSOR, ENDO SHEARS 5MM",PP-OR-1487
14135076,"SCISSOR, IRIS CURVED 4.5 INCH - DISP STERILE",PP-OR-1487
14135077,"SCISSOR, IRIS CURVED 4.5 INCH - DISP STERILE",PP-OR-1487
14136024,"RELOAD, ARTICULATE ENDO GIA TRISTAPLE MED/THICK RE",PP-OR-1487
14136027,"RELOAD, ARTICULATE ENDO GIA TRISTAPLE MED/THICK RE",PP-OR-1487
14136028,"RELOAD, ARTICULATE ENDO GIA TRISTAPLE MED/THICK RE",PP-OR-1487
14137857,"APPLIER, ENDO CLIP III 5MM",PP-OR-1487
14137858,"BAG, SPECIMEN RETRIEVAL 10MM",PP-OR-1487
14137859,"POUCH, SPECIMEN ENDOCATCH II 15MM",PP-OR-1487
14137860,"ENDO STITCH, DISP 10MM",PP-OR-1487
14137918,"TROCAR, ENDO CLOSE",PP-OR-1487
14137919,"STAPLER, EEA XL 28MM W/ 4.8MM STAPLE",PP-OR-1487
14138794,"STAPLER, SHELL SIGNIA POWER CONTROL",PP-OR-1487
14138797,"RELOAD, ARTICULATE ENDO GIA TRISTAPLE MED/THICK RE",PP-OR-1487
14139025,"HANDLE, ENDO GIA 12MM UNIVERSAL",PP-OR-1487
14139026,"RELOAD, SIGNIA TRI-STAPLE 2.0 30 MM CURVED TIP ARTICULATING VASCULAR/MEDIUM",PP-OR-1487
14140385,"STAPLER, DST SERIES 33 MM W/ 4.8 MM STAPLE",PP-OR-1487
14142837,"KIT, LAPAROSCOPIC ANTI-FOGGING CLEARIFY",PP-OR-1487
14143116,"STAPLER, TA 30V-3 NON-ABS CLIP",PP-OR-1487
14143117,"TROCAR, ENDO CLOSE",PP-OR-1487
14143122,"APPLIER, ENDO CLIP III 5MM",PP-OR-1487
14143123,"APPLIER, ENDO CLIP II MED/LARGE 10 MM 20 TI CLIPS",PP-OR-1487
14143124,"APPLIER, ENDOCLIP 10MM",PP-OR-1487
14143125,"ENDO STITCH, DISP 10MM",PP-OR-1487
14143128,"BAG, SPECIMEN RETRIEVAL 10MM",PP-OR-1487
14143129,"POUCH, SPECIMEN ENDOCATCH II 15MM",PP-OR-1487
14143136,"HANDLE, ENDO GIA 12MM UNIVERSAL",PP-OR-1487
14143137,"STAPLER, ENDOGIA ULTRA UNIV 12MM XL",PP-OR-1487
14143138,"RELOAD, ENDO GIA 45MM TRISTAPLE ARTICULATING MED TAN",PP-OR-1487
14143139,"RELOAD, ARTICULATE ENDO GIA TRISTAPLE MED/THICK RE",PP-OR-1487
14143145,"RELOAD, SIGNIA TRI-STAPLE 2.0 30 MM CURVED TIP ARTICULATING VASCULAR/MEDIUM",PP-OR-1487
14144472,"HANDLE, ENDO GIA 12MM UNIVERSAL",PP-OR-1487
14144476,"RELOAD, GIA 80MM - 3.8MM",PP-OR-1487
14145716,"APPLIER, ENDO CLIP III 5MM",PP-OR-1487
14145717,"RELOAD, GIA 80MM - 3.8MM",PP-OR-1487
14145718,"STAPLER, GIA 80MM - 3.8MM",PP-OR-1487
14145744,"STAPLER, EEA XL 28MM W/ 4.8MM STAPLE",PP-OR-1487
14145745,"STAPLER, EEA XL 33MM W/ 4.8MM STAPLE",PP-OR-1487
14145746,"PURSTRING, DISP. 65 INST.",PP-OR-1487
14145757,"HANDLE, ENDO GIA 12MM UNIVERSAL",PP-OR-1487
14145912,"BAG, SPECIMEN RETRIEVAL 10MM",PP-OR-1487
14145913,"STAPLER, GIA 80MM - 3.8MM",PP-OR-1487
14145914,"STAPLER, TA 60-3.5",PP-OR-1487
14145915,"APPLIER, SURGICLIP LRG 13.0 TIT",PP-OR-1487
14145916,"APPLIER, SURGICLIP III 9.0IN SMALL",PP-OR-1487
14145923,"HANDLE, ENDO GIA 12MM UNIVERSAL",PP-OR-1487
14145924,"HANDLE, GIA UNIVERSAL SHORT 12MM",PP-OR-1487
14145925,"RELOAD, SIGNIA TRI-STAPLE 2.0 30 MM CURVED TIP ARTICULATING VASCULAR/MEDIUM",PP-OR-1487
14145926,"RELOAD, ENDO GIA 45MM CURVE TIP ART MED/THCK PURPL",PP-OR-1487
14145927,"RELOAD, ENDO GIA ROT VASCULAR MED TAN 45MM",PP-OR-1487
14145928,"RELOAD, ENDO GIA 45MM TRISTAPLE ARTICULATING MED TAN",PP-OR-1487
14145929,"RELOAD, ENDO GIA MED THICK PURPLE 45MM",PP-OR-1487
14145930,"RELOAD, ENDO GIA ARTICULATE TRI-STAPLE 60MM MED/THCK",PP-OR-1487
14145931,"RELOAD, ENDO GIA ARTICULATE TRI-STAPLE 60MM EXTRA/THCK",PP-OR-1487
14145932,"SCISSOR, IRIS CURVED 4.5 INCH - DISP STERILE",PP-OR-1487
14145933,"SCISSOR, IRIS CURVED 4.5 INCH - DISP STERILE",PP-OR-1487
14147883,"RELOAD, ARTICULATE ENDO GIA TRISTAPLE MED/THICK RE",PP-OR-1487
14149771,"TROCAR, ENDO CLOSE",PP-OR-1487
14149772,"APPLIER, ENDOCLIP 10MM",PP-OR-1487
14149773,"BAG, SPECIMEN RETRIEVAL 10MM",PP-OR-1487
14149779,"APPLIER, ENDO CLIP III 5MM",PP-OR-1487
14149780,"APPLIER, ENDO CLIP II MED/LARGE 10 MM 20 TI CLIPS",PP-OR-1487
14149781,"APPLIER, ENDOCLIP 10MM",PP-OR-1487
14149783,"CLIP, LAPROCLIP LIGATING CARTRIDGE ABSORB 12MM",PP-OR-1487
14149784,"STAPLER, EEA XL 28MM W/ 4.8MM STAPLE",PP-OR-1487
14149785,"TROCAR, ENDO CLOSE",PP-OR-1487
14149877,"DUSTPAN, LOBBY WITH HANDLE - BLACK",PP-OR-1487
14150772,"HANDLE, ENDO GIA 12MM UNIVERSAL",PP-OR-1487
14150788,"HANDLE, ENDO GIA 12MM UNIVERSAL",PP-OR-1487
14150886,"SCISSOR, IRIS CURVED 4.5 INCH - DISP STERILE",PP-OR-1487
14150887,"SCISSOR, IRIS CURVED 4.5 INCH - DISP STERILE",PP-OR-1487
14152057,"STAPLER, TA 90-3.5",PP-OR-1487
14152299,"BAG, SPECIMEN RETRIEVAL 10MM",PP-OR-1487
14152300,"RELOAD, GIA 80MM - 3.8MM",PP-OR-1487
14152301,"STAPLER, GIA 80MM - 3.8MM",PP-OR-1487
14152302,"TROCAR, ENDO CLOSE",PP-OR-1487
14152303,"PURSTRING, DISP. 65 INST.",PP-OR-1487
14152319,"RELOAD, SIGNIA TRI-STAPLE 2.0 30 MM CURVED TIP ARTICULATING VASCULAR/MEDIUM",PP-OR-1487
14152320,"RELOAD, ENDO GIA ROT VASCULAR MED TAN 45MM",PP-OR-1487
14152467,"APPLIER, SURGICLIP III 9.0IN SMALL",PP-OR-1487
14152468,"APPLIER, SURGICLIP LRG 13.0 TIT",PP-OR-1487
14152471,"HANDLE, GIA UNIVERSAL SHORT 12MM",PP-OR-1487
14152472,"RELOAD, SIGNIA TRI-STAPLE 2.0 30 MM CURVED TIP ARTICULATING VASCULAR/MEDIUM",PP-OR-1487
14152473,"RELOAD, ENDO GIA 45MM TRISTAPLE ARTICULATING MED TAN",PP-OR-1487
14152474,"RELOAD, ENDO GIA ARTICULATE TRI-STAPLE 60MM MED/THCK",PP-OR-1487
14152481,"SCISSOR, IRIS CURVED 4.5 INCH - DISP STERILE",PP-OR-1487
14152482,"SCISSOR, IRIS CURVED 4.5 INCH - DISP STERILE",PP-OR-1487
14152483,"SCISSOR, IRIS CURVED 4.5 INCH - DISP STERILE",PP-OR-1487
14152484,"SCISSOR, IRIS CURVED 4.5 INCH - DISP STERILE",PP-OR-1487
14153381,"ADAPTER, SIGNIA POWER LINEAR STANDARD",PP-OR-1487
14159209,"RELOAD, ENDO GIA 45MM TRISTAPLE ARTICULATING MED TAN",PP-OR-1487
14159211,"RELOAD, GIA 80MM - 3.8MM",PP-OR-1487
14159212,"STAPLER, GIA 80MM - 3.8MM",PP-OR-1487
14159245,"APPLIER, ENDO CLIP III 5MM",PP-OR-1487
14159252,"BAG, SPECIMEN RETRIEVAL 10MM",PP-OR-1487
14159253,"RELOAD, GIA 80MM - 3.8MM",PP-OR-1487
14159254,"STAPLER, GIA 80MM - 3.8MM",PP-OR-1487
14159255,"STAPLER, TA 60-3.5",PP-OR-1487
14159262,"SCISSOR, IRIS STRAIGHT 4.5 INCH - STERILE-DSD",PP-OR-1487
14160294,"SCISSOR, IRIS CURVED 4.5 INCH - DISP STERILE",PP-OR-1487
14160295,"SCISSOR, IRIS CURVED 4.5 INCH - DISP STERILE",PP-OR-1487
14161499,"RELOAD, ENDO GIA ROT VASCULAR MED TAN 45MM",PP-OR-1487
14163093,"HANDLE, ENDO GIA 12MM UNIVERSAL",PP-OR-1487
14163094,"RELOAD, SIGNIA TRI-STAPLE 2.0 30 MM CURVED TIP ARTICULATING VASCULAR/MEDIUM",PP-OR-1487
14163202,"RELOAD, ENDO GIA 45MM TRISTAPLE ARTICULATING MED TAN",PP-OR-1487
14163203,"RELOAD, ENDO GIA ARTICULATE TRI-STAPLE 60MM EXTRA/THCK",PP-OR-1487
14165538,"SCISSOR, IRIS STRAIGHT 4.5 INCH - STERILE",PP-OR-1487
14166734,"STAPLER, EEA XL 28MM W/ 4.8MM STAPLE",PP-OR-1487
14166735,"STAPLER, EEA XL 33MM W/ 4.8MM STAPLE",PP-OR-1487
14166736,"PURSTRING, DISP. 65 INST.",PP-OR-1487
14166745,"APPLIER, SURGICLIP 11.5IN MED",PP-OR-1487
14167660,"ADAPTER, SIGNIA POWER LINEAR SHORT",PP-OR-1487
14167896,"BAG, SPECIMEN RETRIEVAL 10MM",PP-OR-1487
14169028,"STAPLER, SHELL SIGNIA POWER CONTROL",PP-OR-1487
14169764,"RELOAD, GIA 80MM - 3.8MM",PP-OR-1487
14169765,"STAPLER, GIA 80MM - 3.8MM",PP-OR-1487
14169766,"TROCAR, ENDO CLOSE",PP-OR-1487
14169797,"HANDLE, ENDO GIA 12MM UNIVERSAL",PP-OR-1487
14169819,"HANDLE, ENDO GIA 12MM UNIVERSAL",PP-OR-1487
14169820,"RELOAD, SIGNIA TRI-STAPLE 2.0 30 MM CURVED TIP ARTICULATING VASCULAR/MEDIUM",PP-OR-1487
14169821,"RELOAD, ENDO GIA 45MM TRISTAPLE ARTICULATING MED TAN",PP-OR-1487
14169822,"RELOAD, ENDO GIA MED THICK PURPLE 45MM",PP-OR-1487
14169823,"RELOAD, ENDO GIA ARTICULATE TRI-STAPLE 60MM MED/THCK",PP-OR-1487
14169831,"APPLIER, SURGICLIP LRG 13.0 TIT",PP-OR-1487
14169873,"APPLIER, SURGICLIP LRG 13.0 TIT",PP-OR-1487
14169874,"RELOAD, GIA 80MM - 3.8MM",PP-OR-1487
14169875,"STAPLER, GIA 80MM - 3.8MM",PP-OR-1487
14169876,"HANDLE, ENDO GIA 12MM UNIVERSAL",PP-OR-1487
14169877,"RELOAD, ENDO GIA 45MM TRISTAPLE ARTICULATING MED TAN",PP-OR-1487
14169878,"RELOAD, ENDO GIA MED THICK PURPLE 45MM",PP-OR-1487
14170773,"KIT, LAPAROSCOPIC ANTI-FOGGING CLEARIFY",PP-OR-1487
14170774,"STAPLER, SHELL SIGNIA POWER CONTROL",PP-OR-1487
14177355,"APPLIER, ENDO CLIP II MED/LARGE 10 MM 20 TI CLIPS",PP-OR-1487
14177356,"APPLIER, ENDOCLIP 10MM",PP-OR-1487
14178843,"RELOAD, SIGNIA TRI-STAPLE 2.0 30 MM CURVED TIP ARTICULATING VASCULAR/MEDIUM",PP-OR-1487
14178844,"APPLIER, SURGICLIP III 9.0IN SMALL",PP-OR-1487
14180174,"BAG, SPECIMEN RETRIEVAL 10MM",PP-OR-1487
14180284,"RELOAD, ENDO GIA ARTICULATE TRI-STAPLE 60MM MED/THCK",PP-OR-1487
14181296,"PURSTRING, DISP. 65 INST.",PP-OR-1487
14181932,"STAPLER, TA 90-3.5",PP-OR-1487
14182476,"SCISSORS, BANDAGE 5 1/2IN",PP-OR-1487
14182550,"HANDLE, ENDO GIA 12MM UNIVERSAL",PP-OR-1487
14184682,"APPLIER, SURGICLIP III 9.0IN SMALL",PP-OR-1487
14184756,"CLIP, LAPROCLIP LIGATING CARTRIDGE ABSORB 12MM",PP-OR-1487
14186013,"HANDLE, ENDO GIA 12MM UNIVERSAL",PP-OR-1487
14186014,"HANDLE, GIA UNIVERSAL SHORT 12MM",PP-OR-1487
14186015,"RELOAD, SIGNIA TRI-STAPLE 2.0 30 MM CURVED TIP ARTICULATING VASCULAR/MEDIUM",PP-OR-1487
14186016,"RELOAD, ENDO GIA 45MM CURVE TIP ART MED/THCK PURPL",PP-OR-1487
14186017,"RELOAD, ENDO GIA 45MM TRISTAPLE ARTICULATING MED TAN",PP-OR-1487
14186018,"RELOAD, ENDO GIA ARTICULATE TRI-STAPLE 60MM EXTRA/THCK",PP-OR-1487
14186035,"APPLIER, SURGICLIP III 9.0IN SMALL",PP-OR-1487
14186036,"APPLIER, SURGICLIP LRG 13.0 TIT",PP-OR-1487
14186037,"BAG, SPECIMEN RETRIEVAL 10MM",PP-OR-1487
14186038,"STAPLER, GIA 80MM - 3.8MM",PP-OR-1487
14186039,"PURSTRING, DISP. 65 INST.",PP-OR-1487
14186040,"TROCAR, ENDO CLOSE",PP-OR-1487
14186103,"APPLIER, ENDO CLIP II MED/LARGE 10 MM 20 TI CLIPS",PP-OR-1487
14186259,"SCISSOR, LISTER BANDAGE 7-1/4 INCH - STERILE",PP-OR-1487
14186260,"SCISSOR, LISTER BANDAGE 7-1/4 INCH - STERILE",PP-OR-1487
14187585,"SCISSORS, MG UNIVERSAL RED 180MM-DSD",PP-OR-1487
14188459,"KIT, LAPAROSCOPIC ANTI-FOGGING CLEARIFY",PP-OR-1487
14189733,"SCISSORS, BANDAGE 5 1/2IN",PP-OR-1487
14192270,"STAPLER, DST SERIES GIA 100MM - 4.8MM RELOADABLE",PP-OR-1487
14193437,"TROCAR, ENDO CLOSE",PP-OR-1487
14193438,"APPLIER, ENDO CLIP II MED/LARGE 10 MM 20 TI CLIPS",PP-OR-1487
14193439,"BAG, SPECIMEN RETRIEVAL 10MM",PP-OR-1487
14193446,"CLIP, LAPROCLIP LIGATING CARTRIDGE ABSORB 12MM",PP-OR-1487
14193463,"HANDLE, ENDO GIA 12MM UNIVERSAL",PP-OR-1487
14193464,"HANDLE, GIA UNIVERSAL SHORT 12MM",PP-OR-1487
14193465,"RELOAD, ENDO GIA ROT VASCULAR MED TAN 45MM",PP-OR-1487
14193466,"RELOAD, ENDO GIA 45MM TRISTAPLE ARTICULATING MED TAN",PP-OR-1487
14193467,"RELOAD, ENDO GIA ARTICULATE TRI-STAPLE 60MM MED/THCK",PP-OR-1487
14193468,"HANDLE, ENDO GIA 12MM UNIVERSAL",PP-OR-1487
14193569,"APPLIER, ENDO CLIP III 5MM",PP-OR-1487
14193570,"BAG, SPECIMEN RETRIEVAL 10MM",PP-OR-1487
14193571,"TROCAR, ENDO CLOSE",PP-OR-1487
14198925,"RELOAD, GIA 80MM - 3.8MM",PP-OR-1487
14198926,"STAPLER, GIA 80MM - 3.8MM",PP-OR-1487
14198927,"STAPLER, DST SERIES GIA 60MM - 3.8MM RELOADABLE",PP-OR-1487
14200252,"BAG, SPECIMEN RETRIEVAL 10MM",PP-OR-1487
14201299,"APPLIER, SURGICLIP 11.5IN MED",PP-OR-1487
14207339,"STAPLER, TA 90-3.5",PP-OR-1487
14210220,"APPLIER, ENDO CLIP III 5MM",PP-OR-1487
14210221,"APPLIER, ENDO CLIP II MED/LARGE 10 MM 20 TI CLIPS",PP-OR-1487
14210222,"APPLIER, SURGICLIP III 9.0IN SMALL",PP-OR-1487
14212894,"APPLIER, ENDO CLIP II MED/LARGE 10 MM 20 TI CLIPS",PP-OR-1487
14212896,"BAG, SPECIMEN RETRIEVAL 10MM",PP-OR-1487
14217423,"PURSTRING, DISP. 65 INST.",PP-OR-1487
14217424,"APPLIER, ENDO CLIP III 5MM",PP-OR-1487
14217425,"APPLIER, ENDO CLIP II MED/LARGE 10 MM 20 TI CLIPS",PP-OR-1487
14217426,"APPLIER, ENDOCLIP 10MM",PP-OR-1487
14217427,"SUTURE, 0 POLYSORB ENDO STITCH UNDYED ES-9 48",PP-OR-1487
14218039,"KIT, LAPAROSCOPIC ANTI-FOGGING CLEARIFY",PP-OR-1487
14218040,"STAPLER, SHELL SIGNIA POWER CONTROL",PP-OR-1487
14219817,"BAG, SPECIMEN RETRIEVAL 10MM",PP-OR-1487
14219818,"RELOAD, GIA 80MM - 3.8MM",PP-OR-1487
14219819,"STAPLER, GIA 80MM - 3.8MM",PP-OR-1487
14219932,"APPLIER, SURGICLIP MED 9.75",PP-OR-1487
14223012,"RELOAD, ENDO GIA ROT VASCULAR MED TAN 45MM",PP-OR-1487
14224033,"SUTURE, 0 POLYSORB ENDO STITCH UNDYED ES-9 48",PP-OR-1487
14224039,"APPLIER, ENDO CLIP III 5MM",PP-OR-1487
14224040,"APPLIER, ENDO CLIP II MED/LARGE 10 MM 20 TI CLIPS",PP-OR-1487
14224041,"ENDO STITCH, DISP 10MM",PP-OR-1487
14224044,"RELOAD, GIA 80MM - 3.8MM",PP-OR-1487
14224045,"STAPLER, GIA 80MM - 3.8MM",PP-OR-1487
14224047,"POUCH, SPECIMEN ENDOCATCH II 15MM",PP-OR-1487
14226911,"APPLIER, ENDO CLIP II MED/LARGE 10 MM 20 TI CLIPS",PP-OR-1487
14226912,"APPLIER, SURGICLIP 11.5IN MED",PP-OR-1487
14226913,"BAG, SPECIMEN RETRIEVAL 10MM",PP-OR-1487
14226914,"PURSTRING, DISP. 65 INST.",PP-OR-1487
14226915,"TROCAR, ENDO CLOSE",PP-OR-1487
14226916,"APPLIER, SURGICLIP III 9.0IN SMALL",PP-OR-1487
14227246,"KIT, LAPAROSCOPIC ANTI-FOGGING CLEARIFY",PP-OR-1487
14227363,"SCISSORS,BANDAGE,STERILE,7.25&quot;",PP-OR-1487
14227638,"KIT, LAPAROSCOPIC ANTI-FOGGING CLEARIFY",PP-OR-1487
14231005,"SCISSORS, OPERATING 5-1/2 INCH SS - STERILE",PP-OR-1487
14231337,"SCISSORS, BANDAGE 5 1/2IN",PP-OR-1487
14232207,"TROCAR, ENDO CLOSE",PP-OR-1487
14232208,"HANDLE, ENDO GIA 12MM UNIVERSAL",PP-OR-1487
14232209,"HANDLE, GIA UNIVERSAL SHORT 12MM",PP-OR-1487
14232210,"RELOAD, ARTICULATING ENDO GIA TRISTAPLE MED TAN 60MM",PP-OR-1487
14234590,"APPLIER, ENDO CLIP III 5MM",PP-OR-1487
14234670,"STAPLER, DST SERIES GIA 60MM - 3.8MM RELOADABLE",PP-OR-1487
14234671,"DEVICE, ORVIL EEA DTS SERIES 25MM",PP-OR-1487
14235432,"HANDLE, ENDO GIA 12MM UNIVERSAL",PP-OR-1487
14235433,"HANDLE, GIA UNIVERSAL SHORT 12MM",PP-OR-1487
14235434,"RELOAD, ENDO GIA MED THICK PURPLE 45MM",PP-OR-1487
14235471,"BAG, SPECIMEN RETRIEVAL 10MM",PP-OR-1487
14235472,"RELOAD, GIA 80MM - 3.8MM",PP-OR-1487
14235473,"STAPLER, GIA 80MM - 3.8MM",PP-OR-1487
14235474,"SCISSOR, ENDO SHEARS 5MM",PP-OR-1487
14236905,"STAPLER, ENDOGIA ULTRA UNIV 12MM XL",PP-OR-1487
14236907,"STAPLER, ENDOGIA ULTRA UNIV 12MM XL",PP-OR-1487
14236908,"STAPLER, ENDOGIA ULTRA UNIV 12MM XL",PP-OR-1487
14237497,"RELOAD, ARTICULATE ENDO GIA TRISTAPLE MED/THICK RE",PP-OR-1487
14237695,"HANDLE, GIA UNIVERSAL SHORT 12MM",PP-OR-1487
14238380,"STAPLER, DST SERIES 28 MM W/ 4.8 MM STAPLE",PP-OR-1487
14238427,"APPLIER, ENDO CLIP III 5MM",PP-OR-1487
14238428,"SUTURE, 0 SURGIDAC ENDO STITCH 48&quot;",PP-OR-1487
14238429,"SUTURE, 0 POLYSORB ENDO STITCH UNDYED ES-9 48",PP-OR-1487
14238436,"RELOAD, ENDO GIA ROT VASCULAR MED TAN 45MM",PP-OR-1487
14238447,"APPLIER, ENDO CLIP II MED/LARGE 10 MM 20 TI CLIPS",PP-OR-1487
14239111,"STAPLER, EEA XL 31MM W/ 4.8MM STAPLE",PP-OR-1487
14239371,"HANDLE, ENDO GIA 12MM UNIVERSAL",PP-OR-1487
14239372,"RELOAD, ENDO GIA 45MM CURVE TIP ART MED/THCK PURPL",PP-OR-1487
14239373,"RELOAD, ENDO GIA ROT VASCULAR MED TAN 45MM",PP-OR-1487
14239374,"RELOAD, ENDO GIA ARTICULATE TRI-STAPLE 60MM MED/THCK",PP-OR-1487
14239375,"RELOAD, ARTICULATING ENDO GIA TRISTAPLE MED TAN 60MM",PP-OR-1487
14239384,"STAPLER, TA 30V-3 NON-ABS CLIP",PP-OR-1487
14239385,"BAG, SPECIMEN RETRIEVAL 10MM",PP-OR-1487
14239386,"RELOAD, SIGNIA VASCULAR SM DIA CURVED TIP 30MM",PP-OR-1487
14239411,"STAPLER, GIA 80MM - 3.8MM",PP-OR-1487
14239412,"RELOAD, ENDO GIA ROT VASCULAR MED TAN 45MM",PP-OR-1487
14240225,"STAPLER, DST SERIES 28 MM W/ 4.8 MM STAPLE",PP-OR-1487
14240226,"RELOAD, ARTICULATE ENDO GIA TRISTAPLE EXTRA/THICK",PP-OR-1487
14240228,"BAG, SPECIMEN RETRIEVAL 10MM",PP-OR-1487
14243176,"PURSTRING, DISP. 65 INST.",PP-OR-1487
14243177,"ENDO STITCH, DISP 10MM",PP-OR-1487
14243178,"RETRACTOR, ENDO PADDLE - 12MM",PP-OR-1487
14243515,"STAPLER, DST SERIES 33 MM W/ 4.8 MM STAPLE",PP-OR-1487
14244296,"STAPLER, SHELL SIGNIA POWER CONTROL",PP-OR-1487
14244297,"KIT, LAPAROSCOPIC ANTI-FOGGING CLEARIFY",PP-OR-1487
14244298,"KIT, LAPAROSCOPIC ANTI-FOGGING CLEARIFY",PP-OR-1487
14244299,"KIT, LAPAROSCOPIC ANTI-FOGGING CLEARIFY",PP-OR-1487
14244300,"KIT, LAPAROSCOPIC ANTI-FOGGING CLEARIFY",PP-OR-1487
14244427,"HANDLE, GIA UNIVERSAL SHORT 12MM",PP-OR-1487
14244428,"RELOAD, ARTICULATING ENDO GIA TRISTAPLE MED TAN 60MM",PP-OR-1487
14244504,"STAPLER, GIA 80MM - 3.8MM",PP-OR-1487
14244505,"STAPLER, EEA XL 28MM W/ 4.8MM STAPLE",PP-OR-1487
14244506,"PURSTRING, DISP. 65 INST.",PP-OR-1487
14245277,"KIT, LAPAROSCOPIC ANTI-FOGGING CLEARIFY",PP-OR-1487
14245279,"STAPLER, SHELL SIGNIA POWER CONTROL",PP-OR-1487
14245433,"RELOAD, ENDO GIA ROT VASCULAR MED TAN 45MM",PP-OR-1487
14246424,"STAPLER, SHELL SIGNIA POWER CONTROL",PP-OR-1487
14246603,"RELOAD, ENDO GIA MED THICK PURPLE 45MM",PP-OR-1487
14246604,"RELOAD, ARTICULATE ENDO GIA TRISTAPLE EXTRA/THICK",PP-OR-1487
14246612,"HANDLE, ENDO GIA 12MM UNIVERSAL",PP-OR-1487
14246814,"APPLIER, ENDO CLIP III 5MM",PP-OR-1487
14246815,"APPLIER, ENDO CLIP II MED/LARGE 10 MM 20 TI CLIPS",PP-OR-1487
14246816,"APPLIER, ENDOCLIP 10MM",PP-OR-1487
14246817,"APPLIER, SURGICLIP III 9.0IN SMALL",PP-OR-1487
14246818,"APPLIER, SURGICLIP LRG 13.0 TIT",PP-OR-1487
14246819,"BAG, SPECIMEN RETRIEVAL 10MM",PP-OR-1487
14246834,"HANDLE, ENDO GIA 12MM UNIVERSAL",PP-OR-1487
14246835,"RELOAD, ENDO GIA ARTICULATE TRI-STAPLE 60MM MED/THCK",PP-OR-1487
14246860,"RELOAD, ENDO GIA 45MM CURVE TIP ART MED/THCK PURPL",PP-OR-1487
14246874,"RELOAD, ENDO GIA ARTICULATE TRI-STAPLE 60MM MED/THCK",PP-OR-1487
14247729,"STAPLER, SHELL SIGNIA POWER CONTROL",PP-OR-1487
14249273,"STAPLER, GIA 80MM - 3.8MM",PP-OR-1487
14249274,"PURSTRING, DISP. 65 INST.",PP-OR-1487
14249281,"HANDLE, ENDO GIA 12MM UNIVERSAL",PP-OR-1487
14249282,"RELOAD, ENDO GIA ARTICULATE TRI-STAPLE 60MM MED/THCK",PP-OR-1487
14249283,"RELOAD, ENDO GIA ARTICULATE TRI-STAPLE 60MM EXTRA/THCK",PP-OR-1487
14249284,"TROCAR, ENDO CLOSE",PP-OR-1487
14249285,"STAPLER, GIA 80MM - 3.8MM",PP-OR-1487
14249286,"BAG, SPECIMEN RETRIEVAL 10MM",PP-OR-1487
14250118,"HANDLE, ENDO GIA 12MM UNIVERSAL",PP-OR-1487
14251304,"STAPLER, DST SERIES 28 MM W/ 4.8 MM STAPLE",PP-OR-1487
14251435,"TROCAR, ENDO CLOSE",PP-OR-1487
14251436,"SUTURE, 0 SURGIDAC ENDO STITCH 48&quot;",PP-OR-1487
14251437,"SUTURE, 0 POLYSORB ENDO STITCH UNDYED ES-9 48",PP-OR-1487
14251438,"POUCH, SPECIMEN ENDOCATCH II 15MM",PP-OR-1487
14251443,"RELOAD, ENDO GIA 45MM TRISTAPLE ARTICULATING MED TAN",PP-OR-1487
14251444,"HANDLE, ENDO GIA 12MM UNIVERSAL",PP-OR-1487
14251445,"APPLIER, SURGICLIP LRG 13.0 TIT",PP-OR-1487
14251446,"SCISSOR, ENDO SHEARS 5MM",PP-OR-1487
14251447,"SUTURE, 0 SURGIDAC ENDO STITCH 48&quot;",PP-OR-1487
14251448,"TROCAR, ENDO CLOSE",PP-OR-1487
14251451,"RELOAD, ENDO GIA ROT VASCULAR MED TAN 45MM",PP-OR-1487
14252918,"APPLIER, ENDO CLIP II MED/LARGE 10 MM 20 TI CLIPS",PP-OR-1487
14252919,"BAG, SPECIMEN RETRIEVAL 10MM",PP-OR-1487
14252920,"RELOAD, GIA 80MM - 3.8MM",PP-OR-1487
14252921,"TROCAR, ENDO CLOSE",PP-OR-1487
14254541,"DEVICE, ORVIL EEA DTS SERIES 25MM",PP-OR-1487
14260481,"STAPLER, GIA 80MM - 3.8MM",PP-OR-1487
14260482,"TROCAR, ENDO CLOSE",PP-OR-1487
14260509,"HANDLE, ENDO GIA 12MM UNIVERSAL",PP-OR-1487
14260510,"STAPLER, ENDOGIA ULTRA UNIV 12MM XL",PP-OR-1487
14260511,"RELOAD, ENDO GIA 45MM TRISTAPLE ARTICULATING MED TAN",PP-OR-1487
14260611,"APPLIER, SURGICLIP III 9.0IN SMALL",PP-OR-1487
14260612,"POUCH, SPECIMEN ENDOCATCH II 15MM",PP-OR-1487
14260613,"RELOAD, GIA 80MM - 3.8MM",PP-OR-1487
14260614,"TROCAR, ENDO CLOSE",PP-OR-1487
14262535,"APPLIER, SURGICLIP III 9.0IN SMALL",PP-OR-1487
14262622,"APPLIER, SURGICLIP III 9.0IN SMALL",PP-OR-1487
14262640,"RELOAD, ENDO GIA ROT VASCULAR MED TAN 45MM",PP-OR-1487
14262641,"RELOAD, ARTICULATING ENDO GIA TRISTAPLE MED TAN 60MM",PP-OR-1487
14262675,"RELOAD, ENDO GIA ARTICULATE TRI-STAPLE 60MM EXTRA/THCK",PP-OR-1487
14262690,"BAG, SPECIMEN RETRIEVAL 10MM",PP-OR-1487
14262691,"RELOAD, GIA 80MM - 3.8MM",PP-OR-1487
14262692,"STAPLER, GIA 80MM - 3.8MM",PP-OR-1487
14262693,"STAPLER, EEA XL 28MM W/ 4.8MM STAPLE",PP-OR-1487
14262694,"STAPLER, EEA XL 33MM W/ 4.8MM STAPLE",PP-OR-1487
14262695,"PURSTRING, DISP. 65 INST.",PP-OR-1487
14262696,"HANDLE, ENDO GIA 12MM UNIVERSAL",PP-OR-1487
14262697,"HANDLE, GIA UNIVERSAL SHORT 12MM",PP-OR-1487
14262698,"RELOAD, ENDO GIA 45MM TRISTAPLE ARTICULATING MED TAN",PP-OR-1487
14262699,"RELOAD, ENDO GIA ARTICULATE TRI-STAPLE 60MM MED/THCK",PP-OR-1487
14262700,"RELOAD, ENDO GIA ARTICULATE TRI-STAPLE 60MM EXTRA/THCK",PP-OR-1487
14262704,"APPLIER, ENDOCLIP 10MM",PP-OR-1487
14264381,"STAPLER, EEA XL 31MM W/ 4.8MM STAPLE",PP-OR-1487
14264973,"RELOAD, ENDO GIA 45MM CURVE TIP ART MED/THCK PURPL",PP-OR-1487
14264974,"RELOAD, DST SERIES GIA 100MM - 3.8MM LOADING UNIT",PP-OR-1487
14265016,"HANDLE, ENDO GIA 12MM UNIVERSAL",PP-OR-1487
14265017,"HANDLE, GIA UNIVERSAL SHORT 12MM",PP-OR-1487
14265018,"RELOAD, SIGNIA TRI-STAPLE 2.0 30 MM CURVED TIP ARTICULATING VASCULAR/MEDIUM",PP-OR-1487
14265019,"RELOAD, ENDO GIA 45MM CURVE TIP ART MED/THCK PURPL",PP-OR-1487
14265020,"RELOAD, ENDO GIA 45MM TRISTAPLE ARTICULATING MED TAN",PP-OR-1487
14265021,"RELOAD, ENDO GIA ARTICULATE TRI-STAPLE 60MM MED/THCK",PP-OR-1487
14265025,"STAPLER, TA 30V-3 NON-ABS CLIP",PP-OR-1487
14265026,"APPLIER, ENDO CLIP III 5MM",PP-OR-1487
14265027,"APPLIER, ENDO CLIP II MED/LARGE 10 MM 20 TI CLIPS",PP-OR-1487
14265028,"APPLIER, ENDOCLIP 10MM",PP-OR-1487
14265935,"SUTURE, 2-0 VLOC ABSORABLE ENDOSTITCH RELOAD 6IN GRN",PP-OR-1487
14265936,"STAPLER, SHELL SIGNIA POWER CONTROL",PP-OR-1487
14266209,"SUTURE, 0 SURGIDAC ENDO STITCH 48&quot;",PP-OR-1487
14266211,"SCISSOR, ENDO SHEARS 5MM",PP-OR-1487
14266272,"APPLIER, ENDOCLIP 10MM",PP-OR-1487
14266273,"ENDO STITCH, DISP 10MM",PP-OR-1487
14266277,"SUTURE, 0 POLYSORB ENDO STITCH UNDYED ES-9 48",PP-OR-1487
14266279,"STAPLER, ENDOGIA ULTRA UNIV 12MM XL",PP-OR-1487
14266280,"RELOAD, ENDO GIA ROT VASCULAR MED TAN 45MM",PP-OR-1487
14266281,"RELOAD, ARTICULATING ENDO GIA TRISTAPLE MED TAN 60MM",PP-OR-1487
14267164,"RELOAD, ARTICULATE ENDO GIA TRISTAPLE MED/THICK RE",PP-OR-1487
14267165,"STAPLER, SHELL SIGNIA POWER CONTROL",PP-OR-1487
14267168,"KIT, LAPAROSCOPIC ANTI-FOGGING CLEARIFY",PP-OR-1487
14268606,"APPLIER, SURGICLIP III 9.0IN SMALL",PP-OR-1487
14268607,"RELOAD, GIA 80MM - 3.8MM",PP-OR-1487
14268608,"STAPLER, GIA 80MM - 3.8MM",PP-OR-1487
14268609,"RELOAD, ENDO GIA 45MM CURVE TIP ART MED/THCK PURPL",PP-OR-1487
14268610,"RELOAD, ENDO GIA ROT VASCULAR MED TAN 45MM",PP-OR-1487
14268611,"RELOAD, ENDO GIA 45MM TRISTAPLE ARTICULATING MED TAN",PP-OR-1487
14268612,"RELOAD, ENDO GIA ARTICULATE TRI-STAPLE 60MM MED/THCK",PP-OR-1487
14268613,"RELOAD, ENDO GIA ARTICULATE TRI-STAPLE 60MM EXTRA/THCK",PP-OR-1487
14268722,"APPLIER, ENDO CLIP II MED/LARGE 10 MM 20 TI CLIPS",PP-OR-1487
14268723,"PURSTRING, DISP. 65 INST.",PP-OR-1487
14268724,"TROCAR, ENDO CLOSE",PP-OR-1487
14268725,"HANDLE, ENDO GIA 12MM UNIVERSAL",PP-OR-1487
14268726,"STAPLER, ENDOGIA ULTRA UNIV 12MM XL",PP-OR-1487
14268727,"HANDLE, GIA UNIVERSAL SHORT 12MM",PP-OR-1487
14268728,"RELOAD, SIGNIA TRI-STAPLE 2.0 30 MM CURVED TIP ARTICULATING VASCULAR/MEDIUM",PP-OR-1487
14268729,"RELOAD, ENDO GIA 45MM CURVE TIP ART MED/THCK PURPL",PP-OR-1487
14268730,"RELOAD, ENDO GIA ROT VASCULAR MED TAN 45MM",PP-OR-1487
14268731,"RELOAD, ENDO GIA 45MM TRISTAPLE ARTICULATING MED TAN",PP-OR-1487
14268732,"RELOAD, ENDO GIA MED THICK PURPLE 45MM",PP-OR-1487
14268733,"RELOAD, ENDO GIA ARTICULATE TRI-STAPLE 60MM MED/THCK",PP-OR-1487
14268734,"RELOAD, ENDO GIA ARTICULATE TRI-STAPLE 60MM EXTRA/THCK",PP-OR-1487
14268735,"RELOAD, ARTICULATE ENDO GIA TRISTAPLE MED/THICK RE",PP-OR-1487
14268777,"HANDLE, ENDO GIA 12MM UNIVERSAL",PP-OR-1487
14268778,"STAPLER, SHELL SIGNIA POWER CONTROL",PP-OR-1487
14268779,"HANDLE, GIA UNIVERSAL SHORT 12MM",PP-OR-1487
14268780,"RELOAD, ENDO GIA ROT VASCULAR MED TAN 45MM",PP-OR-1487
14268781,"RELOAD, ENDO GIA 45MM TRISTAPLE ARTICULATING MED TAN",PP-OR-1487
14268782,"RELOAD, ENDO GIA MED THICK PURPLE 45MM",PP-OR-1487
14268783,"RELOAD, ENDO GIA ARTICULATE TRI-STAPLE 60MM MED/THCK",PP-OR-1487
14271276,"APPLIER, SURGICLIP MED 9.75",PP-OR-1487
14273888,"RELOAD, ENDO GIA ROT VASCULAR MED TAN 45MM",PP-OR-1487
14273889,"RELOAD, ENDO GIA 45MM TRISTAPLE ARTICULATING MED TAN",PP-OR-1487
14273890,"RELOAD, ENDO GIA ARTICULATE TRI-STAPLE 60MM MED/THCK",PP-OR-1487
14273891,"RELOAD, ENDO GIA ARTICULATE TRI-STAPLE 60MM EXTRA/THCK",PP-OR-1487
14273899,"APPLIER, ENDOCLIP 10MM",PP-OR-1487
14273900,"SUTURE, 0 SURGIDAC ENDO STITCH 48&quot;",PP-OR-1487
14273901,"SUTURE, 0 POLYSORB ENDO STITCH UNDYED ES-9 48",PP-OR-1487
14273907,"HANDLE, ENDO GIA 12MM UNIVERSAL",PP-OR-1487
14273908,"STAPLER, ENDOGIA ULTRA UNIV 12MM XL",PP-OR-1487
14273909,"HANDLE, GIA UNIVERSAL SHORT 12MM",PP-OR-1487
14273910,"RELOAD, ARTICULATING ENDO GIA TRISTAPLE MED TAN 60MM",PP-OR-1487
14273911,"RELOAD, ARTICULATE ENDO GIA TRISTAPLE EXTRA/THICK",PP-OR-1487
14274015,"STAPLER, EEA XL 28MM W/ 4.8MM STAPLE",PP-OR-1487
14274016,"PURSTRING, DISP. 65 INST.",PP-OR-1487
14274022,"RELOAD, SIGNIA TRI-STAPLE 2.0 30 MM CURVED TIP ARTICULATING VASCULAR/MEDIUM",PP-OR-1487
14274023,"RELOAD, ENDO GIA 45MM CURVE TIP ART MED/THCK PURPL",PP-OR-1487
14274024,"RELOAD, ENDO GIA ROT VASCULAR MED TAN 45MM",PP-OR-1487
14274025,"RELOAD, ENDO GIA ARTICULATE TRI-STAPLE 60MM EXTRA/THCK",PP-OR-1487
14274983,"STAPLER, EEA XL 25MM W/ 4.8MM STAPLE",PP-OR-1487
14275016,"RELOAD, ENDO GIA MED THICK PURPLE 45MM",PP-OR-1487
14275021,"BAG, SPECIMEN RETRIEVAL 10MM",PP-OR-1487
14275028,"RELOAD, SIGNIA TRI-STAPLE 2.0 30 MM CURVED TIP ARTICULATING VASCULAR/MEDIUM",PP-OR-1487
14275030,"CLIP, LAPROCLIP LIGATING CARTRIDGE ABSORB 12MM",PP-OR-1487
14275040,"APPLIER, SURGICLIP MED 9.75",PP-OR-1487
14275041,"APPLIER, SURGICLIP MED 9.75",PP-OR-1487
14276246,"HANDLE, ENDO GIA 12MM UNIVERSAL",PP-OR-1487
14276247,"STAPLER, SHELL SIGNIA POWER CONTROL",PP-OR-1487
14276248,"HANDLE, GIA UNIVERSAL SHORT 12MM",PP-OR-1487
14276249,"RELOAD, ENDO GIA 45MM CURVE TIP ART MED/THCK PURPL",PP-OR-1487
14276250,"RELOAD, ENDO GIA ARTICULATE TRI-STAPLE 60MM MED/THCK",PP-OR-1487
14276251,"RELOAD, ENDO GIA ARTICULATE TRI-STAPLE 60MM EXTRA/THCK",PP-OR-1487
14276266,"APPLIER, ENDO CLIP II MED/LARGE 10 MM 20 TI CLIPS",PP-OR-1487
14276267,"APPLIER, SURGICLIP LRG 13.0 TIT",PP-OR-1487
14276268,"TROCAR, ENDO CLOSE",PP-OR-1487
14276377,"BAG, SPECIMEN RETRIEVAL 10MM",PP-OR-1487
14276446,"RELOAD, DST SERIES GIA 60MM - 3.8MM LOADING UNIT",PP-OR-1487
14276447,"BAG, SPECIMEN RETRIEVAL 10MM",PP-OR-1487
14276448,"POUCH, SPECIMEN ENDOCATCH II 15MM",PP-OR-1487
14276449,"RELOAD, ENDO GIA MED THICK PURPLE 45MM",PP-OR-1487
14276450,"STAPLER, SHELL SIGNIA POWER CONTROL",PP-OR-1487
14276459,"RELOAD, ENDO GIA ARTICULATE TRI-STAPLE 60MM MED/THCK",PP-OR-1487
14276460,"HANDLE, ENDO GIA 12MM UNIVERSAL",PP-OR-1487
14276468,"TROCAR, ENDO CLOSE",PP-OR-1487
14276497,"SCISSOR, IRIS CURVED 4.5 INCH - DISP STERILE",PP-OR-1487
14278239,"RELOAD, ARTICULATE ENDO GIA TRISTAPLE MED/THICK RE",PP-OR-1487
14279170,"HANDLE, ENDO GIA 12MM UNIVERSAL",PP-OR-1487
14279171,"STAPLER, SHELL SIGNIA POWER CONTROL",PP-OR-1487
14279172,"RELOAD, ENDO GIA 45MM TRISTAPLE ARTICULATING MED TAN",PP-OR-1487
14279176,"RELOAD, DST SERIES GIA 60MM - 3.8MM LOADING UNIT",PP-OR-1487
14279185,"APPLIER, SURGICLIP 11.5IN MED",PP-OR-1487
14279186,"APPLIER, SURGICLIP 11.5IN MED",PP-OR-1487
14279187,"APPLIER, SURGICLIP 11.5IN MED",PP-OR-1487
14279188,"APPLIER, SURGICLIP 11.5IN MED",PP-OR-1487
14280200,"RELOAD, ENDO GIA MED THICK PURPLE 45MM",PP-OR-1487
14280201,"RELOAD, ARTICULATING ENDO GIA TRISTAPLE MED TAN 60MM",PP-OR-1487
14280202,"RELOAD, ARTICULATE ENDO GIA TRISTAPLE MED/THICK RE",PP-OR-1487
14280217,"APPLIER, SURGICLIP III 9.0IN SMALL",PP-OR-1487
14280218,"TROCAR, ENDO CLOSE",PP-OR-1487
14280219,"ENDO STITCH, DISP 10MM",PP-OR-1487
14280220,"BAG, SPECIMEN RETRIEVAL 10MM",PP-OR-1487
14280221,"POUCH, SPECIMEN ENDOCATCH II 15MM",PP-OR-1487
14280232,"RELOAD, ENDO GIA 45MM CURVE TIP ART MED/THCK PURPL",PP-OR-1487
14280233,"RELOAD, ENDO GIA ROT VASCULAR MED TAN 45MM",PP-OR-1487
14280234,"RELOAD, ENDO GIA ARTICULATE TRI-STAPLE 60MM MED/THCK",PP-OR-1487
14281463,"DUSTPAN, LOBBY WITH HANDLE - BLACK",PP-OR-1487
14282195,"KIT, LAPAROSCOPIC ANTI-FOGGING CLEARIFY",PP-OR-1487
14282452,"BAG, SPECIMEN RETRIEVAL 10MM",PP-OR-1487
14282454,"RELOAD, ENDO GIA ARTICULATE TRI-STAPLE 60MM MED/THCK",PP-OR-1487
14282455,"RELOAD, ENDO GIA ARTICULATE TRI-STAPLE 60MM EXTRA/THCK",PP-OR-1487
14282502,"SCISSORS, BANDAGE 5 1/2IN",PP-OR-1487
14282635,"APPLIER, SURGICLIP III 9.0IN SMALL",PP-OR-1487
14282637,"RELOAD, GIA 80MM - 3.8MM",PP-OR-1487
14282638,"STAPLER, GIA 80MM - 3.8MM",PP-OR-1487
14282639,"TROCAR, ENDO CLOSE",PP-OR-1487
14282640,"PURSTRING, DISP. 65 INST.",PP-OR-1487
14282641,"HANDLE, ENDO GIA 12MM UNIVERSAL",PP-OR-1487
14282642,"RELOAD, ENDO GIA MED THICK PURPLE 45MM",PP-OR-1487
14282648,"SUTURE, 0 SURGIDAC ENDO STITCH 48&quot;",PP-OR-1487
14282664,"TROCAR, ENDO CLOSE",PP-OR-1487
14282672,"HANDLE, ENDO GIA 12MM UNIVERSAL",PP-OR-1487
14282743,"APPLIER, ENDO CLIP III 5MM",PP-OR-1487
14282744,"APPLIER, ENDO CLIP II MED/LARGE 10 MM 20 TI CLIPS",PP-OR-1487
14282745,"APPLIER, SURGICLIP III 9.0IN SMALL",PP-OR-1487
14282746,"RELOAD, GIA 80MM - 3.8MM",PP-OR-1487
14282747,"STAPLER, GIA 80MM - 3.8MM",PP-OR-1487
14282748,"PURSTRING, DISP. 65 INST.",PP-OR-1487
14285151,"STAPLER, EEA XL 31MM W/ 4.8MM STAPLE",PP-OR-1487
14288253,"ENDO STITCH, DISP 10MM",PP-OR-1487
14288254,"SUTURE, 0 POLYSORB ENDO STITCH UNDYED ES-9 48",PP-OR-1487
14289370,"CLIP, LAPROCLIP LIGATING CARTRIDGE ABSORB 12MM",PP-OR-1487
14289381,"RELOAD, ARTICULATING ENDO GIA TRISTAPLE MED TAN 60MM",PP-OR-1487
14289382,"STAPLER, SHELL SIGNIA POWER CONTROL",PP-OR-1487
14289383,"STAPLER, DST SERIES 33 MM W/ 4.8 MM STAPLE",PP-OR-1487
14289426,"HANDLE, ENDO GIA 12MM UNIVERSAL",PP-OR-1487
14289428,"RELOAD, ENDO GIA 45MM TRISTAPLE ARTICULATING MED TAN",PP-OR-1487
14289429,"RELOAD, ENDO GIA MED THICK PURPLE 45MM",PP-OR-1487
14289430,"RELOAD, ENDO GIA ARTICULATE TRI-STAPLE 60MM MED/THCK",PP-OR-1487
14289442,"STAPLER, DST SERIES 31 MM W/ 4.8 MM STAPLE",PP-OR-1487
14289443,"STAPLER, EEA XL 28MM W/ 4.8MM STAPLE",PP-OR-1487
14289444,"TROCAR, ENDO CLOSE",PP-OR-1487
14289445,"SUTURE, 0 SURGIDAC ENDO STITCH 48&quot;",PP-OR-1487
14289446,"ENDO STITCH, DISP 10MM",PP-OR-1487
14290670,"APPLIER, SURGICLIP 11.5IN MED",PP-OR-1487
14292092,"APPLIER, SURGICLIP III 9.0IN SMALL",PP-OR-1487
14292093,"BAG, SPECIMEN RETRIEVAL 10MM",PP-OR-1487
14292094,"STAPLER, TA 60-3.5",PP-OR-1487
14292095,"TROCAR, ENDO CLOSE",PP-OR-1487
14292107,"ENDO STITCH, DISP 10MM",PP-OR-1487
14292108,"RELOAD, GIA 80MM - 3.8MM",PP-OR-1487
14292109,"STAPLER, GIA 80MM - 3.8MM",PP-OR-1487
14292110,"POUCH, SPECIMEN ENDOCATCH II 15MM",PP-OR-1487
14292113,"RELOAD, ENDO GIA 45MM TRISTAPLE ARTICULATING MED TAN",PP-OR-1487
14292137,"RELOAD, ENDO GIA ARTICULATE TRI-STAPLE 60MM EXTRA/THCK",PP-OR-1487
14292231,"HANDLE, GIA UNIVERSAL SHORT 12MM",PP-OR-1487
14292239,"APPLIER, ENDO CLIP III 5MM",PP-OR-1487
14292240,"STAPLER, DST SERIES GIA 60MM - 3.8MM RELOADABLE",PP-OR-1487
14293903,"APPLIER, SURGICLIP MED 9.75",PP-OR-1487
14294746,"STAPLER, EEA XL 31MM W/ 4.8MM STAPLE",PP-OR-1487
14297895,"SCISSOR, IRIS STRAIGHT 4.5 INCH - STERILE-DSD",PP-OR-1487
14297928,"STAPLER, DST SERIES GIA 100MM - 3.8MM RELOADABLE",PP-OR-1487
14297932,"APPLIER, SURGICLIP 11.5IN MED",PP-OR-1487
14297949,"RELOAD, TA 60MM - 3.5MM",PP-OR-1487
14297987,"STAPLER, SHELL SIGNIA POWER CONTROL",PP-OR-1487
14299019,"RELOAD, SIGNIA TRI-STAPLE 2.0 30 MM CURVED TIP ARTICULATING VASCULAR/MEDIUM",PP-OR-1487
14299020,"RELOAD, ENDO GIA 45MM TRISTAPLE ARTICULATING MED TAN",PP-OR-1487
14299027,"STAPLER, TA 30V-3 NON-ABS CLIP",PP-OR-1487
14299028,"RELOAD, TA 30MM - V3",PP-OR-1487
14299031,"RELOAD, GIA 80MM - 3.8MM",PP-OR-1487
14299032,"STAPLER, GIA 80MM - 3.8MM",PP-OR-1487
14299033,"SCISSOR, ENDO SHEARS 5MM",PP-OR-1487
14299034,"STAPLER, EEA XL 33MM W/ 4.8MM STAPLE",PP-OR-1487
14299035,"TROCAR, ENDO CLOSE",PP-OR-1487
14299036,"SUTURE, 2-0 SURGIDAC ENDO STITCH 48IN",PP-OR-1487
14299057,"APPLIER, SURGICLIP III 9.0IN SMALL",PP-OR-1487
14299058,"PURSTRING, DISP. 65 INST.",PP-OR-1487
14299059,"APPLIER, ENDOCLIP 10MM",PP-OR-1487
14299063,"BAG, SPECIMEN RETRIEVAL 10MM",PP-OR-1487
14299064,"HANDLE, ENDO GIA 12MM UNIVERSAL",PP-OR-1487
14299065,"STAPLER, ENDOGIA ULTRA UNIV 12MM XL",PP-OR-1487
14299066,"RELOAD, ARTICULATING ENDO GIA TRISTAPLE MED TAN 60MM",PP-OR-1487
14299067,"STAPLER, SHELL SIGNIA POWER CONTROL",PP-OR-1487
14299929,"STAPLER, TA 90-3.5",PP-OR-1487
14300188,"STAPLER, DST SERIES 33 MM W/ 4.8 MM STAPLE",PP-OR-1487
14300195,"RELOAD, DST SERIES GIA 100MM - 3.8MM LOADING UNIT",PP-OR-1487
14300196,"STAPLER, DST SERIES 33 MM W/ 4.8 MM STAPLE",PP-OR-1487
14301165,"KIT, LAPAROSCOPIC ANTI-FOGGING CLEARIFY",PP-OR-1487
14301365,"RELOAD, SIGNIA TRI-STAPLE 2.0 30 MM CURVED TIP ARTICULATING VASCULAR/MEDIUM",PP-OR-1487
14301366,"RELOAD, ENDO GIA ROT VASCULAR MED TAN 45MM",PP-OR-1487
14301367,"RELOAD, ENDO GIA 45MM TRISTAPLE ARTICULATING MED TAN",PP-OR-1487
14301541,"APPLIER, ENDO CLIP II MED/LARGE 10 MM 20 TI CLIPS",PP-OR-1487
14301542,"APPLIER, ENDOCLIP 10MM",PP-OR-1487
14301543,"APPLIER, SURGICLIP III 9.0IN SMALL",PP-OR-1487
14301544,"TROCAR, ENDO CLOSE",PP-OR-1487
14301545,"PURSTRING, DISP. 65 INST.",PP-OR-1487
14301546,"HANDLE, ENDO GIA 12MM UNIVERSAL",PP-OR-1487
14301547,"HANDLE, GIA UNIVERSAL SHORT 12MM",PP-OR-1487
14301548,"RELOAD, SIGNIA TRI-STAPLE 2.0 30 MM CURVED TIP ARTICULATING VASCULAR/MEDIUM",PP-OR-1487
14301549,"RELOAD, ENDO GIA ROT VASCULAR MED TAN 45MM",PP-OR-1487
14301550,"RELOAD, ENDO GIA ARTICULATE TRI-STAPLE 60MM MED/THCK",PP-OR-1487
14301632,"PURSTRING, DISP. 65 INST.",PP-OR-1487
14301633,"RELOAD, ENDO GIA ARTICULATE TRI-STAPLE 60MM MED/THCK",PP-OR-1487
14302494,"STAPLER, TA 90-3.5",PP-OR-1487
14302495,"STAPLER, TA 90-3.5",PP-OR-1487
14302496,"STAPLER, TA 90-3.5",PP-OR-1487
14305605,"SCISSOR, IRIS STRAIGHT 4.5 INCH - STERILE-DSD",PP-OR-1487
14305631,"APPLIER, SURGICLIP 11.5IN MED",PP-OR-1487
14306884,"APPLIER, ENDO CLIP II MED/LARGE 10 MM 20 TI CLIPS",PP-OR-1487
14306889,"APPLIER, SURGICLIP 11.5IN MED",PP-OR-1487
14306891,"HANDLE, ENDO GIA 12MM UNIVERSAL",PP-OR-1487
14306892,"HANDLE, ENDO GIA 12MM UNIVERSAL",PP-OR-1487
14306973,"STAPLER, EEA XL 28MM W/ 4.8MM STAPLE",PP-OR-1487
14306974,"SUTURE, 0 SURGIDAC ENDO STITCH 48&quot;",PP-OR-1487
14306975,"STAPLER, SHELL SIGNIA POWER CONTROL",PP-OR-1487
14306976,"RELOAD, ENDO GIA 45MM TRISTAPLE ARTICULATING MED TAN",PP-OR-1487
14306977,"RELOAD, ENDO GIA MED THICK PURPLE 45MM",PP-OR-1487
14306978,"RELOAD, ARTICULATE ENDO GIA TRISTAPLE EXTRA/THICK",PP-OR-1487
14307007,"HANDLE, ENDO GIA 12MM UNIVERSAL",PP-OR-1487
14307008,"STAPLER, ENDOGIA ULTRA UNIV 12MM XL",PP-OR-1487
14307009,"RELOAD, ENDO GIA MED THICK PURPLE 45MM",PP-OR-1487
14307010,"STAPLER, SHELL SIGNIA POWER CONTROL",PP-OR-1487
14307017,"APPLIER, ENDO CLIP III 5MM",PP-OR-1487
14307018,"SUTURE, 0 SURGIDAC ENDO STITCH 48&quot;",PP-OR-1487
14307021,"POUCH, SPECIMEN ENDOCATCH II 15MM",PP-OR-1487
14307806,"KIT, LAPAROSCOPIC ANTI-FOGGING CLEARIFY",PP-OR-1487
14307808,"RELOAD, ARTICULATE ENDO GIA TRISTAPLE MED/THICK RE",PP-OR-1487
14307809,"RELOAD, ARTICULATE ENDO GIA TRISTAPLE MED/THICK RE",PP-OR-1487
14308119,"APPLIER, SURGICLIP 11.5IN MED",PP-OR-1487
14309356,"TROCAR, ENDO CLOSE",PP-OR-1487
14309426,"APPLIER, SURGICLIP III 9.0IN SMALL",PP-OR-1487
14309427,"BAG, SPECIMEN RETRIEVAL 10MM",PP-OR-1487
14309428,"RELOAD, GIA 80MM - 3.8MM",PP-OR-1487
14309429,"STAPLER, GIA 80MM - 3.8MM",PP-OR-1487
14309430,"RELOAD, SIGNIA VASCULAR SM DIA CURVED TIP 30MM",PP-OR-1487
14309431,"TROCAR, ENDO CLOSE",PP-OR-1487
14309507,"BAG, SPECIMEN RETRIEVAL 10MM",PP-OR-1487
14309508,"STAPLER, TA 60-3.5",PP-OR-1487
14309509,"RELOAD, TA 90-3.5",PP-OR-1487
14309510,"STAPLER, GIA 80MM - 3.8MM",PP-OR-1487
14309511,"SCISSOR, ENDO SHEARS 5MM",PP-OR-1487
14309513,"CLIP, LAPROCLIP LIGATING CARTRIDGE ABSORB 12MM",PP-OR-1487
14309514,"PURSTRING, DISP. 65 INST.",PP-OR-1487
14309515,"STAPLER, SHELL SIGNIA POWER CONTROL",PP-OR-1487
14309516,"HANDLE, GIA UNIVERSAL SHORT 12MM",PP-OR-1487
14309517,"RELOAD, ENDO GIA ROT VASCULAR MED TAN 45MM",PP-OR-1487
14310525,"SCISSOR, IRIS CURVED 4.5 INCH - DISP STERILE",PP-OR-1487
14311329,"DISSECTOR, BALLOON OVAL SPACEMAKER PLUS SBT",PP-OR-1487
14311848,"HANDLE, ENDO GIA 12MM UNIVERSAL",PP-OR-1487
14311869,"RELOAD, ENDO GIA ARTICULATE TRI-STAPLE 60MM MED/THCK",PP-OR-1487
14311876,"TROCAR, ENDO CLOSE",PP-OR-1487
14311877,"APPLIER, ENDO CLIP II MED/LARGE 10 MM 20 TI CLIPS",PP-OR-1487
14311878,"APPLIER, ENDOCLIP 10MM",PP-OR-1487
14311879,"APPLIER, ENDO CLIP III 5MM",PP-OR-1487
14311881,"STAPLER, GIA 80MM - 3.8MM",PP-OR-1487
14313413,"SCISSOR, ENDO SHEARS 5MM",PP-OR-1487
14313423,"STAPLER, TA 30V-3 NON-ABS CLIP",PP-OR-1487
14313424,"APPLIER, ENDO CLIP III 5MM",PP-OR-1487
14313425,"APPLIER, ENDO CLIP II MED/LARGE 10 MM 20 TI CLIPS",PP-OR-1487
14313426,"APPLIER, ENDOCLIP 10MM",PP-OR-1487
14313427,"STAPLER, DST SERIES GIA 60MM - 3.8MM RELOADABLE",PP-OR-1487
14313428,"STAPLER, GIA 80MM - 3.8MM",PP-OR-1487
14313430,"CLIP, LAPROCLIP LIGATING CARTRIDGE ABSORB 12MM",PP-OR-1487
14313435,"RELOAD, ENDO GIA 45MM TRISTAPLE ARTICULATING MED TAN",PP-OR-1487
14313436,"RELOAD, ENDO GIA ARTICULATE TRI-STAPLE 60MM MED/THCK",PP-OR-1487
14313437,"RELOAD, ENDO GIA ARTICULATE TRI-STAPLE 60MM EXTRA/THCK",PP-OR-1487
14314603,"SCISSOR, IRIS STRAIGHT 4.5 INCH - STERILE-DSD",PP-OR-1487
14314763,"APPLIER, ENDO CLIP III 5MM",PP-OR-1487
14314772,"RELOAD, ARTICULATE ENDO GIA TRISTAPLE EXTRA/THICK",PP-OR-1487
14315798,"STAPLER, EEA XL 28MM W/ 4.8MM STAPLE",PP-OR-1487
14315983,"APPLIER, ENDO CLIP II MED/LARGE 10 MM 20 TI CLIPS",PP-OR-1487
14315984,"APPLIER, ENDOCLIP 10MM",PP-OR-1487
14315985,"STAPLER, DST SERIES 28 MM W/ 4.8 MM STAPLE",PP-OR-1487
14315986,"TROCAR, ENDO CLOSE",PP-OR-1487
14315995,"HANDLE, ENDO GIA 12MM UNIVERSAL",PP-OR-1487
14315996,"HANDLE, GIA UNIVERSAL SHORT 12MM",PP-OR-1487
14315997,"RELOAD, ENDO GIA 45MM CURVE TIP ART MED/THCK PURPL",PP-OR-1487
14315998,"RELOAD, ENDO GIA 45MM TRISTAPLE ARTICULATING MED TAN",PP-OR-1487
14315999,"RELOAD, ARTICULATING ENDO GIA TRISTAPLE MED TAN 60MM",PP-OR-1487
14317048,"RELOAD, ARTICULATE ENDO GIA TRISTAPLE MED/THICK RE",PP-OR-1487
14317299,"BAG, SPECIMEN RETRIEVAL 10MM",PP-OR-1487
14317325,"APPLIER, ENDO CLIP III 5MM",PP-OR-1487
14317326,"APPLIER, SURGICLIP III 9.0IN SMALL",PP-OR-1487
14317327,"APPLIER, SURGICLIP 11.5IN MED",PP-OR-1487
14317328,"APPLIER, SURGICLIP LRG 13.0 TIT",PP-OR-1487
14318615,"APPLIER, SURGICLIP MED 9.75",PP-OR-1487
14318720,"APPLIER, ENDO CLIP III 5MM",PP-OR-1487
14318721,"BAG, SPECIMEN RETRIEVAL 10MM",PP-OR-1487
14318722,"SCISSOR, ENDO SHEARS 5MM",PP-OR-1487
14318733,"STAPLER, SHELL SIGNIA POWER CONTROL",PP-OR-1487
14318734,"HANDLE, GIA UNIVERSAL SHORT 12MM",PP-OR-1487
14318735,"RELOAD, ENDO GIA 45MM TRISTAPLE ARTICULATING MED TAN",PP-OR-1487
14318736,"RELOAD, ENDO GIA ARTICULATE TRI-STAPLE 60MM MED/THCK",PP-OR-1487
14318746,"RELOAD, ENDO GIA 45MM TRISTAPLE ARTICULATING MED TAN",PP-OR-1487
14318747,"RELOAD, ENDO GIA MED THICK PURPLE 45MM",PP-OR-1487
14318748,"RELOAD, ARTICULATING ENDO GIA TRISTAPLE MED TAN 60MM",PP-OR-1487
14320167,"SUTURE, 0 POLYSORB ENDO STITCH UNDYED ES-9 48",PP-OR-1487
14320170,"SUTURE, 0 POLYSORB ENDO STITCH UNDYED ES-9 48",PP-OR-1487
14320196,"APPLIER, ENDO CLIP III 5MM",PP-OR-1487
14320197,"PURSTRING, DISP. 65 INST.",PP-OR-1487
14320198,"HANDLE, ENDO GIA 12MM UNIVERSAL",PP-OR-1487
14323630,"HANDLE, ENDO GIA 12MM UNIVERSAL",PP-OR-1487
14323631,"STAPLER, ENDOGIA ULTRA UNIV 12MM XL",PP-OR-1487
14323632,"RELOAD, ARTICULATING ENDO GIA TRISTAPLE MED TAN 60MM",PP-OR-1487
14323635,"BAG, SPECIMEN RETRIEVAL 10MM",PP-OR-1487
14323651,"ENDO STITCH, DISP 10MM",PP-OR-1487
14325015,"HANDLE, ENDO GIA 12MM UNIVERSAL",PP-OR-1487
14325016,"STAPLER, SHELL SIGNIA POWER CONTROL",PP-OR-1487
14325017,"HANDLE, GIA UNIVERSAL SHORT 12MM",PP-OR-1487
14325018,"RELOAD, SIGNIA TRI-STAPLE 2.0 30 MM CURVED TIP ARTICULATING VASCULAR/MEDIUM",PP-OR-1487
14325019,"RELOAD, ENDO GIA 45MM CURVE TIP ART MED/THCK PURPL",PP-OR-1487
14325020,"RELOAD, ENDO GIA ROT VASCULAR MED TAN 45MM",PP-OR-1487
14325021,"RELOAD, ENDO GIA ARTICULATE TRI-STAPLE 60MM MED/THCK",PP-OR-1487
14325024,"APPLIER, ENDO CLIP II MED/LARGE 10 MM 20 TI CLIPS",PP-OR-1487
14325025,"RELOAD, GIA 80MM - 3.8MM",PP-OR-1487
14325026,"STAPLER, GIA 80MM - 3.8MM",PP-OR-1487
14325027,"TROCAR, ENDO CLOSE",PP-OR-1487
14325028,"PURSTRING, DISP. 65 INST.",PP-OR-1487
14325091,"APPLIER, ENDO CLIP III 5MM",PP-OR-1487
14325093,"POUCH, SPECIMEN ENDOCATCH II 15MM",PP-OR-1487
14325147,"APPLIER, ENDOCLIP 10MM",PP-OR-1487
14325148,"POUCH, SPECIMEN ENDOCATCH II 15MM",PP-OR-1487
14325149,"STAPLER, GIA 80MM - 3.8MM",PP-OR-1487
14325158,"STAPLER, ENDOGIA ULTRA UNIV 12MM XL",PP-OR-1487
14325159,"RELOAD, ENDO GIA ARTICULATE TRI-STAPLE 60MM MED/THCK",PP-OR-1487
14325160,"RELOAD, SIGNIA 2.0 TRI-STAPLE 30 VSCLR MED TAN 12MM",PP-OR-1487
14325212,"SCISSOR, BANDAGE 5.5 INCH - STERILE",PP-OR-1487
14326406,"RELOAD, ARTICULATE ENDO GIA TRISTAPLE MED/THICK RE",PP-OR-1487
14328424,"RELOAD, SIGNIA 2.0 TRI-STAPLE 30 MED THK PURPLE 12MM",PP-OR-1487
14328442,"STAPLER, GIA 80MM - 3.8MM",PP-OR-1487
14328443,"RELOAD, ENDO GIA ARTICULATE TRI-STAPLE 60MM MED/THCK",PP-OR-1487
14331814,"RELOAD, ARTICULATE ENDO GIA TRISTAPLE MED/THICK RE",PP-OR-1487
14332129,"SUTURE, 0 POLYSORB ENDO STITCH UNDYED ES-9 48",PP-OR-1487
14332134,"SUTURE, 0 POLYSORB ENDO STITCH UNDYED ES-9 48",PP-OR-1487
14332135,"SUTURE, 0 POLYSORB ENDO STITCH UNDYED ES-9 48",PP-OR-1487
14332136,"SUTURE, 0 POLYSORB ENDO STITCH UNDYED ES-9 48",PP-OR-1487
14332161,"APPLIER, SURGICLIP III 9.0IN SMALL",PP-OR-1487
14332162,"APPLIER, SURGICLIP 11.5IN MED",PP-OR-1487
14332163,"APPLIER, SURGICLIP LRG 13.0 TIT",PP-OR-1487
14332164,"RELOAD, ENDO GIA MED THICK PURPLE 45MM",PP-OR-1487
14332165,"RELOAD, ARTICULATING ENDO GIA TRISTAPLE MED TAN 60MM",PP-OR-1487
14332216,"RELOAD, ENDO GIA 45MM TRISTAPLE ARTICULATING MED TAN",PP-OR-1487
14332217,"RELOAD, ARTICULATING ENDO GIA TRISTAPLE MED TAN 60MM",PP-OR-1487
14332218,"STAPLER, SHELL SIGNIA POWER CONTROL",PP-OR-1487
14332242,"BAG, SPECIMEN RETRIEVAL 10MM",PP-OR-1487
14332243,"APPLIER, SURGICLIP LRG 13.0 TIT",PP-OR-1487
14332244,"APPLIER, SURGICLIP III 9.0IN SMALL",PP-OR-1487
14332333,"DUSTPAN, LOBBY WITH HANDLE - BLACK",PP-OR-1487
14333265,"BAG, SPECIMEN RETRIEVAL 10MM",PP-OR-1487
14333266,"BAG, SPECIMEN RETRIEVAL 10MM",PP-OR-1487
14333311,"RELOAD, ENDO GIA MED THICK PURPLE 45MM",PP-OR-1487
14333312,"RELOAD, ARTICULATING ENDO GIA TRISTAPLE MED TAN 60MM",PP-OR-1487
14334793,"APPLIER, ENDO CLIP II MED/LARGE 10 MM 20 TI CLIPS",PP-OR-1487
14334794,"RELOAD, GIA 80MM - 3.8MM",PP-OR-1487
14334795,"TROCAR, ENDO CLOSE",PP-OR-1487
14334836,"STAPLER, TA 60-3.5",PP-OR-1487
14334843,"RELOAD, ENDO GIA ARTICULATE TRI-STAPLE 60MM EXTRA/THCK",PP-OR-1487
14335930,"HANDLE, ENDO GIA 12MM UNIVERSAL",PP-OR-1487
14335931,"HANDLE, GIA UNIVERSAL SHORT 12MM",PP-OR-1487
14335940,"STAPLER, DST SERIES GIA 100MM - 3.8MM RELOADABLE",PP-OR-1487
14335941,"RELOAD, DST SERIES GIA 100MM - 3.8MM LOADING UNIT",PP-OR-1487
14336686,"RELOAD, ARTICULATE ENDO GIA TRISTAPLE MED/THICK RE",PP-OR-1487
14337239,"SCISSORS, MG UNIVERSAL RED 180MM-DSD",PP-OR-1487
14337267,"SCISSORS, BANDAGE 5 1/2IN",PP-OR-1487
14338259,"SCISSORS, METZENBAUM CURVED 5-1/2 INCH - STERILE",PP-OR-1487
14338304,"APPLIER, ENDO CLIP III 5MM",PP-OR-1487
14338332,"RELOAD, ENDO GIA ARTICULATE TRI-STAPLE 60MM MED/THCK",PP-OR-1487
14340436,"STAPLER, EEA XL 31MM W/ 4.8MM STAPLE",PP-OR-1487
14340752,"APPLIER, SURGICLIP III 9.0IN SMALL",PP-OR-1487
14340753,"APPLIER, SURGICLIP 11.5IN MED",PP-OR-1487
14340754,"RELOAD, GIA 80MM - 3.8MM",PP-OR-1487
14340755,"STAPLER, GIA 80MM - 3.8MM",PP-OR-1487
14340900,"DUSTPAN, LOBBY WITH HANDLE - BLACK",PP-OR-1487
14341986,"HANDLE, ENDO GIA 12MM UNIVERSAL",PP-OR-1487
14341987,"RELOAD, ENDO GIA 45MM TRISTAPLE ARTICULATING MED TAN",PP-OR-1487
14341993,"STAPLER, DST SERIES GIA 100MM - 3.8MM RELOADABLE",PP-OR-1487
14341994,"STAPLER, SHELL SIGNIA POWER CONTROL",PP-OR-1487
14342030,"HANDLE, ENDO GIA 12MM UNIVERSAL",PP-OR-1487
14342045,"APPLIER, ENDO CLIP II MED/LARGE 10 MM 20 TI CLIPS",PP-OR-1487
14342234,"APPLIER, SURGICLIP LRG 13.0 TIT",PP-OR-1487
14342253,"BAG, SPECIMEN RETRIEVAL 10MM",PP-OR-1487
14342254,"HANDLE, ENDO GIA 12MM UNIVERSAL",PP-OR-1487
14342255,"RELOAD, ARTICULATING ENDO GIA TRISTAPLE MED TAN 60MM",PP-OR-1487
14343428,"KIT, LAPAROSCOPIC ANTI-FOGGING CLEARIFY",PP-OR-1487
14345077,"APPLIER, ENDO CLIP III 5MM",PP-OR-1487
14345124,"HANDLE, GIA UNIVERSAL SHORT 12MM",PP-OR-1487
14345125,"RELOAD, ENDO GIA 45MM TRISTAPLE ARTICULATING MED TAN",PP-OR-1487
14345126,"RELOAD, ENDO GIA ARTICULATE TRI-STAPLE 60MM MED/THCK",PP-OR-1487
14345901,"STAPLER, TA 90-3.5",PP-OR-1487
14346163,"HANDLE, ENDO GIA 12MM UNIVERSAL",PP-OR-1487
14346164,"RELOAD, ENDO GIA 45MM TRISTAPLE ARTICULATING MED TAN",PP-OR-1487
14346165,"RELOAD, ARTICULATING ENDO GIA TRISTAPLE MED TAN 60MM",PP-OR-1487
14346169,"APPLIER, SURGICLIP III 9.0IN SMALL",PP-OR-1487
14346170,"APPLIER, ENDO CLIP II MED/LARGE 10 MM 20 TI CLIPS",PP-OR-1487
14346171,"RELOAD, GIA 80MM - 3.8MM",PP-OR-1487
14346192,"APPLIER, ENDO CLIP II MED/LARGE 10 MM 20 TI CLIPS",PP-OR-1487
14346193,"APPLIER, SURGICLIP III 9.0IN SMALL",PP-OR-1487
14346194,"APPLIER, SURGICLIP 11.5IN MED",PP-OR-1487
14346195,"RELOAD, GIA 80MM - 3.8MM",PP-OR-1487
14346196,"STAPLER, GIA 80MM - 3.8MM",PP-OR-1487
14346197,"STAPLER, EEA XL 28MM W/ 4.8MM STAPLE",PP-OR-1487
14346198,"PURSTRING, DISP. 65 INST.",PP-OR-1487
14346199,"TROCAR, ENDO CLOSE",PP-OR-1487
14346239,"HANDLE, ENDO GIA 12MM UNIVERSAL",PP-OR-1487
14346240,"STAPLER, SHELL SIGNIA POWER CONTROL",PP-OR-1487
14346241,"HANDLE, GIA UNIVERSAL SHORT 12MM",PP-OR-1487
14346242,"RELOAD, ENDO GIA ROT VASCULAR MED TAN 45MM",PP-OR-1487
14347509,"STAPLER, DST SERIES GIA 100MM - 3.8MM RELOADABLE",PP-OR-1487
14347510,"RELOAD, SIGNIA 2.0 TRI-STAPLE 30 VSCLR MED TAN 12MM",PP-OR-1487
14347511,"RELOAD, SIGNIA 2.0 TRI-STAPLE 30 MED THK PURPLE 12MM",PP-OR-1487
14347512,"STAPLER, DST SERIES GIA 100MM - 3.8MM RELOADABLE",PP-OR-1487
14347513,"RELOAD, DST SERIES GIA 100MM - 3.8MM LOADING UNIT",PP-OR-1487
14347594,"APPLIER, ENDO CLIP II MED/LARGE 10 MM 20 TI CLIPS",PP-OR-1487
14347595,"APPLIER, SURGICLIP MED 9.75",PP-OR-1487
14347596,"BAG, SPECIMEN RETRIEVAL 10MM",PP-OR-1487
14347597,"RELOAD, GIA 80MM - 3.8MM",PP-OR-1487
14347598,"STAPLER, GIA 80MM - 3.8MM",PP-OR-1487
14347599,"PURSTRING, DISP. 65 INST.",PP-OR-1487
14350139,"HANDLE, ENDO GIA 12MM UNIVERSAL",PP-OR-1487
14351338,"DUSTPAN, LOBBY WITH HANDLE - BLACK",PP-OR-1487
14351537,"BAG, SPECIMEN RETRIEVAL 10MM",PP-OR-1487
14351549,"APPLIER, SURGICLIP III 9.0IN SMALL",PP-OR-1487
14351550,"APPLIER, SURGICLIP 11.5IN MED",PP-OR-1487
14351551,"APPLIER, SURGICLIP LRG 13.0 TIT",PP-OR-1487
14351552,"SCISSOR, ENDO SHEARS 5MM",PP-OR-1487
14351553,"STAPLER, EEA XL 28MM W/ 4.8MM STAPLE",PP-OR-1487
14351554,"RELOAD, ENDO GIA 45MM TRISTAPLE ARTICULATING MED TAN",PP-OR-1487
14351555,"RELOAD, ENDO GIA ARTICULATE TRI-STAPLE 60MM EXTRA/THCK",PP-OR-1487
14351733,"SCISSORS, FISKAR ORTHOGLASS",PP-OR-1487
14351782,"APPLIER, SURGICLIP MED 9.75",PP-OR-1487
14351792,"TROCAR, ENDO CLOSE",PP-OR-1487
14351798,"RELOAD, ENDO GIA ROT VASCULAR MED TAN 45MM",PP-OR-1487
14352873,"BAG, SPECIMEN RETRIEVAL 10MM",PP-OR-1487
14352874,"STAPLER, EEA XL 25MM W/3.5MM STAPLES",PP-OR-1487
14352875,"DEVICE, ORVIL EEA DTS SERIES 25MM",PP-OR-1487
14352892,"HANDLE, ENDO GIA 12MM UNIVERSAL",PP-OR-1487
14352893,"RELOAD, ENDO GIA 45MM CURVE TIP ART MED/THCK PURPL",PP-OR-1487
14352894,"RELOAD, ENDO GIA 45MM TRISTAPLE ARTICULATING MED TAN",PP-OR-1487
14352903,"RELOAD, SIGNIA VASCULAR SM DIA CURVED TIP 30MM",PP-OR-1487
14352904,"PURSTRING, DISP. 65 INST.",PP-OR-1487
14352923,"TROCAR, ENDO CLOSE",PP-OR-1487
14352925,"STAPLER, GIA 80MM - 3.8MM",PP-OR-1487
14352926,"POUCH, SPECIMEN ENDOCATCH II 15MM",PP-OR-1487
14354096,"SCISSOR, SUTURE 3-1/2&quot;-DSD",PP-OR-1487
14354206,"SCISSOR, ENDO SHEARS 5MM",PP-OR-1487
14354349,"DUSTPAN, LOBBY WITH HANDLE - BLACK",PP-OR-1487
14355989,"HANDLE, ENDO GIA 12MM UNIVERSAL",PP-OR-1487
14355990,"STAPLER, SHELL SIGNIA POWER CONTROL",PP-OR-1487
14355991,"HANDLE, GIA UNIVERSAL SHORT 12MM",PP-OR-1487
14355992,"RELOAD, ENDO GIA MED THICK PURPLE 45MM",PP-OR-1487
14355993,"RELOAD, ENDO GIA ARTICULATE TRI-STAPLE 60MM MED/THCK",PP-OR-1487
14355994,"RELOAD, ENDO GIA ARTICULATE TRI-STAPLE 60MM EXTRA/THCK",PP-OR-1487
14356009,"APPLIER, SURGICLIP III 9.0IN SMALL",PP-OR-1487
14356010,"RELOAD, GIA 80MM - 3.8MM",PP-OR-1487
14356011,"STAPLER, GIA 80MM - 3.8MM",PP-OR-1487
14356029,"APPLIER, SURGICLIP 11.5IN MED",PP-OR-1487
14356030,"STAPLER, SHELL SIGNIA POWER CONTROL",PP-OR-1487
14356031,"RELOAD, ARTICULATING ENDO GIA TRISTAPLE MED TAN 60MM",PP-OR-1487
14356036,"APPLIER, SURGICLIP III 9.0IN SMALL",PP-OR-1487
14356037,"TROCAR, ENDO CLOSE",PP-OR-1487
14356265,"DUSTPAN, LOBBY WITH HANDLE - BLACK",PP-OR-1487
14357690,"STAPLER, TA 90-3.5",PP-OR-1487
14358119,"APPLIER, SURGICLIP LRG 13.0 TIT",PP-OR-1487
14358124,"RELOAD, ENDO GIA 45MM CURVE TIP ART MED/THCK PURPL",PP-OR-1487
14358125,"RELOAD, ENDO GIA ROT TRI-STAPLE 45MM EXTRA/THCK",PP-OR-1487
14358126,"RELOAD, ARTICULATE ENDO GIA TRISTAPLE EXTRA/THICK",PP-OR-1487
14359826,"BAG, SPECIMEN RETRIEVAL 10MM",PP-OR-1487
14360791,"SCISSORS, FISKAR ORTHOGLASS",PP-OR-1487
14360805,"TROCAR, ENDO CLOSE",PP-OR-1487
14360811,"HANDLE, ENDO GIA 12MM UNIVERSAL",PP-OR-1487
14360812,"RELOAD, ENDO GIA 45MM TRISTAPLE ARTICULATING MED TAN",PP-OR-1487
14360840,"STAPLER, ENDOGIA ULTRA UNIV 12MM XL",PP-OR-1487
14360841,"RELOAD, ARTICULATING ENDO GIA TRISTAPLE MED TAN 60MM",PP-OR-1487
14360934,"APPLIER, ENDO CLIP III 5MM",PP-OR-1487
14362586,"BAG, SPECIMEN RETRIEVAL 10MM",PP-OR-1487
14362630,"TROCAR, ENDO CLOSE",PP-OR-1487
14363920,"HANDLE, ENDO GIA 12MM UNIVERSAL",PP-OR-1487
14364018,"SCISSOR, NELSON-METZENBAUM CVD 9&quot;-DSD",PP-OR-1487
14367320,"SCISSOR, BANDAGE 5.5 INCH - STERILE",PP-OR-1487
14367359,"STAPLER, TA 30V-3 NON-ABS CLIP",PP-OR-1487
14367360,"APPLIER, SURGICLIP 11.5IN MED",PP-OR-1487
14367361,"RELOAD, GIA 80MM - 3.8MM",PP-OR-1487
14367379,"HANDLE, GIA UNIVERSAL SHORT 12MM",PP-OR-1487
14367380,"BAG, SPECIMEN RETRIEVAL 10MM",PP-OR-1487
14367397,"HANDLE, ENDO GIA 12MM UNIVERSAL",PP-OR-1487
14367398,"STAPLER, SHELL SIGNIA POWER CONTROL",PP-OR-1487
14367405,"APPLIER, ENDO CLIP II MED/LARGE 10 MM 20 TI CLIPS",PP-OR-1487
14367406,"APPLIER, ENDOCLIP 10MM",PP-OR-1487
14367447,"HANDLE, GIA UNIVERSAL SHORT 12MM",PP-OR-1487
14367448,"RELOAD, ARTICULATE ENDO GIA TRISTAPLE EXTRA/THICK",PP-OR-1487
14367452,"APPLIER, ENDOCLIP 10MM",PP-OR-1487
14367453,"ENDO STITCH, DISP 10MM",PP-OR-1487
14368765,"RELOAD, ENDO GIA 45MM CURVE TIP ART MED/THCK PURPL",PP-OR-1487
14368766,"RELOAD, ENDO GIA ROT VASCULAR MED TAN 45MM",PP-OR-1487
14368767,"RELOAD, ENDO GIA ARTICULATE TRI-STAPLE 60MM EXTRA/THCK",PP-OR-1487
14368768,"RELOAD, ARTICULATE ENDO GIA TRISTAPLE EXTRA/THICK",PP-OR-1487
14368785,"POUCH, SPECIMEN ENDOCATCH II 15MM",PP-OR-1487
14371934,"APPLIER, ENDOCLIP 10MM",PP-OR-1487
14371935,"APPLIER, ENDO CLIP II MED/LARGE 10 MM 20 TI CLIPS",PP-OR-1487
14371936,"APPLIER, SURGICLIP 11.5IN MED",PP-OR-1487
14371937,"RELOAD, DST SERIES GIA 80MM - 4.8MM LOADING UNIT",PP-OR-1487
14371938,"RELOAD, GIA 80MM - 3.8MM",PP-OR-1487
14371939,"STAPLER, EEA XL 28MM W/ 4.8MM STAPLE",PP-OR-1487
14371940,"SUTURE, 2-0 SURGIDAC ENDO STITCH 48IN",PP-OR-1487
14371941,"SUTURE, 0 SURGIDAC ENDO STITCH 48&quot;",PP-OR-1487
14371942,"PURSTRING, DISP. 65 INST.",PP-OR-1487
14371959,"SUTURE, 0 SURGIDAC ENDO STITCH 48&quot;",PP-OR-1487
14372005,"STAPLER, GIA 80MM - 3.8MM",PP-OR-1487
14372075,"ENDO STITCH, DISP 10MM",PP-OR-1487
14372076,"SUTURE, 0 SURGIDAC ENDO STITCH 48&quot;",PP-OR-1487
14372079,"POUCH, SPECIMEN ENDOCATCH II 15MM",PP-OR-1487
14372223,"DUSTPAN, LOBBY WITH HANDLE - BLACK",PP-OR-1487
14373192,"APPLIER, SURGICLIP III 9.0IN SMALL",PP-OR-1487
14373193,"HANDLE, ENDO GIA 12MM UNIVERSAL",PP-OR-1487
14373194,"STAPLER, ENDOGIA ULTRA UNIV 12MM XL",PP-OR-1487
14373195,"STAPLER, SHELL SIGNIA POWER CONTROL",PP-OR-1487
14373196,"RELOAD, ENDO GIA ROT VASCULAR MED TAN 45MM",PP-OR-1487
14373197,"RELOAD, ENDO GIA ARTICULATE TRI-STAPLE 60MM EXTRA/THCK",PP-OR-1487
14373198,"RELOAD, ARTICULATING ENDO GIA TRISTAPLE MED TAN 60MM",PP-OR-1487
14373199,"RELOAD, ARTICULATE ENDO GIA TRISTAPLE EXTRA/THICK",PP-OR-1487
14373242,"APPLIER, ENDO CLIP II MED/LARGE 10 MM 20 TI CLIPS",PP-OR-1487
14373243,"APPLIER, SURGICLIP III 9.0IN SMALL",PP-OR-1487
14373244,"APPLIER, SURGICLIP 11.5IN MED",PP-OR-1487
14373245,"APPLIER, SURGICLIP MED 9.75",PP-OR-1487
14373246,"BAG, SPECIMEN RETRIEVAL 10MM",PP-OR-1487
14373248,"TROCAR, ENDO CLOSE",PP-OR-1487
14373340,"RELOAD, ARTICULATE ENDO GIA TRISTAPLE MED/THICK RE",PP-OR-1487
14374294,"RELOAD, ARTICULATE ENDO GIA TRISTAPLE MED/THICK RE",PP-OR-1487
14374504,"STAPLER, DST SERIES 25 MM W/ 4.8 MM STAPLE",PP-OR-1487
14374532,"SUTURE, 2-0 ENDO STITCH POLYSORB VIOLET 48INCH",PP-OR-1487
14375439,"KIT, LAPAROSCOPIC ANTI-FOGGING CLEARIFY",PP-OR-1487
14376015,"TROCAR, ENDO CLOSE",PP-OR-1487
14376016,"APPLIER, ENDO CLIP II MED/LARGE 10 MM 20 TI CLIPS",PP-OR-1487
14376018,"BAG, SPECIMEN RETRIEVAL 10MM",PP-OR-1487
14376019,"POUCH, SPECIMEN ENDOCATCH II 15MM",PP-OR-1487
14376026,"HANDLE, ENDO GIA 12MM UNIVERSAL",PP-OR-1487
14376027,"STAPLER, ENDOGIA ULTRA UNIV 12MM XL",PP-OR-1487
14376028,"RELOAD, ENDO GIA MED THICK PURPLE 45MM",PP-OR-1487
14376072,"BAG, SPECIMEN RETRIEVAL 10MM",PP-OR-1487
14376073,"RELOAD, SIGNIA TRI-STAPLE 2.0 30 MM CURVED TIP ARTICULATING VASCULAR/MEDIUM",PP-OR-1487
14376074,"RELOAD, ENDO GIA 45MM CURVE TIP ART MED/THCK PURPL",PP-OR-1487
14376075,"RELOAD, ENDO GIA ROT VASCULAR MED TAN 45MM",PP-OR-1487
14376076,"RELOAD, ENDO GIA 45MM TRISTAPLE ARTICULATING MED TAN",PP-OR-1487
14376077,"RELOAD, ENDO GIA MED THICK PURPLE 45MM",PP-OR-1487
14376078,"RELOAD, ENDO GIA ARTICULATE TRI-STAPLE 60MM MED/THCK",PP-OR-1487
14376818,"SUTURE, 2-0 VLOC ABSORABLE ENDOSTITCH RELOAD 6IN GRN",PP-OR-1487
14377136,"STAPLER, TA 30V-3 NON-ABS CLIP",PP-OR-1487
14377137,"RELOAD, TA 30MM - V3",PP-OR-1487
14377138,"APPLIER, ENDO CLIP III 5MM",PP-OR-1487
14377139,"RELOAD, GIA 80MM - 3.8MM",PP-OR-1487
14377140,"STAPLER, EEA XL 28MM W/ 4.8MM STAPLE",PP-OR-1487
14377141,"PURSTRING, DISP. 65 INST.",PP-OR-1487
14377142,"TROCAR, ENDO CLOSE",PP-OR-1487
14377145,"RELOAD, ENDO GIA ROT VASCULAR MED TAN 45MM",PP-OR-1487
14377146,"RELOAD, ENDO GIA 45MM TRISTAPLE ARTICULATING MED TAN",PP-OR-1487
14377147,"RELOAD, ENDO GIA ARTICULATE TRI-STAPLE 60MM MED/THCK",PP-OR-1487
14377307,"DUSTPAN, LOBBY WITH HANDLE - BLACK",PP-OR-1487
14378253,"STAPLER, DST SERIES GIA 100MM - 3.8MM RELOADABLE",PP-OR-1487
14378284,"TROCAR, ENDO CLOSE",PP-OR-1487
14378285,"APPLIER, ENDO CLIP III 5MM",PP-OR-1487
14378286,"APPLIER, ENDOCLIP 10MM",PP-OR-1487
14378287,"ENDO STITCH, DISP 10MM",PP-OR-1487
14378288,"SUTURE, 0 SURGIDAC ENDO STITCH 48&quot;",PP-OR-1487
14378289,"SUTURE, 0 POLYSORB ENDO STITCH UNDYED ES-9 48",PP-OR-1487
14378292,"RELOAD, SIGNIA TRI-STAPLE 2.0 30 MM CURVED TIP ARTICULATING VASCULAR/MEDIUM",PP-OR-1487
14378293,"RELOAD, ENDO GIA MED THICK PURPLE 45MM",PP-OR-1487
14378294,"RELOAD, ENDO GIA 45MM CURVE TIP ART MED/THCK PURPL",PP-OR-1487
14378295,"STAPLER, SHELL SIGNIA POWER CONTROL",PP-OR-1487
14378305,"SUTURE, 0 POLYSORB ENDO STITCH UNDYED ES-9 48",PP-OR-1487
14378310,"RELOAD, SIGNIA TRI-STAPLE 2.0 30 MM CURVED TIP ARTICULATING VASCULAR/MEDIUM",PP-OR-1487
14378311,"RELOAD, ENDO GIA 45MM CURVE TIP ART MED/THCK PURPL",PP-OR-1487
14378312,"RELOAD, ENDO GIA ROT VASCULAR MED TAN 45MM",PP-OR-1487
14378313,"RELOAD, ENDO GIA 45MM TRISTAPLE ARTICULATING MED TAN",PP-OR-1487
14378314,"RELOAD, ENDO GIA ARTICULATE TRI-STAPLE 60MM MED/THCK",PP-OR-1487
14378315,"STAPLER, GIA 80MM - 3.8MM",PP-OR-1487
14379269,"RELOAD, ARTICULATE ENDO GIA TRISTAPLE MED/THICK RE",PP-OR-1487
14379494,"SCISSOR, IRIS CURVED 4.5 INCH - DISP STERILE",PP-OR-1487
14379504,"RELOAD, ARTICULATE ENDO GIA TRISTAPLE MED/THICK RE",PP-OR-1487
14379510,"RELOAD, ARTICULATING ENDO GIA TRISTAPLE MED TAN 60MM",PP-OR-1487
14379511,"SCISSOR, IRIS STRAIGHT 4.5 INCH - STERILE",PP-OR-1487
14379570,"HANDLE, ENDO GIA 12MM UNIVERSAL",PP-OR-1487
14379571,"HANDLE, GIA UNIVERSAL SHORT 12MM",PP-OR-1487
14379601,"APPLIER, ENDO CLIP III 5MM",PP-OR-1487
14379602,"APPLIER, SURGICLIP III 9.0IN SMALL",PP-OR-1487
14379603,"APPLIER, SURGICLIP 11.5IN MED",PP-OR-1487
14379604,"SCISSOR, ENDO SHEARS 5MM",PP-OR-1487
14379605,"DEVICE, ORVIL EEA DTS SERIES 25MM",PP-OR-1487
14379628,"STAPLER, EEA XL 33MM W/ 4.8MM STAPLE",PP-OR-1487
14379632,"HANDLE, ENDO GIA 12MM UNIVERSAL",PP-OR-1487
14379633,"HANDLE, ENDO GIA 12MM UNIVERSAL",PP-OR-1487
14379720,"RELOAD, ENDO GIA 45MM TRISTAPLE ARTICULATING MED TAN",PP-OR-1487
14382624,"SCISSOR, IRIS STRAIGHT 4.5 INCH - STERILE-DSD",PP-OR-1487
14382715,"APPLIER, ENDO CLIP III 5MM",PP-OR-1487
14382716,"BAG, SPECIMEN RETRIEVAL 10MM",PP-OR-1487
14382717,"RELOAD, ENDO GIA MED THICK PURPLE 45MM",PP-OR-1487
14382728,"APPLIER, ENDO CLIP II MED/LARGE 10 MM 20 TI CLIPS",PP-OR-1487
14382729,"STAPLER, GIA 80MM - 3.8MM",PP-OR-1487
14382730,"RELOAD, ENDO GIA ARTICULATE TRI-STAPLE 60MM MED/THCK",PP-OR-1487
14384819,"HANDLE, ENDO GIA 12MM UNIVERSAL",PP-OR-1487
14384820,"HANDLE, ENDO GIA 12MM UNIVERSAL",PP-OR-1487
14384824,"HANDLE, ENDO GIA 12MM UNIVERSAL",PP-OR-1487
14384825,"SCISSOR, ENDO CURVED 5MM",PP-OR-1487
14384837,"SUTURE, 2-0 SURGIDAC ENDO STITCH 48IN",PP-OR-1487
14386104,"APPLIER, SURGICLIP III 9.0IN SMALL",PP-OR-1487
14386105,"APPLIER, ENDOCLIP 10MM",PP-OR-1487
14386108,"POUCH, SPECIMEN ENDOCATCH II 15MM",PP-OR-1487
14386112,"STAPLER, ENDOGIA ULTRA UNIV 12MM XL",PP-OR-1487
14386113,"RELOAD, ENDO GIA MED THICK PURPLE 45MM",PP-OR-1487
14386114,"RELOAD, ARTICULATING ENDO GIA TRISTAPLE MED TAN 60MM",PP-OR-1487
14386116,"RELOAD, SIGNIA TRI-STAPLE 2.0 30 MM CURVED TIP ARTICULATING VASCULAR/MEDIUM",PP-OR-1487
14386117,"RELOAD, ENDO GIA 45MM TRISTAPLE ARTICULATING MED TAN",PP-OR-1487
14386118,"RELOAD, ENDO GIA ARTICULATE TRI-STAPLE 60MM EXTRA/THCK",PP-OR-1487
14387162,"SCISSOR, IRIS CURVED 4.5 INCH - DISP STERILE",PP-OR-1487
14387163,"SCISSOR, IRIS STRAIGHT 4.5 INCH - STERILE-DSD",PP-OR-1487
14388311,"APPLIER, ENDO CLIP III 5MM",PP-OR-1487
14388312,"BAG, SPECIMEN RETRIEVAL 10MM",PP-OR-1487
14388313,"RELOAD, GIA 80MM - 3.8MM",PP-OR-1487
14388314,"STAPLER, GIA 80MM - 3.8MM",PP-OR-1487
14388315,"STAPLER, ENDOGIA ULTRA UNIV 12MM XL",PP-OR-1487
14388316,"HANDLE, GIA UNIVERSAL SHORT 12MM",PP-OR-1487
14388342,"RELOAD, ENDO GIA ROT VASCULAR MED TAN 45MM",PP-OR-1487
14388343,"RELOAD, ARTICULATING ENDO GIA TRISTAPLE MED TAN 60MM",PP-OR-1487
14388357,"BAG, SPECIMEN RETRIEVAL 10MM",PP-OR-1487
14388358,"RELOAD, GIA 80MM - 3.8MM",PP-OR-1487
14391011,"STAPLER, DST SERIES GIA 100MM - 3.8MM RELOADABLE",PP-OR-1487
14391040,"DISSECTOR, BALLOON OVAL SPACEMAKER PLUS SBT",PP-OR-1487
14392131,"HANDLE, ENDO GIA 12MM UNIVERSAL",PP-OR-1487
14392132,"HANDLE, GIA UNIVERSAL SHORT 12MM",PP-OR-1487
14392133,"RELOAD, ENDO GIA 45MM TRISTAPLE ARTICULATING MED TAN",PP-OR-1487
14392134,"RELOAD, ENDO GIA ARTICULATE TRI-STAPLE 60MM EXTRA/THCK",PP-OR-1487
14392136,"APPLIER, SURGICLIP 11.5IN MED",PP-OR-1487
14392137,"BAG, SPECIMEN RETRIEVAL 10MM",PP-OR-1487
14392138,"RELOAD, GIA 80MM - 3.8MM",PP-OR-1487
14392139,"SCISSOR, ENDO SHEARS 5MM",PP-OR-1487
14392140,"TROCAR, ENDO CLOSE",PP-OR-1487
14392141,"PURSTRING, DISP. 65 INST.",PP-OR-1487
14392271,"TROCAR, ENDO CLOSE",PP-OR-1487
14393083,"RELOAD, ARTICULATE ENDO GIA TRISTAPLE MED/THICK RE",PP-OR-1487
14393084,"RELOAD, ARTICULATE ENDO GIA TRISTAPLE MED/THICK RE",PP-OR-1487
14393085,"RELOAD, ARTICULATE ENDO GIA TRISTAPLE MED/THICK RE",PP-OR-1487
14394760,"APPLIER, SURGICLIP 11.5IN MED",PP-OR-1487
14394761,"ENDO STITCH, DISP 10MM",PP-OR-1487
14394764,"RELOAD, ENDO GIA 45MM TRISTAPLE ARTICULATING MED TAN",PP-OR-1487
14394765,"RELOAD, ARTICULATE ENDO GIA TRISTAPLE MED/THICK RE",PP-OR-1487
14394828,"HANDLE, ENDO GIA 12MM UNIVERSAL",PP-OR-1487
14394984,"APPLIER, ENDO CLIP III 5MM",PP-OR-1487
14394985,"APPLIER, SURGICLIP 11.5IN MED",PP-OR-1487
14394992,"HANDLE, ENDO GIA 12MM UNIVERSAL",PP-OR-1487
14394993,"STAPLER, ENDOGIA ULTRA UNIV 12MM XL",PP-OR-1487
14394994,"RELOAD, ENDO GIA 45MM TRISTAPLE ARTICULATING MED TAN",PP-OR-1487
14397533,"STAPLER, EEA XL 31MM W/ 4.8MM STAPLE",PP-OR-1487
14397534,"STAPLER, EEA XL 31MM W/ 4.8MM STAPLE",PP-OR-1487
14400176,"SCISSORS, BANDAGE 5 1/2IN",PP-OR-1487
14400207,"SCISSORS, BANDAGE 5 1/2IN",PP-OR-1487
14400224,"STAPLER, EEA XL 25MM W/ 4.8MM STAPLE",PP-OR-1487
14400231,"APPLIER, ENDO CLIP III 5MM",PP-OR-1487
14400247,"SCISSOR, ENDO SHEARS 5MM",PP-OR-1487
14400248,"CLIP, LAPROCLIP LIGATING CARTRIDGE ABSORB 12MM",PP-OR-1487
14400249,"ENDO STITCH, DISP 10MM",PP-OR-1487
14400250,"PURSTRING, DISP. 65 INST.",PP-OR-1487
14400257,"STAPLER, EEA XL 33MM W/ 4.8MM STAPLE",PP-OR-1487
14402580,"SUTURE, 0 POLYSORB ENDO STITCH UNDYED ES-9 48",PP-OR-1487
14402585,"SUTURE, 0 POLYSORB ENDO STITCH UNDYED ES-9 48",PP-OR-1487
14403819,"STAPLER, TA 60MM - 4.8MM RELOADABLE",PP-OR-1487
14403820,"STAPLER, EEA XL 28MM W/ 4.8MM STAPLE",PP-OR-1487
14403845,"ENDO STITCH, DISP 10MM",PP-OR-1487
14403850,"TROCAR, ENDO CLOSE",PP-OR-1487
14403851,"PURSTRING, DISP. 65 INST.",PP-OR-1487
14403852,"BAG, SPECIMEN RETRIEVAL 10MM",PP-OR-1487
14403853,"STAPLER, ENDOGIA ULTRA UNIV 12MM XL",PP-OR-1487
14403854,"RELOAD, ARTICULATING ENDO GIA TRISTAPLE MED TAN 60MM",PP-OR-1487
14403855,"RELOAD, ARTICULATE ENDO GIA TRISTAPLE EXTRA/THICK",PP-OR-1487
14403868,"RELOAD, ENDO GIA 45MM TRISTAPLE ARTICULATING MED TAN",PP-OR-1487
14404933,"SCISSOR, IRIS STRAIGHT 4.5 INCH - STERILE-DSD",PP-OR-1487
14404963,"SCISSOR, IRIS STRAIGHT 4.5 INCH - STERILE-DSD",PP-OR-1487
14405172,"DUSTPAN, LOBBY WITH HANDLE - BLACK",PP-OR-1487
14405913,"STAPLER, TA 90-3.5",PP-OR-1487
14406143,"BAG, SPECIMEN RETRIEVAL 10MM",PP-OR-1487
14406144,"STAPLER, DST SERIES 28 MM W/ 4.8 MM STAPLE",PP-OR-1487
14406145,"PURSTRING, DISP. 65 INST.",PP-OR-1487
14406156,"HANDLE, ENDO GIA 12MM UNIVERSAL",PP-OR-1487
14406157,"HANDLE, GIA UNIVERSAL SHORT 12MM",PP-OR-1487
14406158,"RELOAD, ENDO GIA 45MM TRISTAPLE ARTICULATING MED TAN",PP-OR-1487
14406159,"RELOAD, ENDO GIA ARTICULATE TRI-STAPLE 60MM MED/THCK",PP-OR-1487
14406161,"APPLIER, SURGICLIP 11.5IN MED",PP-OR-1487
14406162,"STAPLER, DST SERIES 33 MM W/ 4.8 MM STAPLE",PP-OR-1487
14406163,"STAPLER, EEA XL 28MM W/ 4.8MM STAPLE",PP-OR-1487
14406188,"APPLIER, SURGICLIP 11.5IN MED",PP-OR-1487
14406193,"SCISSORS, OPERATING 5-1/2 INCH SS - STERILE",PP-OR-1487
14406196,"APPLIER, ENDOCLIP 10MM",PP-OR-1487
14406211,"HANDLE, ENDO GIA 12MM UNIVERSAL",PP-OR-1487
14406212,"STAPLER, ENDOGIA ULTRA UNIV 12MM XL",PP-OR-1487
14406213,"RELOAD, ENDO GIA MED THICK PURPLE 45MM",PP-OR-1487
14406214,"RELOAD, ARTICULATING ENDO GIA TRISTAPLE MED TAN 60MM",PP-OR-1487
14406215,"RELOAD, ARTICULATE ENDO GIA TRISTAPLE EXTRA/THICK",PP-OR-1487
14406224,"APPLIER, ENDO CLIP III 5MM",PP-OR-1487
14406225,"APPLIER, ENDO CLIP II MED/LARGE 10 MM 20 TI CLIPS",PP-OR-1487
14406226,"RELOAD, ENDO GIA 45MM CURVE TIP ART MED/THCK PURPL",PP-OR-1487
14406227,"RELOAD, ENDO GIA MED THICK PURPLE 45MM",PP-OR-1487
14406228,"RELOAD, ARTICULATE ENDO GIA TRISTAPLE MED/THICK RE",PP-OR-1487
14406229,"RELOAD, ARTICULATE ENDO GIA TRISTAPLE EXTRA/THICK",PP-OR-1487
14406230,"RELOAD, ARTICULATE ENDO GIA TRISTAPLE EXTRA/THICK",PP-OR-1487
14406234,"STAPLER, EEA XL 33MM W/ 4.8MM STAPLE",PP-OR-1487
14407824,"STAPLER, EEA XL 28MM W/ 4.8MM STAPLE",PP-OR-1487
14409040,"STAPLER, SHELL SIGNIA POWER CONTROL",PP-OR-1487
14409057,"APPLIER, SURGICLIP III 9.0IN SMALL",PP-OR-1487
14409062,"RELOAD, SIGNIA TRI-STAPLE 2.0 30 MM CURVED TIP ARTICULATING VASCULAR/MEDIUM",PP-OR-1487
14409063,"RELOAD, ENDO GIA ARTICULATE TRI-STAPLE 60MM MED/THCK",PP-OR-1487
14409076,"RELOAD, GIA 80MM - 3.8MM",PP-OR-1487
14409077,"STAPLER, GIA 80MM - 3.8MM",PP-OR-1487
14409078,"ENDO STITCH, DISP 10MM",PP-OR-1487
14409079,"PURSTRING, DISP. 65 INST.",PP-OR-1487
14410338,"STAPLER, GIA 80MM - 3.8MM",PP-OR-1487
14410340,"POUCH, SPECIMEN ENDOCATCH II 15MM",PP-OR-1487
14410344,"RELOAD, ENDO GIA ROT VASCULAR MED TAN 45MM",PP-OR-1487
14410400,"APPLIER, SURGICLIP III 9.0IN SMALL",PP-OR-1487
14410401,"CLIP, LAPROCLIP LIGATING CARTRIDGE ABSORB 12MM",PP-OR-1487
14410402,"RELOAD, ENDO GIA 45MM CURVE TIP ART MED/THCK PURPL",PP-OR-1487
14410403,"RELOAD, ENDO GIA 45MM TRISTAPLE ARTICULATING MED TAN",PP-OR-1487
14410404,"RELOAD, ENDO GIA ARTICULATE TRI-STAPLE 60MM EXTRA/THCK",PP-OR-1487
14411240,"RELOAD, ARTICULATE ENDO GIA TRISTAPLE MED/THICK RE",PP-OR-1487
14411241,"RELOAD, ARTICULATE ENDO GIA TRISTAPLE MED/THICK RE",PP-OR-1487
14411243,"STAPLER, TA 90-3.5",PP-OR-1487
14411532,"RELOAD, ENDO GIA ROT VASCULAR MED TAN 45MM",PP-OR-1487
14411533,"APPLIER, SURGICLIP 11.5IN MED",PP-OR-1487
14411663,"RELOAD, TA 60MM - 3.5MM",PP-OR-1487
14411664,"APPLIER, ENDO CLIP III 5MM",PP-OR-1487
14411665,"POUCH, SPECIMEN ENDOCATCH II 15MM",PP-OR-1487
14411678,"APPLIER, SURGICLIP MED 9.75",PP-OR-1487
14411679,"STAPLER, SKIN ROTATING 35 WIDE",PP-OR-1487
14411680,"POUCH, SPECIMEN ENDOCATCH II 15MM",PP-OR-1487
14411681,"STAPLER, TA 60-3.5",PP-OR-1487
14411682,"STAPLER, GIA 80MM - 3.8MM",PP-OR-1487
14412849,"RELOAD, DST SERIES GIA 100MM - 3.8MM LOADING UNIT",PP-OR-1487
14412856,"APPLIER, SURGICLIP 11.5IN MED",PP-OR-1487
14412857,"HANDLE, ENDO GIA 12MM UNIVERSAL",PP-OR-1487
14412860,"HANDLE, ENDO GIA 12MM UNIVERSAL",PP-OR-1487
14415549,"APPLIER, ENDOCLIP 10MM",PP-OR-1487
14415550,"APPLIER, SURGICLIP III 9.0IN SMALL",PP-OR-1487
14415551,"RELOAD, GIA 80MM - 3.8MM",PP-OR-1487
14415552,"STAPLER, GIA 80MM - 3.8MM",PP-OR-1487
14415553,"TROCAR, ENDO CLOSE",PP-OR-1487
14415599,"TROCAR, ENDO CLOSE",PP-OR-1487
14415600,"APPLIER, ENDO CLIP III 5MM",PP-OR-1487
14415603,"BAG, SPECIMEN RETRIEVAL 10MM",PP-OR-1487
14415604,"POUCH, SPECIMEN ENDOCATCH II 15MM",PP-OR-1487
14416650,"HANDLE, ENDO GIA 12MM UNIVERSAL",PP-OR-1487
14416756,"APPLIER, ENDO CLIP III 5MM",PP-OR-1487
14416757,"STAPLER, EEA XL 28MM W/ 4.8MM STAPLE",PP-OR-1487
14416758,"TROCAR, ENDO CLOSE",PP-OR-1487
14416759,"PURSTRING, DISP. 65 INST.",PP-OR-1487
14416767,"RELOAD, SIGNIA 2.0 TRI-STAPLE 30 VSCLR MED TAN 12MM",PP-OR-1487
14416768,"RELOAD, ENDO GIA ARTICULATE TRI-STAPLE 60MM EXTRA/THCK",PP-OR-1487
14416769,"RELOAD, ARTICULATE ENDO GIA TRISTAPLE EXTRA/THICK",PP-OR-1487
14419621,"STAPLER, TA 90-3.5",PP-OR-1487
14419894,"APPLIER, SURGICLIP MED 9.75",PP-OR-1487
14419895,"APPLIER, SURGICLIP LRG 13.0 TIT",PP-OR-1487
14419896,"TROCAR, ENDO CLOSE",PP-OR-1487
14419903,"STAPLER, TA 60-3.5",PP-OR-1487
14419904,"TROCAR, ENDO CLOSE",PP-OR-1487
14419905,"STAPLER, DST SERIES GIA 60MM - 3.8MM RELOADABLE",PP-OR-1487
14419906,"STAPLER, GIA 80MM - 3.8MM",PP-OR-1487
14419914,"HANDLE, ENDO GIA 12MM UNIVERSAL",PP-OR-1487
14421460,"RELOAD, ARTICULATE ENDO GIA TRISTAPLE MED/THICK RE",PP-OR-1487
14421461,"RELOAD, ARTICULATE ENDO GIA TRISTAPLE MED/THICK RE",PP-OR-1487
14421462,"RELOAD, ARTICULATE ENDO GIA TRISTAPLE MED/THICK RE",PP-OR-1487
14421506,"STAPLER, TA 60-3.5",PP-OR-1487
14421530,"HANDLE, ENDO GIA 12MM UNIVERSAL",PP-OR-1487
14421531,"STAPLER, ENDOGIA ULTRA UNIV 12MM XL",PP-OR-1487
14421532,"HANDLE, GIA UNIVERSAL SHORT 12MM",PP-OR-1487
14421541,"APPLIER, ENDO CLIP II MED/LARGE 10 MM 20 TI CLIPS",PP-OR-1487
14421542,"BAG, SPECIMEN RETRIEVAL 10MM",PP-OR-1487
14421551,"PURSTRING, DISP. 65 INST.",PP-OR-1487
14422503,"SCISSOR, BANDAGE 5.5 INCH - STERILE",PP-OR-1487
14424070,"STAPLER, TA 60-3.5",PP-OR-1487
14424071,"STAPLER, DST SERIES GIA 60MM - 3.8MM RELOADABLE",PP-OR-1487
14426370,"SCISSOR, ENDO SHEARS 5MM",PP-OR-1487
14426410,"RELOAD, ENDO GIA MED THICK PURPLE 45MM",PP-OR-1487
14426411,"RELOAD, ENDO GIA 45MM CURVE TIP ART MED/THCK PURPL",PP-OR-1487
14426412,"ENDO STITCH, DISP 10MM",PP-OR-1487
14426506,"CLIP, LAPROCLIP LIGATING CARTRIDGE ABSORB 12MM",PP-OR-1487
14426518,"RELOAD, ENDO GIA 45MM CURVE TIP ART MED/THCK PURPL",PP-OR-1487
14426519,"RELOAD, ENDO GIA 45MM TRISTAPLE ARTICULATING MED TAN",PP-OR-1487
14426520,"RELOAD, ARTICULATING ENDO GIA TRISTAPLE MED TAN 60MM",PP-OR-1487
14428988,"RELOAD, ARTICULATE ENDO GIA TRISTAPLE MED/THICK RE",PP-OR-1487
14428989,"RELOAD, ARTICULATE ENDO GIA TRISTAPLE MED/THICK RE",PP-OR-1487
14430383,"APPLIER, ENDO CLIP II MED/LARGE 10 MM 20 TI CLIPS",PP-OR-1487
14430384,"APPLIER, ENDOCLIP 10MM",PP-OR-1487
14430385,"RELOAD, ENDO GIA 45MM TRISTAPLE ARTICULATING MED TAN",PP-OR-1487
14430386,"RELOAD, ENDO GIA MED THICK PURPLE 45MM",PP-OR-1487
14430387,"RELOAD, ARTICULATING ENDO GIA TRISTAPLE MED TAN 60MM",PP-OR-1487
14430388,"RELOAD, ARTICULATE ENDO GIA TRISTAPLE EXTRA/THICK",PP-OR-1487
14430402,"SCISSOR, METZENBAUM STRAIGHT 9 INCH - STERILE DISPOSABLE",PP-OR-1487
14431561,"STAPLER, EEA XL 28MM W/ 4.8MM STAPLE",PP-OR-1487
14431562,"TROCAR, ENDO CLOSE",PP-OR-1487
14431563,"PURSTRING, DISP. 65 INST.",PP-OR-1487
14431564,"HANDLE, GIA UNIVERSAL SHORT 12MM",PP-OR-1487
14431578,"APPLIER, SURGICLIP LRG 13.0 TIT",PP-OR-1487
14431579,"APPLIER, ENDO CLIP III 5MM",PP-OR-1487
14431580,"APPLIER, ENDO CLIP II MED/LARGE 10 MM 20 TI CLIPS",PP-OR-1487
14431581,"ENDO STITCH, DISP 10MM",PP-OR-1487
14431582,"BAG, SPECIMEN RETRIEVAL 10MM",PP-OR-1487
14431591,"RELOAD, SIGNIA TRI-STAPLE 2.0 30 MM CURVED TIP ARTICULATING VASCULAR/MEDIUM",PP-OR-1487
14431592,"RELOAD, ENDO GIA ROT VASCULAR MED TAN 45MM",PP-OR-1487
14431593,"RELOAD, ENDO GIA MED THICK PURPLE 45MM",PP-OR-1487
14431594,"RELOAD, ENDO GIA ARTICULATE TRI-STAPLE 60MM MED/THCK",PP-OR-1487
14431595,"RELOAD, ENDO GIA ARTICULATE TRI-STAPLE 60MM MED/THCK",PP-OR-1487
14435906,"BAG, SPECIMEN RETRIEVAL 10MM",PP-OR-1487
14435908,"STAPLER, ENDOGIA ULTRA UNIV 12MM XL",PP-OR-1487
14435909,"RELOAD, ENDO GIA ARTICULATE TRI-STAPLE 60MM MED/THCK",PP-OR-1487
14435912,"TROCAR, ENDO CLOSE",PP-OR-1487
14435914,"STAPLER, EEA XL 33MM W/ 4.8MM STAPLE",PP-OR-1487
14437181,"STAPLER, EEA XL 33MM W/ 4.8MM STAPLE",PP-OR-1487
14437192,"TROCAR, ENDO CLOSE",PP-OR-1487
14437193,"ENDO STITCH, DISP 10MM",PP-OR-1487
14437194,"SUTURE, 0 POLYSORB ENDO STITCH UNDYED ES-9 48",PP-OR-1487
14437197,"BAG, SPECIMEN RETRIEVAL 10MM",PP-OR-1487
14437198,"POUCH, SPECIMEN ENDOCATCH II 15MM",PP-OR-1487
14437201,"SUTURE, 0 POLYSORB ENDO STITCH UNDYED ES-9 48",PP-OR-1487
14437207,"RELOAD, ENDO GIA 45MM TRISTAPLE ARTICULATING MED TAN",PP-OR-1487
14437208,"RELOAD, ARTICULATING ENDO GIA TRISTAPLE MED TAN 60MM",PP-OR-1487
14437209,"RELOAD, ARTICULATE ENDO GIA TRISTAPLE MED/THICK RE",PP-OR-1487
14437278,"STAPLER, TA 30V-3 NON-ABS CLIP",PP-OR-1487
14437279,"APPLIER, ENDO CLIP II MED/LARGE 10 MM 20 TI CLIPS",PP-OR-1487
14437280,"APPLIER, SURGICLIP III 9.0IN SMALL",PP-OR-1487
14437281,"APPLIER, SURGICLIP 11.5IN MED",PP-OR-1487
14437282,"RELOAD, DST SERIES GIA 60MM - 3.8MM LOADING UNIT",PP-OR-1487
14437283,"RELOAD, GIA 80MM - 3.8MM",PP-OR-1487
14437284,"SCISSOR, ENDO SHEARS 5MM",PP-OR-1487
14437285,"RELOAD, SIGNIA VASCULAR SM DIA CURVED TIP 30MM",PP-OR-1487
14437286,"CLIP, LAPROCLIP LIGATING CARTRIDGE ABSORB 12MM",PP-OR-1487
14437295,"HANDLE, ENDO GIA 12MM UNIVERSAL",PP-OR-1487
14437296,"STAPLER, SHELL SIGNIA POWER CONTROL",PP-OR-1487
14437297,"HANDLE, GIA UNIVERSAL SHORT 12MM",PP-OR-1487
14437298,"RELOAD, SIGNIA TRI-STAPLE 2.0 30 MM CURVED TIP ARTICULATING VASCULAR/MEDIUM",PP-OR-1487
14437299,"RELOAD, ENDO GIA ROT VASCULAR MED TAN 45MM",PP-OR-1487
14437300,"RELOAD, ENDO GIA 45MM TRISTAPLE ARTICULATING MED TAN",PP-OR-1487
14437301,"RELOAD, ENDO GIA ARTICULATE TRI-STAPLE 60MM MED/THCK",PP-OR-1487
14437302,"RELOAD, ENDO GIA ARTICULATE TRI-STAPLE 60MM EXTRA/THCK",PP-OR-1487
14437334,"HANDLE, ENDO GIA 12MM UNIVERSAL",PP-OR-1487
14437427,"APPLIER, SURGICLIP LRG 13.0 TIT",PP-OR-1487
14437432,"HANDLE, ENDO GIA 12MM UNIVERSAL",PP-OR-1487
14437433,"HANDLE, ENDO GIA 12MM UNIVERSAL",PP-OR-1487
14437434,"STAPLER, GIA 80MM - 3.8MM",PP-OR-1487
14438330,"RELOAD, ARTICULATE ENDO GIA TRISTAPLE MED/THICK RE",PP-OR-1487
14438338,"RELOAD, ARTICULATE ENDO GIA TRISTAPLE MED/THICK RE",PP-OR-1487
14439441,"STAPLER, DST SERIES GIA 100MM - 3.8MM RELOADABLE",PP-OR-1487
14439468,"SUTURE, 2-0 ENDO STITCH POLYSORB VIOLET 48INCH",PP-OR-1487
14439845,"STAPLER, GIA 80MM - 3.8MM",PP-OR-1487
14439897,"RELOAD, ENDO GIA ARTICULATE TRI-STAPLE 60MM MED/THCK",PP-OR-1487
14439904,"BAG, SPECIMEN RETRIEVAL 10MM",PP-OR-1487
14439905,"POUCH, SPECIMEN ENDOCATCH II 15MM",PP-OR-1487
14439906,"RELOAD, ENDO GIA 45MM TRISTAPLE ARTICULATING MED TAN",PP-OR-1487
14439907,"RELOAD, ARTICULATING ENDO GIA TRISTAPLE MED TAN 60MM",PP-OR-1487
14439911,"APPLIER, SURGICLIP III 9.0IN SMALL",PP-OR-1487
14439912,"APPLIER, SURGICLIP 11.5IN MED",PP-OR-1487
14439913,"APPLIER, SURGICLIP MED 9.75",PP-OR-1487
14439914,"APPLIER, SURGICLIP LRG 13.0 TIT",PP-OR-1487
14439915,"BAG, SPECIMEN RETRIEVAL 10MM",PP-OR-1487
14439916,"RELOAD, GIA 80MM - 3.8MM",PP-OR-1487
14439917,"STAPLER, GIA 80MM - 3.8MM",PP-OR-1487
14439919,"CLIP, LAPROCLIP LIGATING CARTRIDGE ABSORB 12MM",PP-OR-1487
14439920,"STAPLER, EEA XL 28MM W/ 4.8MM STAPLE",PP-OR-1487
14439921,"STAPLER, EEA XL 25MM W/3.5MM STAPLES",PP-OR-1487
14439922,"PURSTRING, DISP. 65 INST.",PP-OR-1487
14440566,"STAPLER, TA 90-3.5",PP-OR-1487
14440785,"SCISSOR, IRIS STRAIGHT 4.5 INCH - STERILE-DSD",PP-OR-1487
14440922,"APPLIER, SURGICLIP III 9.0IN SMALL",PP-OR-1487
14440923,"APPLIER, SURGICLIP 11.5IN MED",PP-OR-1487
14440924,"BAG, SPECIMEN RETRIEVAL 10MM",PP-OR-1487
14440925,"RELOAD, GIA 80MM - 3.8MM",PP-OR-1487
14440926,"STAPLER, GIA 80MM - 3.8MM",PP-OR-1487
14440927,"RELOAD, SIGNIA TRI-STAPLE 2.0 30 MM CURVED TIP ARTICULATING VASCULAR/MEDIUM",PP-OR-1487
14440928,"RELOAD, ENDO GIA ROT VASCULAR MED TAN 45MM",PP-OR-1487
14440929,"RELOAD, ENDO GIA ARTICULATE TRI-STAPLE 60MM MED/THCK",PP-OR-1487
14441977,"STAPLER, SHELL SIGNIA POWER CONTROL",PP-OR-1487
14443098,"STAPLER, TA 90-3.5",PP-OR-1487
14443300,"SCISSOR, SUTURE 3-1/2&quot;-DSD",PP-OR-1487
14443315,"APPLIER, ENDO CLIP III 5MM",PP-OR-1487
14443316,"APPLIER, ENDOCLIP 10MM",PP-OR-1487
14443318,"POUCH, SPECIMEN ENDOCATCH II 15MM",PP-OR-1487
14443319,"APPLIER, SURGICLIP LRG 13.0 TIT",PP-OR-1487
14443320,"STAPLER, SKIN ROTATING 35 WIDE",PP-OR-1487
14443321,"BAG, SPECIMEN RETRIEVAL 10MM",PP-OR-1487
14443322,"PURSTRING, DISP. 65 INST.",PP-OR-1487
14443326,"HANDLE, ENDO GIA 12MM UNIVERSAL",PP-OR-1487
14443327,"STAPLER, ENDOGIA ULTRA UNIV 12MM XL",PP-OR-1487
14443328,"RELOAD, ENDO GIA 45MM TRISTAPLE ARTICULATING MED TAN",PP-OR-1487
14443329,"RELOAD, ARTICULATING ENDO GIA TRISTAPLE MED TAN 60MM",PP-OR-1487
14443330,"STAPLER, SHELL SIGNIA POWER CONTROL",PP-OR-1487
14443422,"APPLIER, SURGICLIP 11.5IN MED",PP-OR-1487
14443423,"STAPLER, DST SERIES GIA 60MM - 3.8MM RELOADABLE",PP-OR-1487
14443424,"STAPLER, GIA 80MM - 3.8MM",PP-OR-1487
14443425,"SCISSOR, ENDO SHEARS 5MM",PP-OR-1487
14443426,"PURSTRING, DISP. 65 INST.",PP-OR-1487
14443427,"TROCAR, ENDO CLOSE",PP-OR-1487
14443428,"STAPLER, SHELL SIGNIA POWER CONTROL",PP-OR-1487
14443429,"RELOAD, SIGNIA TRI-STAPLE 2.0 30 MM CURVED TIP ARTICULATING VASCULAR/MEDIUM",PP-OR-1487
14443430,"RELOAD, ENDO GIA ROT VASCULAR MED TAN 45MM",PP-OR-1487
14443431,"RELOAD, ENDO GIA ARTICULATE TRI-STAPLE 60MM MED/THCK",PP-OR-1487
14443579,"HANDLE, ENDO GIA 12MM UNIVERSAL",PP-OR-1487
14443580,"RELOAD, ENDO GIA 45MM TRISTAPLE ARTICULATING MED TAN",PP-OR-1487
14443581,"RELOAD, ENDO GIA MED THICK PURPLE 45MM",PP-OR-1487
14443582,"RELOAD, ENDO GIA ARTICULATE TRI-STAPLE 60MM MED/THCK",PP-OR-1487
14443585,"APPLIER, ENDO CLIP III 5MM",PP-OR-1487
14443586,"APPLIER, ENDO CLIP II MED/LARGE 10 MM 20 TI CLIPS",PP-OR-1487
14443587,"APPLIER, ENDOCLIP 10MM",PP-OR-1487
14443588,"APPLIER, SURGICLIP III 9.0IN SMALL",PP-OR-1487
14443589,"APPLIER, SURGICLIP 11.5IN MED",PP-OR-1487
14443590,"BAG, SPECIMEN RETRIEVAL 10MM",PP-OR-1487
14443591,"STAPLER, DST SERIES GIA 60MM - 3.8MM RELOADABLE",PP-OR-1487
14443592,"RELOAD, DST SERIES GIA 60MM - 3.8MM LOADING UNIT",PP-OR-1487
14444811,"DUSTPAN, LOBBY WITH HANDLE - BLACK",PP-OR-1487
14446005,"SUTURE, 0 SURGIDAC ENDO STITCH 48&quot;",PP-OR-1487
14446006,"SUTURE, 0 SURGIDAC ENDO STITCH 48&quot;",PP-OR-1487
14446018,"HANDLE, ENDO GIA 12MM UNIVERSAL",PP-OR-1487
14446019,"STAPLER, SHELL SIGNIA POWER CONTROL",PP-OR-1487
14446020,"HANDLE, GIA UNIVERSAL SHORT 12MM",PP-OR-1487
14446021,"RELOAD, ENDO GIA ARTICULATE TRI-STAPLE 60MM MED/THCK",PP-OR-1487
14446022,"RELOAD, ARTICULATE ENDO GIA TRISTAPLE EXTRA/THICK",PP-OR-1487
14446029,"APPLIER, ENDO CLIP III 5MM",PP-OR-1487
14447139,"APPLIER, ENDO CLIP III 5MM",PP-OR-1487
14447140,"ENDO STITCH, DISP 10MM",PP-OR-1487
14447141,"SUTURE, 0 POLYSORB ENDO STITCH UNDYED ES-9 48",PP-OR-1487
14447142,"POUCH, SPECIMEN ENDOCATCH II 15MM",PP-OR-1487
14447143,"RELOAD, ENDO GIA MED THICK PURPLE 45MM",PP-OR-1487
14447144,"RELOAD, ARTICULATING ENDO GIA TRISTAPLE MED TAN 60MM",PP-OR-1487
14447145,"RELOAD, ARTICULATE ENDO GIA TRISTAPLE MED/THICK RE",PP-OR-1487
14447146,"RELOAD, ARTICULATE ENDO GIA TRISTAPLE EXTRA/THICK",PP-OR-1487
14447147,"STAPLER, SHELL SIGNIA POWER CONTROL",PP-OR-1487
14447163,"STAPLER, TA 60MM - 4.8MM RELOADABLE",PP-OR-1487
14447164,"BAG, SPECIMEN RETRIEVAL 10MM",PP-OR-1487
14447165,"SCISSOR, ENDO SHEARS 5MM",PP-OR-1487
14447166,"RELOAD, SIGNIA TRI-STAPLE 2.0 30 MM CURVED TIP ARTICULATING VASCULAR/MEDIUM",PP-OR-1487
14447167,"RELOAD, ENDO GIA 45MM CURVE TIP ART MED/THCK PURPL",PP-OR-1487
14447168,"RELOAD, ENDO GIA 45MM TRISTAPLE ARTICULATING MED TAN",PP-OR-1487
14447169,"RELOAD, ENDO GIA ARTICULATE TRI-STAPLE 60MM MED/THCK",PP-OR-1487
14449034,"KIT, LAPAROSCOPIC ANTI-FOGGING CLEARIFY",PP-OR-1487
14450629,"HANDLE, ENDO GIA 12MM UNIVERSAL",PP-OR-1487
14450630,"STAPLER, SHELL SIGNIA POWER CONTROL",PP-OR-1487
14450631,"RELOAD, ENDO GIA MED THICK PURPLE 45MM",PP-OR-1487
14450632,"RELOAD, ENDO GIA ARTICULATE TRI-STAPLE 60MM MED/THCK",PP-OR-1487
14450666,"APPLIER, ENDO CLIP III 5MM",PP-OR-1487
14450667,"APPLIER, SURGICLIP III 9.0IN SMALL",PP-OR-1487
14450668,"APPLIER, SURGICLIP 11.5IN MED",PP-OR-1487
14450669,"BAG, SPECIMEN RETRIEVAL 10MM",PP-OR-1487
14450670,"STAPLER, TA 60-3.5",PP-OR-1487
14450671,"STAPLER, GIA 80MM - 3.8MM",PP-OR-1487
14450672,"STAPLER, EEA XL 28MM W/ 4.8MM STAPLE",PP-OR-1487
14450750,"APPLIER, ENDO CLIP II MED/LARGE 10 MM 20 TI CLIPS",PP-OR-1487
14450752,"HANDLE, ENDO GIA 12MM UNIVERSAL",PP-OR-1487
14450756,"TROCAR, ENDO CLOSE",PP-OR-1487
14450766,"APPLIER, ENDO CLIP III 5MM",PP-OR-1487
14450767,"STAPLER, GIA 80MM - 3.8MM",PP-OR-1487
14450768,"HANDLE, ENDO GIA 12MM UNIVERSAL",PP-OR-1487
14450769,"STAPLER, ENDOGIA ULTRA UNIV 12MM XL",PP-OR-1487
14450770,"RELOAD, SIGNIA TRI-STAPLE 2.0 30 MM CURVED TIP ARTICULATING VASCULAR/MEDIUM",PP-OR-1487
14450771,"RELOAD, ENDO GIA MED THICK PURPLE 45MM",PP-OR-1487
14451573,"STAPLER, TA 90-3.5",PP-OR-1487
14452079,"SUTURE, 0 SURGIDAC ENDO STITCH 48&quot;",PP-OR-1487
14452080,"SUTURE, 0 SURGIDAC ENDO STITCH 48&quot;",PP-OR-1487
14452082,"RELOAD, ENDO GIA 45MM TRISTAPLE ARTICULATING MED TAN",PP-OR-1487
14452090,"RELOAD, ENDO GIA 45MM TRISTAPLE ARTICULATING MED TAN",PP-OR-1487
14453511,"RELOAD, DST SERIES GIA 100MM - 3.8MM LOADING UNIT",PP-OR-1487
14453565,"HANDLE, ENDO GIA 12MM UNIVERSAL",PP-OR-1487
14453566,"RELOAD, SIGNIA TRI-STAPLE 2.0 30 MM CURVED TIP ARTICULATING VASCULAR/MEDIUM",PP-OR-1487
14453567,"RELOAD, ENDO GIA 45MM TRISTAPLE ARTICULATING MED TAN",PP-OR-1487
14453568,"RELOAD, ENDO GIA ARTICULATE TRI-STAPLE 60MM MED/THCK",PP-OR-1487
14453569,"RELOAD, ENDO GIA ARTICULATE TRI-STAPLE 60MM EXTRA/THCK",PP-OR-1487
14453570,"BAG, SPECIMEN RETRIEVAL 10MM",PP-OR-1487
14453571,"SCISSOR, ENDO SHEARS 5MM",PP-OR-1487
14453572,"PURSTRING, DISP. 65 INST.",PP-OR-1487
14454693,"STAPLER, ENDOGIA ULTRA UNIV 12MM XL",PP-OR-1487
14454694,"RELOAD, ENDO GIA 45MM TRISTAPLE ARTICULATING MED TAN",PP-OR-1487
14454695,"RELOAD, ARTICULATING ENDO GIA TRISTAPLE MED TAN 60MM",PP-OR-1487
14454698,"BAG, SPECIMEN RETRIEVAL 10MM",PP-OR-1487
14454699,"POUCH, SPECIMEN ENDOCATCH II 15MM",PP-OR-1487
14454753,"APPLIER, ENDO CLIP II MED/LARGE 10 MM 20 TI CLIPS",PP-OR-1487
14454754,"APPLIER, ENDOCLIP 10MM",PP-OR-1487
14454755,"APPLIER, SURGICLIP 11.5IN MED",PP-OR-1487
14454756,"STAPLER, GIA 80MM - 3.8MM",PP-OR-1487
14454757,"SCISSOR, ENDO SHEARS 5MM",PP-OR-1487
14454758,"PURSTRING, DISP. 65 INST.",PP-OR-1487
14454798,"HANDLE, ENDO GIA 12MM UNIVERSAL",PP-OR-1487
14456096,"APPLIER, SURGICLIP III 9.0IN SMALL",PP-OR-1487
14456097,"APPLIER, SURGICLIP 11.5IN MED",PP-OR-1487
14456098,"CLIP, LAPROCLIP LIGATING CARTRIDGE ABSORB 12MM",PP-OR-1487
14456976,"STAPLER, EEA XL 31MM W/ 4.8MM STAPLE",PP-OR-1487
14457349,"SUTURE, 0 SURGIDAC ENDO STITCH 48&quot;",PP-OR-1487
14459806,"APPLIER, SURGICLIP III 9.0IN SMALL",PP-OR-1487
14459807,"APPLIER, ENDO CLIP II MED/LARGE 10 MM 20 TI CLIPS",PP-OR-1487
14459864,"APPLIER, SURGICLIP III 9.0IN SMALL",PP-OR-1487
14459867,"STAPLER, EEA XL 33MM W/ 4.8MM STAPLE",PP-OR-1487
14460179,"BAG, SPECIMEN RETRIEVAL 10MM",PP-OR-1487
14460181,"HANDLE, ENDO GIA 12MM UNIVERSAL",PP-OR-1487
14460182,"STAPLER, SHELL SIGNIA POWER CONTROL",PP-OR-1487
14460183,"HANDLE, GIA UNIVERSAL SHORT 12MM",PP-OR-1487
14460184,"RELOAD, ENDO GIA 45MM CURVE TIP ART MED/THCK PURPL",PP-OR-1487
14460185,"RELOAD, ENDO GIA 45MM TRISTAPLE ARTICULATING MED TAN",PP-OR-1487
14460186,"RELOAD, ENDO GIA ROT TRI-STAPLE 45MM EXTRA/THCK",PP-OR-1487
14460187,"RELOAD, ENDO GIA ARTICULATE TRI-STAPLE 60MM MED/THCK",PP-OR-1487
14462205,"TROCAR, ENDO CLOSE",PP-OR-1487
14462263,"BAG, SPECIMEN RETRIEVAL 10MM",PP-OR-1487
14462264,"TROCAR, ENDO CLOSE",PP-OR-1487
14462265,"ENDO STITCH, DISP 10MM",PP-OR-1487
14462266,"PURSTRING, DISP. 65 INST.",PP-OR-1487
14462275,"HANDLE, ENDO GIA 12MM UNIVERSAL",PP-OR-1487
14462276,"HANDLE, GIA UNIVERSAL SHORT 12MM",PP-OR-1487
14462277,"RELOAD, ENDO GIA ROT VASCULAR MED TAN 45MM",PP-OR-1487
14463130,"STAPLER, EEA XL 31MM W/ 4.8MM STAPLE",PP-OR-1487
14464351,"KIT, LAPAROSCOPIC ANTI-FOGGING CLEARIFY",PP-OR-1487
14465351,"RELOAD, ENDO GIA ROT VASCULAR MED TAN 45MM",PP-OR-1487
14465352,"RELOAD, ENDO GIA ARTICULATE TRI-STAPLE 60MM MED/THCK",PP-OR-1487
14465391,"RELOAD, GIA 80MM - 3.8MM",PP-OR-1487
14465392,"RELOAD, SIGNIA 2.0 TRI-STAPLE 30 MED THK PURPLE 12MM",PP-OR-1487
14465407,"HANDLE, ENDO GIA 12MM UNIVERSAL",PP-OR-1487
14465408,"RELOAD, ENDO GIA 45MM TRISTAPLE ARTICULATING MED TAN",PP-OR-1487
14465422,"TROCAR, ENDO CLOSE",PP-OR-1487
14465423,"BAG, SPECIMEN RETRIEVAL 10MM",PP-OR-1487
14465425,"POUCH, SPECIMEN ENDOCATCH II 15MM",PP-OR-1487
14465473,"APPLIER, SURGICLIP III 9.0IN SMALL",PP-OR-1487
14465474,"APPLIER, SURGICLIP 11.5IN MED",PP-OR-1487
14465475,"BAG, SPECIMEN RETRIEVAL 10MM",PP-OR-1487
14465476,"STAPLER, TA 60-3.5",PP-OR-1487
14465477,"STAPLER, DST SERIES GIA 60MM - 3.8MM RELOADABLE",PP-OR-1487
14465478,"RELOAD, DST SERIES GIA 60MM - 3.8MM LOADING UNIT",PP-OR-1487
14465479,"STAPLER, GIA 80MM - 3.8MM",PP-OR-1487
14465480,"TROCAR, ENDO CLOSE",PP-OR-1487
14465481,"HANDLE, ENDO GIA 12MM UNIVERSAL",PP-OR-1487
14465482,"RELOAD, ENDO GIA ROT VASCULAR MED TAN 45MM",PP-OR-1487
14465483,"RELOAD, ENDO GIA ARTICULATE TRI-STAPLE 60MM MED/THCK",PP-OR-1487
14465484,"RELOAD, ENDO GIA ARTICULATE TRI-STAPLE 60MM EXTRA/THCK",PP-OR-1487
14465494,"STAPLER, EEA XL 33MM W/ 4.8MM STAPLE",PP-OR-1487
14465531,"APPLIER, ENDO CLIP III 5MM",PP-OR-1487
14465532,"APPLIER, SURGICLIP III 9.0IN SMALL",PP-OR-1487
14465533,"APPLIER, SURGICLIP 11.5IN MED",PP-OR-1487
14465534,"BAG, SPECIMEN RETRIEVAL 10MM",PP-OR-1487
14465535,"RELOAD, GIA 80MM - 3.8MM",PP-OR-1487
14465536,"STAPLER, GIA 80MM - 3.8MM",PP-OR-1487
14465537,"PURSTRING, DISP. 65 INST.",PP-OR-1487
14470872,"PURSTRING, DISP. 65 INST.",PP-OR-1487
14470873,"APPLIER, ENDO CLIP III 5MM",PP-OR-1487
14470878,"PURSTRING, DISP. 65 INST.",PP-OR-1487
14470883,"PURSTRING, DISP. 65 INST.",PP-OR-1487
14471895,"TROCAR, ENDO CLOSE",PP-OR-1487
14471896,"STAPLER, DST SERIES 33 MM W/ 4.8 MM STAPLE",PP-OR-1487
14471929,"BAG, SPECIMEN RETRIEVAL 10MM",PP-OR-1487
14471930,"STAPLER, GIA 80MM - 3.8MM",PP-OR-1487
14471931,"STAPLER, EEA XL 28MM W/ 4.8MM STAPLE",PP-OR-1487
14471941,"HANDLE, GIA UNIVERSAL SHORT 12MM",PP-OR-1487
14472842,"APPLIER, SURGICLIP MED 9.75",PP-OR-1487
14472848,"TROCAR, ENDO CLOSE",PP-OR-1487
14472849,"APPLIER, SURGICLIP MED 9.75",PP-OR-1487
14472850,"RELOAD, GIA 80MM - 3.8MM",PP-OR-1487
14472851,"APPLIER, SURGICLIP MED 9.75",PP-OR-1487
14472873,"APPLIER, ENDOCLIP 10MM",PP-OR-1487
14472876,"STAPLER, ENDOGIA ULTRA UNIV 12MM XL",PP-OR-1487
14472877,"RELOAD, ARTICULATE ENDO GIA TRISTAPLE MED/THICK RE",PP-OR-1487
14472909,"APPLIER, SURGICLIP III 9.0IN SMALL",PP-OR-1487
14472910,"APPLIER, SURGICLIP 11.5IN MED",PP-OR-1487
14472911,"APPLIER, SURGICLIP LRG 13.0 TIT",PP-OR-1487
14472912,"BAG, SPECIMEN RETRIEVAL 10MM",PP-OR-1487
14472913,"STAPLER, GIA 80MM - 3.8MM",PP-OR-1487
14472914,"RELOAD, ENDO GIA ARTICULATE TRI-STAPLE 60MM MED/THCK",PP-OR-1487
14472915,"RELOAD, ARTICULATE ENDO GIA TRISTAPLE MED/THICK RE",PP-OR-1487
14474012,"RELOAD, SIGNIA 2.0 TRI-STAPLE 30 MED THK PURPLE 12MM",PP-OR-1487
14474018,"APPLIER, SURGICLIP MED 9.75",PP-OR-1487
14475163,"BAG, SPECIMEN RETRIEVAL 10MM",PP-OR-1487
14475164,"STAPLER, GIA 80MM - 3.8MM",PP-OR-1487
14475182,"HANDLE, ENDO GIA 12MM UNIVERSAL",PP-OR-1487
14475183,"RELOAD, ENDO GIA MED THICK PURPLE 45MM",PP-OR-1487
14475184,"RELOAD, ENDO GIA ARTICULATE TRI-STAPLE 60MM MED/THCK",PP-OR-1487
14475215,"APPLIER, ENDO CLIP II MED/LARGE 10 MM 20 TI CLIPS",PP-OR-1487
14475218,"BAG, SPECIMEN RETRIEVAL 10MM",PP-OR-1487
14475258,"SCISSOR, ENDO SHEARS 5MM",PP-OR-1487
14475266,"SUTURE, 0 SURGIDAC ENDO STITCH 48&quot;",PP-OR-1487
14475268,"SUTURE, 0 SURGIDAC ENDO STITCH 48&quot;",PP-OR-1487
14476256,"KIT, LAPAROSCOPIC ANTI-FOGGING CLEARIFY",PP-OR-1487
14476772,"APPLIER, SURGICLIP III 9.0IN SMALL",PP-OR-1487
14476773,"APPLIER, SURGICLIP 11.5IN MED",PP-OR-1487
14476780,"RELOAD, ENDO GIA ARTICULATE TRI-STAPLE 60MM EXTRA/THCK",PP-OR-1487
14478712,"ENDO STITCH, DISP 10MM",PP-OR-1487
14478713,"SUTURE, 0 POLYSORB ENDO STITCH UNDYED ES-9 48",PP-OR-1487
14478715,"POUCH, SPECIMEN ENDOCATCH II 15MM",PP-OR-1487
14478719,"HANDLE, ENDO GIA 12MM UNIVERSAL",PP-OR-1487
14478720,"STAPLER, ENDOGIA ULTRA UNIV 12MM XL",PP-OR-1487
14478721,"RELOAD, ENDO GIA MED THICK PURPLE 45MM",PP-OR-1487
14478722,"RELOAD, ARTICULATING ENDO GIA TRISTAPLE MED TAN 60MM",PP-OR-1487
14478723,"RELOAD, ARTICULATE ENDO GIA TRISTAPLE MED/THICK RE",PP-OR-1487
14478774,"BAG, SPECIMEN RETRIEVAL 10MM",PP-OR-1487
14478775,"STAPLER, GIA 80MM - 3.8MM",PP-OR-1487
14478776,"CLIP, LAPROCLIP LIGATING CARTRIDGE ABSORB 12MM",PP-OR-1487
14478793,"HANDLE, ENDO GIA 12MM UNIVERSAL",PP-OR-1487
14478794,"HANDLE, GIA UNIVERSAL SHORT 12MM",PP-OR-1487
14478795,"RELOAD, SIGNIA TRI-STAPLE 2.0 30 MM CURVED TIP ARTICULATING VASCULAR/MEDIUM",PP-OR-1487
14478796,"RELOAD, ENDO GIA 45MM TRISTAPLE ARTICULATING MED TAN",PP-OR-1487
14479675,"RELOAD, GIA 80MM - 3.8MM",PP-OR-1487
14479676,"TROCAR, ENDO CLOSE",PP-OR-1487
14479722,"APPLIER, ENDO CLIP II MED/LARGE 10 MM 20 TI CLIPS",PP-OR-1487
14479723,"CLIP, LAPROCLIP LIGATING CARTRIDGE ABSORB 12MM",PP-OR-1487
14479728,"RELOAD, ENDO GIA 45MM TRISTAPLE ARTICULATING MED TAN",PP-OR-1487
14480828,"APPLIER, ENDO CLIP III 5MM",PP-OR-1487
14480829,"STAPLER, ENDOGIA ULTRA UNIV 12MM XL",PP-OR-1487
14480833,"HANDLE, ENDO GIA 12MM UNIVERSAL",PP-OR-1487
14480834,"STAPLER, ENDOGIA ULTRA UNIV 12MM XL",PP-OR-1487
14480835,"RELOAD, SIGNIA TRI-STAPLE 2.0 30 MM CURVED TIP ARTICULATING VASCULAR/MEDIUM",PP-OR-1487
14480836,"RELOAD, ENDO GIA ROT VASCULAR MED TAN 45MM",PP-OR-1487
14480837,"RELOAD, ENDO GIA ARTICULATE TRI-STAPLE 60MM MED/THCK",PP-OR-1487
14480848,"STAPLER, GIA 80MM - 3.8MM",PP-OR-1487
14480952,"APPLIER, SURGICLIP III 9.0IN SMALL",PP-OR-1487
14480953,"APPLIER, SURGICLIP 11.5IN MED",PP-OR-1487
14480954,"RELOAD, DST SERIES GIA 60MM - 3.8MM LOADING UNIT",PP-OR-1487
14480955,"STAPLER, GIA 80MM - 3.8MM",PP-OR-1487
14480956,"STAPLER, EEA XL 28MM W/ 4.8MM STAPLE",PP-OR-1487
14480957,"HANDLE, ENDO GIA 12MM UNIVERSAL",PP-OR-1487
14480958,"RELOAD, ENDO GIA ROT VASCULAR MED TAN 45MM",PP-OR-1487
14480959,"RELOAD, ENDO GIA MED THICK PURPLE 45MM",PP-OR-1487
14480960,"RELOAD, SIGNIA 2.0 TRI-STAPLE 30 VSCLR MED TAN 12MM",PP-OR-1487
14480961,"RELOAD, ARTICULATE ENDO GIA TRISTAPLE EXTRA/THICK",PP-OR-1487
14480977,"SUTURE, 0 SURGIDAC ENDO STITCH 48&quot;",PP-OR-1487
14482111,"TROCAR, ENDO CLOSE",PP-OR-1487
14482261,"DUSTPAN, LOBBY WITH HANDLE - BLACK",PP-OR-1487
14483951,"TROCAR, ENDO CLOSE",PP-OR-1487
14483952,"APPLIER, ENDO CLIP III 5MM",PP-OR-1487
14483953,"BAG, SPECIMEN RETRIEVAL 10MM",PP-OR-1487
14483954,"HANDLE, ENDO GIA 12MM UNIVERSAL",PP-OR-1487
14483955,"STAPLER, ENDOGIA ULTRA UNIV 12MM XL",PP-OR-1487
14484055,"HANDLE, ENDO GIA 12MM UNIVERSAL",PP-OR-1487
14484056,"HANDLE, GIA UNIVERSAL SHORT 12MM",PP-OR-1487
14484064,"APPLIER, ENDO CLIP III 5MM",PP-OR-1487
14484065,"APPLIER, ENDO CLIP II MED/LARGE 10 MM 20 TI CLIPS",PP-OR-1487
14484066,"APPLIER, ENDOCLIP 10MM",PP-OR-1487
14484067,"APPLIER, SURGICLIP III 9.0IN SMALL",PP-OR-1487
14484068,"APPLIER, SURGICLIP 11.5IN MED",PP-OR-1487
14484069,"BAG, SPECIMEN RETRIEVAL 10MM",PP-OR-1487
14484070,"STAPLER, EEA XL 33MM W/ 4.8MM STAPLE",PP-OR-1487
14484073,"SUTURE, 2-0 ENDO STITCH POLYSORB VIOLET 48INCH",PP-OR-1487
14484962,"DISSECTOR, BALLOON OVAL SPACEMAKER PLUS SBT",PP-OR-1487
14484988,"APPLIER, ENDO CLIP III 5MM",PP-OR-1487
14484989,"HANDLE, ENDO GIA 12MM UNIVERSAL",PP-OR-1487
14484990,"STAPLER, SHELL SIGNIA POWER CONTROL",PP-OR-1487
14485884,"KIT, LAPAROSCOPIC ANTI-FOGGING CLEARIFY",PP-OR-1487
14486169,"STAPLER, ENDOGIA ULTRA UNIV 12MM XL",PP-OR-1487
14486172,"TROCAR, ENDO CLOSE",PP-OR-1487
14487448,"APPLIER, ENDO CLIP III 5MM",PP-OR-1487
14487449,"POUCH, SPECIMEN ENDOCATCH II 15MM",PP-OR-1487
14487463,"RELOAD, ENDO GIA 45MM TRISTAPLE ARTICULATING MED TAN",PP-OR-1487
14487464,"RELOAD, ARTICULATE ENDO GIA TRISTAPLE MED/THICK RE",PP-OR-1487
14487465,"STAPLER, SHELL SIGNIA POWER CONTROL",PP-OR-1487
14487468,"STAPLER, ENDOGIA ULTRA UNIV 12MM XL",PP-OR-1487
14487479,"ENDO STITCH, DISP 10MM",PP-OR-1487
14487483,"RELOAD, ENDO GIA ROT VASCULAR MED TAN 45MM",PP-OR-1487
14487537,"BAG, SPECIMEN RETRIEVAL 10MM",PP-OR-1487
14487538,"RELOAD, GIA 80MM - 3.8MM",PP-OR-1487
14487539,"STAPLER, GIA 80MM - 3.8MM",PP-OR-1487
14487557,"STAPLER, SHELL SIGNIA POWER CONTROL",PP-OR-1487
14487558,"RELOAD, ENDO GIA ROT VASCULAR MED TAN 45MM",PP-OR-1487
14487559,"RELOAD, ENDO GIA ARTICULATE TRI-STAPLE 60MM MED/THCK",PP-OR-1487
14487611,"RELOAD, ARTICULATE ENDO GIA TRISTAPLE MED/THICK RE",PP-OR-1487
14487633,"STAPLER, GIA 80MM - 3.8MM",PP-OR-1487
14487634,"SCISSOR, ENDO SHEARS 5MM",PP-OR-1487
14487635,"PURSTRING, DISP. 65 INST.",PP-OR-1487
14487636,"ENDO STITCH, DISP 10MM",PP-OR-1487
14487637,"TROCAR, ENDO CLOSE",PP-OR-1487
14490313,"HANDLE, ENDO GIA 12MM UNIVERSAL",PP-OR-1487
14490314,"RELOAD, ENDO GIA ARTICULATE TRI-STAPLE 60MM MED/THCK",PP-OR-1487
14490315,"RELOAD, ARTICULATE ENDO GIA TRISTAPLE EXTRA/THICK",PP-OR-1487
14490317,"APPLIER, ENDO CLIP III 5MM",PP-OR-1487
14490318,"APPLIER, SURGICLIP III 9.0IN SMALL",PP-OR-1487
14490319,"APPLIER, SURGICLIP 11.5IN MED",PP-OR-1487
14494360,"TROCAR, ENDO CLOSE",PP-OR-1487
14494361,"APPLIER, ENDO CLIP III 5MM",PP-OR-1487
14494363,"POUCH, SPECIMEN ENDOCATCH II 15MM",PP-OR-1487
14494382,"HANDLE, ENDO GIA 12MM UNIVERSAL",PP-OR-1487
14494383,"RELOAD, ARTICULATE ENDO GIA TRISTAPLE MED/THICK RE",PP-OR-1487
14494402,"RELOAD, ENDO GIA ARTICULATE TRI-STAPLE 60MM MED/THCK",PP-OR-1487
14494412,"APPLIER, ENDO CLIP II MED/LARGE 10 MM 20 TI CLIPS",PP-OR-1487
14494413,"APPLIER, ENDOCLIP 10MM",PP-OR-1487
14494414,"APPLIER, SURGICLIP 11.5IN MED",PP-OR-1487
14494415,"STAPLER, GIA 80MM - 3.8MM",PP-OR-1487
14494439,"SCISSOR, METZENBAUM STRAIGHT 9 INCH - STERILE DISPOSABLE",PP-OR-1487
14495682,"RELOAD, ENDO GIA ROT VASCULAR MED TAN 45MM",PP-OR-1487
14495683,"RELOAD, ENDO GIA ARTICULATE TRI-STAPLE 60MM MED/THCK",PP-OR-1487
14495845,"APPLIER, ENDOCLIP 10MM",PP-OR-1487
14495846,"ENDO STITCH, DISP 10MM",PP-OR-1487
14495848,"BAG, SPECIMEN RETRIEVAL 10MM",PP-OR-1487
14495849,"RELOAD, ARTICULATING ENDO GIA TRISTAPLE MED TAN 60MM",PP-OR-1487
14495855,"SUTURE, 0 POLYSORB ENDO STITCH UNDYED ES-9 48",PP-OR-1487
14495869,"BAG, SPECIMEN RETRIEVAL 10MM",PP-OR-1487
14495870,"TROCAR, ENDO CLOSE",PP-OR-1487
14495871,"STAPLER, EEA XL 28MM W/ 4.8MM STAPLE",PP-OR-1487
14495916,"HANDLE, ENDO GIA 12MM UNIVERSAL",PP-OR-1487
14495917,"RELOAD, SIGNIA TRI-STAPLE 2.0 30 MM CURVED TIP ARTICULATING VASCULAR/MEDIUM",PP-OR-1487
14495918,"RELOAD, ENDO GIA ARTICULATE TRI-STAPLE 60MM MED/THCK",PP-OR-1487
14495919,"RELOAD, ENDO GIA ARTICULATE TRI-STAPLE 60MM EXTRA/THCK",PP-OR-1487
14495982,"BAG, SPECIMEN RETRIEVAL 10MM",PP-OR-1487
14495994,"PURSTRING, DISP. 65 INST.",PP-OR-1487
14496765,"STAPLER, EEA XL 31MM W/ 4.8MM STAPLE",PP-OR-1487
14497717,"RELOAD, ARTICULATE ENDO GIA TRISTAPLE MED/THICK RE",PP-OR-1487
14502177,"SUTURE, 0 POLYSORB ENDO STITCH UNDYED ES-9 48",PP-OR-1487
14502178,"APPLIER, ENDO CLIP III 5MM",PP-OR-1487
14502179,"APPLIER, ENDO CLIP II MED/LARGE 10 MM 20 TI CLIPS",PP-OR-1487
14503235,"RELOAD, ENDO GIA ARTICULATE TRI-STAPLE 60MM MED/THCK",PP-OR-1487
14503236,"RELOAD, ENDO GIA ARTICULATE TRI-STAPLE 60MM EXTRA/THCK",PP-OR-1487
14503263,"ENDO STITCH, DISP 10MM",PP-OR-1487
14503265,"POUCH, SPECIMEN ENDOCATCH II 15MM",PP-OR-1487
14503280,"HANDLE, ENDO GIA 12MM UNIVERSAL",PP-OR-1487
14503281,"RELOAD, ENDO GIA MED THICK PURPLE 45MM",PP-OR-1487
14503282,"RELOAD, ARTICULATING ENDO GIA TRISTAPLE MED TAN 60MM",PP-OR-1487
14503283,"STAPLER, SHELL SIGNIA POWER CONTROL",PP-OR-1487
14503327,"HANDLE, GIA UNIVERSAL SHORT 12MM",PP-OR-1487
14503328,"RELOAD, ENDO GIA MED THICK PURPLE 45MM",PP-OR-1487
14503331,"CLIP, LAPROCLIP LIGATING CARTRIDGE ABSORB 12MM",PP-OR-1487
14503332,"PURSTRING, DISP. 65 INST.",PP-OR-1487
14503336,"STAPLER, EEA XL 33MM W/ 4.8MM STAPLE",PP-OR-1487
14503355,"HANDLE, ENDO GIA 12MM UNIVERSAL",PP-OR-1487
14503356,"HANDLE, GIA UNIVERSAL SHORT 12MM",PP-OR-1487
14503357,"RELOAD, ENDO GIA 45MM TRISTAPLE ARTICULATING MED TAN",PP-OR-1487
14503368,"STAPLER, TA 30V-3 NON-ABS CLIP",PP-OR-1487
14503369,"BAG, SPECIMEN RETRIEVAL 10MM",PP-OR-1487
14503370,"RELOAD, GIA 80MM - 3.8MM",PP-OR-1487
14503371,"STAPLER, GIA 80MM - 3.8MM",PP-OR-1487
14503442,"STAPLER, TA 30V-3 NON-ABS CLIP",PP-OR-1487
14503443,"RELOAD, TA 60MM - 3.5MM",PP-OR-1487
14503444,"TROCAR, ENDO CLOSE",PP-OR-1487
14503451,"HANDLE, ENDO GIA 12MM UNIVERSAL",PP-OR-1487
14503452,"HANDLE, GIA UNIVERSAL SHORT 12MM",PP-OR-1487
14503453,"RELOAD, ENDO GIA 45MM TRISTAPLE ARTICULATING MED TAN",PP-OR-1487
14503454,"RELOAD, ARTICULATING ENDO GIA TRISTAPLE MED TAN 60MM",PP-OR-1487
14503455,"RELOAD, ARTICULATE ENDO GIA TRISTAPLE MED/THICK RE",PP-OR-1487
14503469,"APPLIER, ENDO CLIP III 5MM",PP-OR-1487
14503470,"APPLIER, ENDO CLIP II MED/LARGE 10 MM 20 TI CLIPS",PP-OR-1487
14503472,"CLIP, LAPROCLIP LIGATING CARTRIDGE ABSORB 12MM",PP-OR-1487
14503473,"PURSTRING, DISP. 65 INST.",PP-OR-1487
14503474,"APPLIER, SURGICLIP III 9.0IN SMALL",PP-OR-1487
14503475,"APPLIER, SURGICLIP 11.5IN MED",PP-OR-1487
14503633,"DUSTPAN, LOBBY WITH HANDLE - BLACK",PP-OR-1487
14505741,"RELOAD, SIGNIA TRI-STAPLE 2.0 30 MM CURVED TIP ARTICULATING VASCULAR/MEDIUM",PP-OR-1487
14505754,"RELOAD, SIGNIA TRI-STAPLE 2.0 30 MM CURVED TIP ARTICULATING VASCULAR/MEDIUM",PP-OR-1487
14506498,"STAPLER, TA 90-3.5",PP-OR-1487
14507195,"RELOAD, ARTICULATE ENDO GIA TRISTAPLE MED/THICK RE",PP-OR-1487
14507231,"STAPLER, TA 30V-3 NON-ABS CLIP",PP-OR-1487
14507232,"APPLIER, SURGICLIP III 9.0IN SMALL",PP-OR-1487
14507233,"BAG, SPECIMEN RETRIEVAL 10MM",PP-OR-1487
14507234,"RELOAD, GIA 80MM - 3.8MM",PP-OR-1487
14507238,"HANDLE, GIA UNIVERSAL SHORT 12MM",PP-OR-1487
14507239,"RELOAD, ENDO GIA ROT VASCULAR MED TAN 45MM",PP-OR-1487
14507240,"RELOAD, ENDO GIA 45MM TRISTAPLE ARTICULATING MED TAN",PP-OR-1487
14507241,"RELOAD, ENDO GIA ARTICULATE TRI-STAPLE 60MM MED/THCK",PP-OR-1487
14509159,"SCISSOR, METZENBAUM STRAIGHT 9 INCH - STERILE DISPOSABLE",PP-OR-1487
14509241,"APPLIER, ENDO CLIP III 5MM",PP-OR-1487
14509242,"ENDO STITCH, DISP 10MM",PP-OR-1487
14509243,"SUTURE, 0 SURGIDAC ENDO STITCH 48&quot;",PP-OR-1487
14509247,"POUCH, SPECIMEN ENDOCATCH II 15MM",PP-OR-1487
14509251,"APPLIER, SURGICLIP III 9.0IN SMALL",PP-OR-1487
14509252,"APPLIER, SURGICLIP MED 9.75",PP-OR-1487
14509253,"RELOAD, ENDO GIA MED THICK PURPLE 45MM",PP-OR-1487
14509254,"RELOAD, ARTICULATE ENDO GIA TRISTAPLE MED/THICK RE",PP-OR-1487
14509255,"STAPLER, SHELL SIGNIA POWER CONTROL",PP-OR-1487
14509258,"RELOAD, SIGNIA TRI-STAPLE 2.0 30 MM CURVED TIP ARTICULATING VASCULAR/MEDIUM",PP-OR-1487
14509259,"RELOAD, ENDO GIA 45MM TRISTAPLE ARTICULATING MED TAN",PP-OR-1487
14509267,"BAG, SPECIMEN RETRIEVAL 10MM",PP-OR-1487
14509268,"RELOAD, GIA 80MM - 3.8MM",PP-OR-1487
14509269,"STAPLER, GIA 80MM - 3.8MM",PP-OR-1487
14509270,"TROCAR, ENDO CLOSE",PP-OR-1487
14510261,"RELOAD, ARTICULATE ENDO GIA TRISTAPLE MED/THICK RE",PP-OR-1487
14510293,"HANDLE, ENDO GIA 12MM UNIVERSAL",PP-OR-1487
14510294,"RELOAD, ENDO GIA 45MM CURVE TIP ART MED/THCK PURPL",PP-OR-1487
14510295,"RELOAD, ENDO GIA ARTICULATE TRI-STAPLE 60MM MED/THCK",PP-OR-1487
14510296,"RELOAD, ARTICULATE ENDO GIA TRISTAPLE EXTRA/THICK",PP-OR-1487
14510297,"RELOAD, TA 30MM - V3",PP-OR-1487
14510298,"RELOAD, GIA 80MM - 3.8MM",PP-OR-1487
14510299,"STAPLER, GIA 80MM - 3.8MM",PP-OR-1487
14511002,"STAPLER, TA 90-3.5",PP-OR-1487
14511006,"STAPLER, TA 60-3.5",PP-OR-1487
14511400,"STAPLER, GIA 80MM - 3.8MM",PP-OR-1487
14511421,"APPLIER, ENDO CLIP III 5MM",PP-OR-1487
14511422,"APPLIER, ENDO CLIP II MED/LARGE 10 MM 20 TI CLIPS",PP-OR-1487
14511423,"APPLIER, SURGICLIP III 9.0IN SMALL",PP-OR-1487
14511424,"APPLIER, SURGICLIP 11.5IN MED",PP-OR-1487
14511516,"APPLIER, SURGICLIP III 9.0IN SMALL",PP-OR-1487
14511517,"APPLIER, SURGICLIP 11.5IN MED",PP-OR-1487
14511518,"RELOAD, GIA 80MM - 3.8MM",PP-OR-1487
14511519,"STAPLER, GIA 80MM - 3.8MM",PP-OR-1487
14511520,"PURSTRING, DISP. 65 INST.",PP-OR-1487
14511523,"HANDLE, ENDO GIA 12MM UNIVERSAL",PP-OR-1487
14511524,"RELOAD, ENDO GIA 45MM CURVE TIP ART MED/THCK PURPL",PP-OR-1487
14511525,"RELOAD, ENDO GIA ARTICULATE TRI-STAPLE 60MM MED/THCK",PP-OR-1487
14512240,"STAPLER, DST GIA 80MM TRI-STAPLE PURPLE MED 3.0, 3.5, 4.0",PP-OR-1487
14512555,"SCISSORS, IRIS SHARP/SHARP 4.5 INCH - STERILE",PP-OR-1487
14513856,"STAPLER, DST SERIES 33 MM W/ 4.8 MM STAPLE",PP-OR-1487
14513894,"TROCAR, ENDO CLOSE",PP-OR-1487
14513895,"ENDO STITCH, DISP 10MM",PP-OR-1487
14513896,"SUTURE, 0 POLYSORB ENDO STITCH UNDYED ES-9 48",PP-OR-1487
14513901,"SUTURE, 0 POLYSORB ENDO STITCH UNDYED ES-9 48",PP-OR-1487
14513904,"RELOAD, ARTICULATING ENDO GIA TRISTAPLE MED TAN 60MM",PP-OR-1487
14513929,"BAG, SPECIMEN RETRIEVAL 10MM",PP-OR-1487
14514417,"STAPLER, TA 90-3.5",PP-OR-1487
14514418,"STAPLER, TA 60-3.5",PP-OR-1487
14514419,"STAPLER, TA 60-3.5",PP-OR-1487
14514705,"APPLIER, SURGICLIP III 9.0IN SMALL",PP-OR-1487
14514706,"APPLIER, SURGICLIP 11.5IN MED",PP-OR-1487
14514707,"APPLIER, SURGICLIP MED 9.75",PP-OR-1487
14514708,"APPLIER, SURGICLIP LRG 13.0 TIT",PP-OR-1487
14514709,"CLIP, LAPROCLIP LIGATING CARTRIDGE ABSORB 12MM",PP-OR-1487
14514710,"STAPLER, GIA 80MM - 3.8MM",PP-OR-1487
14514714,"HANDLE, GIA UNIVERSAL SHORT 12MM",PP-OR-1487
14516027,"APPLIER, ENDO CLIP III 5MM",PP-OR-1487
14516028,"ENDO STITCH, DISP 10MM",PP-OR-1487
14516062,"RELOAD, ENDO GIA ROT VASCULAR MED TAN 45MM",PP-OR-1487
14516063,"RELOAD, ENDO GIA 45MM TRISTAPLE ARTICULATING MED TAN",PP-OR-1487
14516064,"RELOAD, ENDO GIA ARTICULATE TRI-STAPLE 60MM MED/THCK",PP-OR-1487
14516065,"RELOAD, ENDO GIA ARTICULATE TRI-STAPLE 60MM EXTRA/THCK",PP-OR-1487
14516070,"BAG, SPECIMEN RETRIEVAL 10MM",PP-OR-1487
14516071,"TROCAR, ENDO CLOSE",PP-OR-1487
14516073,"STAPLER, EEA XL 33MM W/ 4.8MM STAPLE",PP-OR-1487
14516078,"SCISSORS, IRIS SHARP/SHARP 4.5 INCH - STERILE",PP-OR-1487
14517091,"APPLIER, SURGICLIP III 9.0IN SMALL",PP-OR-1487
14517092,"APPLIER, SURGICLIP 11.5IN MED",PP-OR-1487
14517113,"RELOAD, ARTICULATE ENDO GIA TRISTAPLE EXTRA/THICK",PP-OR-1487
14517114,"RELOAD, SIGNIA TRI-STAPLE 2.0 30 MM CURVED TIP ARTICULATING VASCULAR/MEDIUM",PP-OR-1487
14517115,"RELOAD, ENDO GIA ARTICULATE TRI-STAPLE 60MM MED/THCK",PP-OR-1487
14517151,"APPLIER, ENDO CLIP II MED/LARGE 10 MM 20 TI CLIPS",PP-OR-1487
14517152,"APPLIER, SURGICLIP III 9.0IN SMALL",PP-OR-1487
14517153,"APPLIER, SURGICLIP 11.5IN MED",PP-OR-1487
14517154,"SCISSOR, ENDO SHEARS 5MM",PP-OR-1487
14517155,"RELOAD, SIGNIA VASCULAR SM DIA CURVED TIP 30MM",PP-OR-1487
14517156,"STAPLER, EEA XL 28MM W/ 4.8MM STAPLE",PP-OR-1487
14517157,"PURSTRING, DISP. 65 INST.",PP-OR-1487
14517164,"HANDLE, ENDO GIA 12MM UNIVERSAL",PP-OR-1487
14517165,"RELOAD, SIGNIA TRI-STAPLE 2.0 30 MM CURVED TIP ARTICULATING VASCULAR/MEDIUM",PP-OR-1487
14517166,"RELOAD, ENDO GIA ROT VASCULAR MED TAN 45MM",PP-OR-1487
14517167,"RELOAD, ENDO GIA 45MM TRISTAPLE ARTICULATING MED TAN",PP-OR-1487
14517168,"RELOAD, ENDO GIA ARTICULATE TRI-STAPLE 60MM EXTRA/THCK",PP-OR-1487
14518911,"STAPLER, DST GIA 60MM TRI-STAPLE BLACK THICK 4.0, 4.5, 5.0",PP-OR-1487
14519481,"BAG, SPECIMEN RETRIEVAL 10MM",PP-OR-1487
14519482,"HANDLE, ENDO GIA 12MM UNIVERSAL",PP-OR-1487
14519483,"STAPLER, SHELL SIGNIA POWER CONTROL",PP-OR-1487
14519484,"RELOAD, ENDO GIA 45MM CURVE TIP ART MED/THCK PURPL",PP-OR-1487
14521035,"RELOAD, DST GIA 60MM TRI-STAPLE BLACK THICK 4.0, 4.5, 5.0",PP-OR-1487
14521193,"STAPLER, TA 30V-3 NON-ABS CLIP",PP-OR-1487
14522122,"KIT, LAPAROSCOPIC ANTI-FOGGING CLEARIFY",PP-OR-1487
14522481,"SCISSORS, METZENBAUM CURVED 5-1/2 INCH - STERILE",PP-OR-1487
14522527,"SUTURE, 0 POLYSORB ENDO STITCH UNDYED ES-9 48",PP-OR-1487
14522539,"RELOAD, ENDO GIA MED THICK PURPLE 45MM",PP-OR-1487
14522552,"RELOAD, SIGNIA TRI-STAPLE 2.0 30 MM CURVED TIP ARTICULATING VASCULAR/MEDIUM",PP-OR-1487
14522553,"RELOAD, ENDO GIA ARTICULATE TRI-STAPLE 60MM MED/THCK",PP-OR-1487
14522572,"STAPLER, GIA 80MM - 3.8MM",PP-OR-1487
14522573,"ENDO STITCH, DISP 10MM",PP-OR-1487
14522577,"RELOAD, ENDO GIA ROT VASCULAR MED TAN 45MM",PP-OR-1487
14522876,"DUSTPAN, LOBBY WITH HANDLE - BLACK",PP-OR-1487
14524783,"APPLIER, SURGICLIP 11.5IN MED",PP-OR-1487
14524784,"RELOAD, SIGNIA TRI-STAPLE 2.0 30 MM CURVED TIP ARTICULATING VASCULAR/MEDIUM",PP-OR-1487
14524785,"RELOAD, ENDO GIA ROT VASCULAR MED TAN 45MM",PP-OR-1487
14524786,"RELOAD, ENDO GIA ARTICULATE TRI-STAPLE 60MM MED/THCK",PP-OR-1487
14524843,"SUTURE, 0 SURGIDAC ENDO STITCH 48&quot;",PP-OR-1487
14524844,"ENDO STITCH, DISP 10MM",PP-OR-1487
14524880,"APPLIER, ENDO CLIP III 5MM",PP-OR-1487
14524881,"APPLIER, ENDOCLIP 10MM",PP-OR-1487
14524882,"BAG, SPECIMEN RETRIEVAL 10MM",PP-OR-1487
14524883,"STAPLER, DST SERIES 28 MM W/ 4.8 MM STAPLE",PP-OR-1487
14524902,"HANDLE, ENDO GIA 12MM UNIVERSAL",PP-OR-1487
14524903,"HANDLE, GIA UNIVERSAL SHORT 12MM",PP-OR-1487
14524904,"RELOAD, SIGNIA TRI-STAPLE 2.0 30 MM CURVED TIP ARTICULATING VASCULAR/MEDIUM",PP-OR-1487
14524905,"RELOAD, ENDO GIA 45MM TRISTAPLE ARTICULATING MED TAN",PP-OR-1487
14524906,"RELOAD, ENDO GIA ARTICULATE TRI-STAPLE 60MM MED/THCK",PP-OR-1487
14524986,"APPLIER, ENDO CLIP II MED/LARGE 10 MM 20 TI CLIPS",PP-OR-1487
14524987,"APPLIER, SURGICLIP 11.5IN MED",PP-OR-1487
14524988,"APPLIER, SURGICLIP III 9.0IN SMALL",PP-OR-1487
14524989,"TROCAR, ENDO CLOSE",PP-OR-1487
14524994,"RELOAD, ENDO GIA ARTICULATE TRI-STAPLE 60MM MED/THCK",PP-OR-1487
14525000,"APPLIER, ENDO CLIP II MED/LARGE 10 MM 20 TI CLIPS",PP-OR-1487
14525002,"STAPLER, EEA XL 33MM W/ 4.8MM STAPLE",PP-OR-1487
14525167,"DUSTPAN, LOBBY WITH HANDLE - BLACK",PP-OR-1487
14525825,"STAPLER, TA 90-3.5",PP-OR-1487
14528401,"APPLIER, ENDO CLIP III 5MM",PP-OR-1487
14528402,"APPLIER, ENDO CLIP II MED/LARGE 10 MM 20 TI CLIPS",PP-OR-1487
14528403,"PURSTRING, DISP. 65 INST.",PP-OR-1487
14528404,"TROCAR, ENDO CLOSE",PP-OR-1487
14528405,"STAPLER, SHELL SIGNIA POWER CONTROL",PP-OR-1487
14528964,"RELOAD, DST GIA 80MM TRI-STAPLE PURPLE MED 3.0, 3.5, 4.0",PP-OR-1487
14530132,"STAPLER, DST GIA 80MM TRI-STAPLE PURPLE MED 3.0, 3.5, 4.0",PP-OR-1487
14530133,"RELOAD, DST GIA 80MM TRI-STAPLE PURPLE MED 3.0, 3.5, 4.0",PP-OR-1487
14530417,"APPLIER, SURGICLIP III 9.0IN SMALL",PP-OR-1487
14530418,"HANDLE, ENDO GIA 12MM UNIVERSAL",PP-OR-1487
14530464,"STAPLER, ENDOGIA ULTRA UNIV 12MM XL",PP-OR-1487
14530465,"RELOAD, ENDO GIA ARTICULATE TRI-STAPLE 60MM MED/THCK",PP-OR-1487
14530486,"APPLIER, ENDO CLIP III 5MM",PP-OR-1487
14530487,"APPLIER, ENDOCLIP 10MM",PP-OR-1487
14530488,"SUTURE, 0 POLYSORB ENDO STITCH UNDYED ES-9 48",PP-OR-1487
14530491,"HANDLE, ENDO GIA 12MM UNIVERSAL",PP-OR-1487
14530492,"STAPLER, ENDOGIA ULTRA UNIV 12MM XL",PP-OR-1487
14530493,"RELOAD, ENDO GIA 45MM TRISTAPLE ARTICULATING MED TAN",PP-OR-1487
14530494,"RELOAD, ARTICULATING ENDO GIA TRISTAPLE MED TAN 60MM",PP-OR-1487
14530495,"RELOAD, ARTICULATE ENDO GIA TRISTAPLE MED/THICK RE",PP-OR-1487
14534014,"BAG, SPECIMEN RETRIEVAL 10MM",PP-OR-1487
14534015,"RELOAD, SIGNIA 2.0 TRI-STAPLE 30 MED THK PURPLE 12MM",PP-OR-1487
14534016,"BAG, SPECIMEN RETRIEVAL 10MM",PP-OR-1487
14534130,"APPLIER, ENDO CLIP II MED/LARGE 10 MM 20 TI CLIPS",PP-OR-1487
14534131,"PURSTRING, DISP. 65 INST.",PP-OR-1487
14534138,"HANDLE, ENDO GIA 12MM UNIVERSAL",PP-OR-1487
14534167,"APPLIER, ENDOCLIP 10MM",PP-OR-1487
14534168,"BAG, SPECIMEN RETRIEVAL 10MM",PP-OR-1487
14534170,"BAG, SPECIMEN RETRIEVAL 10MM",PP-OR-1487
14534176,"HANDLE, ENDO GIA 12MM UNIVERSAL",PP-OR-1487
14534177,"STAPLER, ENDOGIA ULTRA UNIV 12MM XL",PP-OR-1487
14534178,"RELOAD, ENDO GIA 45MM TRISTAPLE ARTICULATING MED TAN",PP-OR-1487
14534179,"RELOAD, ARTICULATE ENDO GIA TRISTAPLE MED/THICK RE",PP-OR-1487
14534190,"POUCH, SPECIMEN ENDOCATCH II 15MM",PP-OR-1487
14534191,"TROCAR, ENDO CLOSE",PP-OR-1487
14534192,"PURSTRING, DISP. 65 INST.",PP-OR-1487
14535270,"RELOAD, ENDO GIA ARTICULATE TRI-STAPLE 60MM MED/THCK",PP-OR-1487
14535272,"RELOAD, ARTICULATING ENDO GIA TRISTAPLE MED TAN 60MM",PP-OR-1487
14535276,"STAPLER, EEA XL 28MM W/ 4.8MM STAPLE",PP-OR-1487
14537724,"STAPLER, EEA XL 28MM W/ 4.8MM STAPLE",PP-OR-1487
14537802,"BAG, SPECIMEN RETRIEVAL 10MM",PP-OR-1487
14537803,"TROCAR, ENDO CLOSE",PP-OR-1487
14537804,"HANDLE, GIA UNIVERSAL SHORT 12MM",PP-OR-1487
14537805,"RELOAD, ENDO GIA ROT VASCULAR MED TAN 45MM",PP-OR-1487
14539565,"STAPLER, EEA XL 31MM W/ 4.8MM STAPLE",PP-OR-1487
14539860,"APPLIER, SURGICLIP III 9.0IN SMALL",PP-OR-1487
14539861,"APPLIER, SURGICLIP 11.5IN MED",PP-OR-1487
14539883,"RELOAD, ENDO GIA 45MM TRISTAPLE ARTICULATING MED TAN",PP-OR-1487
14539884,"RELOAD, ARTICULATING ENDO GIA TRISTAPLE MED TAN 60MM",PP-OR-1487
14539888,"APPLIER, ENDO CLIP II MED/LARGE 10 MM 20 TI CLIPS",PP-OR-1487
14539951,"APPLIER, ENDOCLIP 10MM",PP-OR-1487
14539969,"APPLIER, SURGICLIP III 9.0IN SMALL",PP-OR-1487
14540017,"HANDLE, ENDO GIA 12MM UNIVERSAL",PP-OR-1487
14540018,"RELOAD, ENDO GIA 45MM TRISTAPLE ARTICULATING MED TAN",PP-OR-1487
14540019,"RELOAD, ENDO GIA ARTICULATE TRI-STAPLE 60MM EXTRA/THCK",PP-OR-1487
14540020,"APPLIER, SURGICLIP MED 9.75",PP-OR-1487
14540793,"STAPLER, DST GIA 80MM TRI-STAPLE PURPLE MED 3.0, 3.5, 4.0",PP-OR-1487
14540794,"RELOAD, DST GIA 80MM TRI-STAPLE PURPLE MED 3.0, 3.5, 4.0",PP-OR-1487
14541155,"RELOAD, SIGNIA VASCULAR SM DIA CURVED TIP 30MM",PP-OR-1487
14541158,"APPLIER, SURGICLIP III 9.0IN SMALL",PP-OR-1487
14541159,"HANDLE, GIA UNIVERSAL SHORT 12MM",PP-OR-1487
14541216,"TROCAR, ENDO CLOSE",PP-OR-1487
14541217,"APPLIER, ENDO CLIP II MED/LARGE 10 MM 20 TI CLIPS",PP-OR-1487
14541218,"BAG, SPECIMEN RETRIEVAL 10MM",PP-OR-1487
14541219,"RELOAD, ENDO GIA 45MM TRISTAPLE ARTICULATING MED TAN",PP-OR-1487
14541258,"STAPLER, TA 30V-3 NON-ABS CLIP",PP-OR-1487
14541259,"APPLIER, ENDO CLIP III 5MM",PP-OR-1487
14541260,"RELOAD, GIA 80MM - 3.8MM",PP-OR-1487
14541274,"HANDLE, ENDO GIA 12MM UNIVERSAL",PP-OR-1487
14541275,"STAPLER, SHELL SIGNIA POWER CONTROL",PP-OR-1487
14541276,"RELOAD, SIGNIA TRI-STAPLE 2.0 30 MM CURVED TIP ARTICULATING VASCULAR/MEDIUM",PP-OR-1487
14541277,"RELOAD, ENDO GIA ROT VASCULAR MED TAN 45MM",PP-OR-1487
14541278,"RELOAD, ENDO GIA ARTICULATE TRI-STAPLE 60MM MED/THCK",PP-OR-1487
14541279,"RELOAD, ARTICULATING ENDO GIA TRISTAPLE MED TAN 60MM",PP-OR-1487
14541325,"RELOAD, ENDO GIA ARTICULATE TRI-STAPLE 60MM EXTRA/THCK",PP-OR-1487
14543894,"SCISSOR, IRIS STRAIGHT 4.5 INCH - STERILE",PP-OR-1487
14543897,"HANDLE, GIA UNIVERSAL SHORT 12MM",PP-OR-1487
14544719,"BAG, SPECIMEN RETRIEVAL 10MM",PP-OR-1487
14544720,"ENDO STITCH, DISP 10MM",PP-OR-1487
14544723,"TROCAR, ENDO CLOSE",PP-OR-1487
14544725,"RELOAD, ENDO GIA ARTICULATE TRI-STAPLE 60MM MED/THCK",PP-OR-1487
14544827,"SUTURE, 0 SURGIDAC ENDO STITCH 48&quot;",PP-OR-1487
14544835,"APPLIER, SURGICLIP III 9.0IN SMALL",PP-OR-1487
14544836,"APPLIER, SURGICLIP 11.5IN MED",PP-OR-1487
14544837,"BAG, SPECIMEN RETRIEVAL 10MM",PP-OR-1487
14544838,"RELOAD, GIA 80MM - 3.8MM",PP-OR-1487
14544839,"PURSTRING, DISP. 65 INST.",PP-OR-1487
14544840,"STAPLER, SHELL SIGNIA POWER CONTROL",PP-OR-1487
14544841,"HANDLE, GIA UNIVERSAL SHORT 12MM",PP-OR-1487
14544842,"RELOAD, ENDO GIA ARTICULATE TRI-STAPLE 60MM MED/THCK",PP-OR-1487
14544843,"RELOAD, ARTICULATE ENDO GIA TRISTAPLE MED/THICK RE",PP-OR-1487
14545519,"STAPLER, EEA XL 31MM W/ 4.8MM STAPLE",PP-OR-1487
14545916,"APPLIER, ENDO CLIP II MED/LARGE 10 MM 20 TI CLIPS",PP-OR-1487
14545917,"APPLIER, SURGICLIP III 9.0IN SMALL",PP-OR-1487
14545918,"APPLIER, SURGICLIP 11.5IN MED",PP-OR-1487
14545920,"SCISSOR, ENDO SHEARS 5MM",PP-OR-1487
14545921,"CLIP, LAPROCLIP LIGATING CARTRIDGE ABSORB 12MM",PP-OR-1487
14545922,"SUTURE, 2-0 SURGIDAC ENDO STITCH 48IN",PP-OR-1487
14545923,"SUTURE, 0 SURGIDAC ENDO STITCH 48&quot;",PP-OR-1487
14545924,"HANDLE, ENDO GIA 12MM UNIVERSAL",PP-OR-1487
14545925,"RELOAD, ENDO GIA MED THICK PURPLE 45MM",PP-OR-1487
14545926,"RELOAD, ENDO GIA ARTICULATE TRI-STAPLE 60MM MED/THCK",PP-OR-1487
14545927,"RELOAD, ARTICULATE ENDO GIA TRISTAPLE EXTRA/THICK",PP-OR-1487
14545929,"TROCAR, ENDO CLOSE",PP-OR-1487
14545930,"ENDO STITCH, DISP 10MM",PP-OR-1487
14545941,"RELOAD, ARTICULATING ENDO GIA TRISTAPLE MED TAN 60MM",PP-OR-1487
14545942,"RELOAD, ARTICULATE ENDO GIA TRISTAPLE MED/THICK RE",PP-OR-1487
14547008,"SCISSOR, IRIS STRAIGHT 4.5 INCH - STERILE",PP-OR-1487
14547118,"HANDLE, ENDO GIA 12MM UNIVERSAL",PP-OR-1487
14547119,"RELOAD, ENDO GIA ARTICULATE TRI-STAPLE 60MM MED/THCK",PP-OR-1487
14547133,"APPLIER, SURGICLIP III 9.0IN SMALL",PP-OR-1487
14547134,"APPLIER, SURGICLIP 11.5IN MED",PP-OR-1487
14547135,"APPLIER, SURGICLIP LRG 13.0 TIT",PP-OR-1487
14547136,"BAG, SPECIMEN RETRIEVAL 10MM",PP-OR-1487
14547137,"STAPLER, DST SERIES GIA 60MM - 3.8MM RELOADABLE",PP-OR-1487
14547138,"RELOAD, GIA 80MM - 3.8MM",PP-OR-1487
14547139,"STAPLER, GIA 80MM - 3.8MM",PP-OR-1487
14547140,"TROCAR, ENDO CLOSE",PP-OR-1487
14547222,"HANDLE, ENDO GIA 12MM UNIVERSAL",PP-OR-1487
14547223,"RELOAD, ENDO GIA ROT VASCULAR MED TAN 45MM",PP-OR-1487
14547224,"RELOAD, ENDO GIA 45MM TRISTAPLE ARTICULATING MED TAN",PP-OR-1487
14547225,"RELOAD, ENDO GIA ARTICULATE TRI-STAPLE 60MM MED/THCK",PP-OR-1487
14547226,"RELOAD, ENDO GIA ARTICULATE TRI-STAPLE 60MM EXTRA/THCK",PP-OR-1487
14547242,"APPLIER, SURGICLIP 11.5IN MED",PP-OR-1487
14547243,"RELOAD, GIA 80MM - 3.8MM",PP-OR-1487
14547244,"STAPLER, GIA 80MM - 3.8MM",PP-OR-1487
14547245,"PURSTRING, DISP. 65 INST.",PP-OR-1487
14547246,"STAPLER, EEA XL 28MM W/ 4.8MM STAPLE",PP-OR-1487
14548397,"DUSTPAN, LOBBY WITH HANDLE - BLACK",PP-OR-1487
14550089,"APPLIER, ENDO CLIP III 5MM",PP-OR-1487
14550090,"ENDO STITCH, DISP 10MM",PP-OR-1487
14550091,"SUTURE, 0 POLYSORB ENDO STITCH UNDYED ES-9 48",PP-OR-1487
14550096,"BAG, SPECIMEN RETRIEVAL 10MM",PP-OR-1487
14550097,"POUCH, SPECIMEN ENDOCATCH II 15MM",PP-OR-1487
14550098,"BAG, SPECIMEN RETRIEVAL 10MM",PP-OR-1487
14550110,"RELOAD, SIGNIA 2.0 TRI-STAPLE 30 VSCLR MED TAN 12MM",PP-OR-1487
14550111,"RELOAD, ENDO GIA 45MM TRISTAPLE ARTICULATING MED TAN",PP-OR-1487
14550112,"RELOAD, ENDO GIA MED THICK PURPLE 45MM",PP-OR-1487
14550113,"RELOAD, ARTICULATING ENDO GIA TRISTAPLE MED TAN 60MM",PP-OR-1487
14550114,"RELOAD, ARTICULATE ENDO GIA TRISTAPLE MED/THICK RE",PP-OR-1487
14550115,"STAPLER, SHELL SIGNIA POWER CONTROL",PP-OR-1487
14550131,"HANDLE, ENDO GIA 12MM UNIVERSAL",PP-OR-1487
14550132,"RELOAD, ENDO GIA 45MM TRISTAPLE ARTICULATING MED TAN",PP-OR-1487
14550150,"SCISSOR, BANDAGE 5.5 INCH - STERILE",PP-OR-1487
14551147,"APPLIER, ENDO CLIP II MED/LARGE 10 MM 20 TI CLIPS",PP-OR-1487
14551148,"STAPLER, GIA 80MM - 3.8MM",PP-OR-1487
14551149,"STAPLER, EEA XL 25MM W/3.5MM STAPLES",PP-OR-1487
14551150,"STAPLER, EEA XL 28MM W/ 4.8MM STAPLE",PP-OR-1487
14551166,"HANDLE, ENDO GIA 12MM UNIVERSAL",PP-OR-1487
14551167,"STAPLER, SHELL SIGNIA POWER CONTROL",PP-OR-1487
14551168,"RELOAD, ENDO GIA 45MM TRISTAPLE ARTICULATING MED TAN",PP-OR-1487
14551169,"RELOAD, ENDO GIA MED THICK PURPLE 45MM",PP-OR-1487
14551170,"RELOAD, ENDO GIA ARTICULATE TRI-STAPLE 60MM MED/THCK",PP-OR-1487
14551171,"RELOAD, ARTICULATE ENDO GIA TRISTAPLE EXTRA/THICK",PP-OR-1487
14551172,"RELOAD, ARTICULATE ENDO GIA TRISTAPLE EXTRA/THICK",PP-OR-1487
14552784,"ADAPTER, SIGNIA POWER LINEAR XL",PP-OR-1487
14553156,"SCISSOR, ENDO SHEARS 5MM",PP-OR-1487
14553158,"RELOAD, ENDO GIA ARTICULATE TRI-STAPLE 60MM MED/THCK",PP-OR-1487
14553159,"RELOAD, ENDO GIA ARTICULATE TRI-STAPLE 60MM EXTRA/THCK",PP-OR-1487
14553185,"APPLIER, ENDOCLIP 10MM",PP-OR-1487
14553186,"ENDO STITCH, DISP 10MM",PP-OR-1487
14553190,"POUCH, SPECIMEN ENDOCATCH II 15MM",PP-OR-1487
14553191,"RELOAD, ARTICULATE ENDO GIA TRISTAPLE EXTRA/THICK",PP-OR-1487
14553192,"RELOAD, ARTICULATE ENDO GIA TRISTAPLE MED/THICK RE",PP-OR-1487
14553193,"STAPLER, SHELL SIGNIA POWER CONTROL",PP-OR-1487
14553194,"BAG, SPECIMEN RETRIEVAL 10MM",PP-OR-1487
14554378,"APPLIER, ENDO CLIP III 5MM",PP-OR-1487
14554379,"APPLIER, SURGICLIP III 9.0IN SMALL",PP-OR-1487
14554380,"APPLIER, SURGICLIP 11.5IN MED",PP-OR-1487
14554381,"APPLIER, SURGICLIP MED 9.75",PP-OR-1487
14554382,"BAG, SPECIMEN RETRIEVAL 10MM",PP-OR-1487
14554383,"STAPLER, GIA 80MM - 3.8MM",PP-OR-1487
14554418,"STAPLER, ENDOGIA ULTRA UNIV 12MM XL",PP-OR-1487
14554419,"HANDLE, ENDO GIA 12MM UNIVERSAL",PP-OR-1487
14554491,"SCISSOR, ENDO SHEARS 5MM",PP-OR-1487
14554499,"BAG, SPECIMEN RETRIEVAL 10MM",PP-OR-1487
14554514,"SUTURE, 0 SURGIDAC ENDO STITCH 48&quot;",PP-OR-1487
14558976,"APPLIER, SURGICLIP III 9.0IN SMALL",PP-OR-1487
14558977,"APPLIER, SURGICLIP 11.5IN MED",PP-OR-1487
14558978,"BAG, SPECIMEN RETRIEVAL 10MM",PP-OR-1487
14558979,"RELOAD, GIA 80MM - 3.8MM",PP-OR-1487
14558980,"STAPLER, GIA 80MM - 3.8MM",PP-OR-1487
14558981,"TROCAR, ENDO CLOSE",PP-OR-1487
14558982,"RELOAD, ENDO GIA 45MM TRISTAPLE ARTICULATING MED TAN",PP-OR-1487
14561108,"STAPLER, ENDOGIA ULTRA UNIV 12MM XL",PP-OR-1487
14561110,"RELOAD, ARTICULATING ENDO GIA TRISTAPLE MED TAN 60MM",PP-OR-1487
14561111,"RELOAD, ARTICULATE ENDO GIA TRISTAPLE MED/THICK RE",PP-OR-1487
14561131,"APPLIER, ENDO CLIP III 5MM",PP-OR-1487
14561132,"RELOAD, GIA 80MM - 3.8MM",PP-OR-1487
14561133,"STAPLER, GIA 80MM - 3.8MM",PP-OR-1487
14561161,"HANDLE, ENDO GIA 12MM UNIVERSAL",PP-OR-1487
14561170,"ENDO STITCH, DISP 10MM",PP-OR-1487
14561171,"SUTURE, 0 POLYSORB ENDO STITCH UNDYED ES-9 48",PP-OR-1487
14561173,"POUCH, SPECIMEN ENDOCATCH II 15MM",PP-OR-1487
14564961,"TROCAR, ENDO CLOSE",PP-OR-1487
14565033,"APPLIER, SURGICLIP MED 9.75",PP-OR-1487
14565034,"RELOAD, TA 90-3.5",PP-OR-1487
14565035,"TROCAR, ENDO CLOSE",PP-OR-1487
14565036,"APPLIER, ENDO CLIP III 5MM",PP-OR-1487
14565039,"HANDLE, ENDO GIA 12MM UNIVERSAL",PP-OR-1487
14565040,"RELOAD, ARTICULATE ENDO GIA TRISTAPLE MED/THICK RE",PP-OR-1487
14565041,"STAPLER, SHELL SIGNIA POWER CONTROL",PP-OR-1487
14565061,"HANDLE, ENDO GIA 12MM UNIVERSAL",PP-OR-1487
14565062,"RELOAD, SIGNIA TRI-STAPLE 2.0 30 MM CURVED TIP ARTICULATING VASCULAR/MEDIUM",PP-OR-1487
14565063,"RELOAD, ENDO GIA ROT VASCULAR MED TAN 45MM",PP-OR-1487
14565064,"RELOAD, ENDO GIA 45MM TRISTAPLE ARTICULATING MED TAN",PP-OR-1487
14565065,"RELOAD, ENDO GIA ARTICULATE TRI-STAPLE 60MM MED/THCK",PP-OR-1487
14565066,"RELOAD, ENDO GIA ARTICULATE TRI-STAPLE 60MM EXTRA/THCK",PP-OR-1487
14565078,"APPLIER, SURGICLIP III 9.0IN SMALL",PP-OR-1487
14565079,"APPLIER, SURGICLIP 11.5IN MED",PP-OR-1487
14565080,"BAG, SPECIMEN RETRIEVAL 10MM",PP-OR-1487
14565081,"PURSTRING, DISP. 65 INST.",PP-OR-1487
14566448,"DUSTPAN, LOBBY WITH HANDLE - BLACK",PP-OR-1487
14567751,"SCISSORS, OPERATING 5-1/2 INCH SS - STERILE",PP-OR-1487
14569899,"KIT, LAPAROSCOPIC ANTI-FOGGING CLEARIFY",PP-OR-1487
14570230,"APPLIER, SURGICLIP III 9.0IN SMALL",PP-OR-1487
14570231,"RELOAD, GIA 80MM - 3.8MM",PP-OR-1487
14570232,"STAPLER, GIA 80MM - 3.8MM",PP-OR-1487
14570233,"TROCAR, ENDO CLOSE",PP-OR-1487
14570243,"HANDLE, ENDO GIA 12MM UNIVERSAL",PP-OR-1487
14570244,"RELOAD, SIGNIA TRI-STAPLE 2.0 30 MM CURVED TIP ARTICULATING VASCULAR/MEDIUM",PP-OR-1487
14570245,"RELOAD, ENDO GIA ROT VASCULAR MED TAN 45MM",PP-OR-1487
14571195,"STAPLER, ENDOGIA ULTRA UNIV 12MM XL",PP-OR-1487
14571196,"RELOAD, ENDO GIA 45MM TRISTAPLE ARTICULATING MED TAN",PP-OR-1487
14571197,"RELOAD, ARTICULATING ENDO GIA TRISTAPLE MED TAN 60MM",PP-OR-1487
14571198,"RELOAD, ARTICULATE ENDO GIA TRISTAPLE MED/THICK RE",PP-OR-1487
14571207,"SUTURE, 0 POLYSORB ENDO STITCH UNDYED ES-9 48",PP-OR-1487
14571209,"APPLIER, SURGICLIP III 9.0IN SMALL",PP-OR-1487
14571226,"APPLIER, ENDO CLIP III 5MM",PP-OR-1487
14571227,"APPLIER, SURGICLIP 11.5IN MED",PP-OR-1487
14571228,"APPLIER, SURGICLIP LRG 13.0 TIT",PP-OR-1487
14571229,"BAG, SPECIMEN RETRIEVAL 10MM",PP-OR-1487
14571230,"RELOAD, GIA 80MM - 3.8MM",PP-OR-1487
14571266,"STAPLER, SHELL SIGNIA POWER CONTROL",PP-OR-1487
14571267,"RELOAD, SIGNIA TRI-STAPLE 2.0 30 MM CURVED TIP ARTICULATING VASCULAR/MEDIUM",PP-OR-1487
14571268,"RELOAD, ENDO GIA ROT VASCULAR MED TAN 45MM",PP-OR-1487
14572303,"STAPLER, TA 60MM - 4.8MM RELOADABLE",PP-OR-1487
14572304,"RELOAD, GIA 80MM - 3.8MM",PP-OR-1487
14572305,"STAPLER, GIA 80MM - 3.8MM",PP-OR-1487
14572306,"PURSTRING, DISP. 65 INST.",PP-OR-1487
14572315,"HANDLE, GIA UNIVERSAL SHORT 12MM",PP-OR-1487
14573301,"SCISSOR, BANDAGE 5.5 INCH - STERILE",PP-OR-1487
14573625,"BAG, SPECIMEN RETRIEVAL 10MM",PP-OR-1487
14573626,"POUCH, SPECIMEN ENDOCATCH II 15MM",PP-OR-1487
14573634,"SUTURE, 0 POLYSORB ENDO STITCH UNDYED ES-9 48",PP-OR-1487
14573637,"RELOAD, ENDO GIA ROT VASCULAR MED TAN 45MM",PP-OR-1487
14573638,"RELOAD, ENDO GIA MED THICK PURPLE 45MM",PP-OR-1487
14573639,"RELOAD, ARTICULATING ENDO GIA TRISTAPLE MED TAN 60MM",PP-OR-1487
14573640,"RELOAD, SIGNIA 2.0 TRI-STAPLE 30 VSCLR MED TAN 12MM",PP-OR-1487
14573642,"APPLIER, ENDO CLIP II MED/LARGE 10 MM 20 TI CLIPS",PP-OR-1487
14573643,"APPLIER, SURGICLIP III 9.0IN SMALL",PP-OR-1487
14573644,"APPLIER, SURGICLIP 11.5IN MED",PP-OR-1487
14573645,"BAG, SPECIMEN RETRIEVAL 10MM",PP-OR-1487
14574596,"RELOAD, SIGNIA 2.0 TRI-STAPLE 30 MED THK PURPLE 12MM",PP-OR-1487
14574608,"SCISSOR, IRIS STRAIGHT 4.5 INCH - STERILE",PP-OR-1487
14575554,"APPLIER, ENDO CLIP III 5MM",PP-OR-1487
14575555,"APPLIER, ENDOCLIP 10MM",PP-OR-1487
14575556,"APPLIER, SURGICLIP III 9.0IN SMALL",PP-OR-1487
14575557,"APPLIER, SURGICLIP 11.5IN MED",PP-OR-1487
14575558,"STAPLER, GIA 80MM - 3.8MM",PP-OR-1487
14575559,"STAPLER, EEA XL 28MM W/ 4.8MM STAPLE",PP-OR-1487
14575560,"HANDLE, GIA UNIVERSAL SHORT 12MM",PP-OR-1487
14575612,"RELOAD, ARTICULATING ENDO GIA TRISTAPLE MED TAN 60MM",PP-OR-1487
14575613,"RELOAD, ARTICULATE ENDO GIA TRISTAPLE MED/THICK RE",PP-OR-1487
14575614,"RELOAD, ARTICULATE ENDO GIA TRISTAPLE MED/THICK RE",PP-OR-1487
14575619,"APPLIER, ENDO CLIP III 5MM",PP-OR-1487
14575620,"APPLIER, ENDOCLIP 10MM",PP-OR-1487
14575621,"ENDO STITCH, DISP 10MM",PP-OR-1487
14575622,"SUTURE, 0 SURGIDAC ENDO STITCH 48&quot;",PP-OR-1487
14575625,"RELOAD, ENDO GIA ARTICULATE TRI-STAPLE 60MM EXTRA/THCK",PP-OR-1487
14575640,"DEVICE, ORVIL EEA DTS SERIES 25MM",PP-OR-1487
14576759,"RELOAD, ENDO GIA ROT VASCULAR MED TAN 45MM",PP-OR-1487
14576760,"RELOAD, ENDO GIA ARTICULATE TRI-STAPLE 60MM MED/THCK",PP-OR-1487
14576822,"HANDLE, ENDO GIA 12MM UNIVERSAL",PP-OR-1487
14576823,"RELOAD, ENDO GIA ROT VASCULAR MED TAN 45MM",PP-OR-1487
14576825,"RELOAD, ENDO GIA ARTICULATE TRI-STAPLE 60MM EXTRA/THCK",PP-OR-1487
14576833,"BAG, SPECIMEN RETRIEVAL 10MM",PP-OR-1487
14576834,"RELOAD, DST SERIES GIA 60MM - 3.8MM LOADING UNIT",PP-OR-1487
14576835,"STAPLER, GIA 80MM - 3.8MM",PP-OR-1487
14576836,"PURSTRING, DISP. 65 INST.",PP-OR-1487
14579389,"RELOAD, TA 30MM - V3",PP-OR-1487
14579390,"RELOAD, ENDO GIA 45MM CURVE TIP ART MED/THCK PURPL",PP-OR-1487
14580157,"TROCAR, ENDO CLOSE",PP-OR-1487
14580158,"STAPLER, DST SERIES GIA 60MM - 3.8MM RELOADABLE",PP-OR-1487
14580173,"HANDLE, ENDO GIA 12MM UNIVERSAL",PP-OR-1487
14580219,"STAPLER, SHELL SIGNIA POWER CONTROL",PP-OR-1487
14580220,"RELOAD, SIGNIA TRI-STAPLE 2.0 30 MM CURVED TIP ARTICULATING VASCULAR/MEDIUM",PP-OR-1487
14580221,"RELOAD, ENDO GIA ROT VASCULAR MED TAN 45MM",PP-OR-1487
14580222,"RELOAD, ENDO GIA 45MM TRISTAPLE ARTICULATING MED TAN",PP-OR-1487
14580223,"RELOAD, ENDO GIA ARTICULATE TRI-STAPLE 60MM MED/THCK",PP-OR-1487
14580226,"CLIP, LAPROCLIP LIGATING CARTRIDGE ABSORB 12MM",PP-OR-1487
14583257,"RELOAD, TA 30MM - V3",PP-OR-1487
14583267,"APPLIER, SURGICLIP 11.5IN MED",PP-OR-1487
14583268,"STAPLER, TA 30V-3 NON-ABS CLIP",PP-OR-1487
14583269,"TROCAR, ENDO CLOSE",PP-OR-1487
14583280,"HANDLE, ENDO GIA 12MM UNIVERSAL",PP-OR-1487
14583281,"STAPLER, ENDOGIA ULTRA UNIV 12MM XL",PP-OR-1487
14583282,"RELOAD, ARTICULATE ENDO GIA TRISTAPLE MED/THICK RE",PP-OR-1487
14583296,"RELOAD, ENDO GIA 45MM CURVE TIP ART MED/THCK PURPL",PP-OR-1487
14583299,"HANDLE, ENDO GIA 12MM UNIVERSAL",PP-OR-1487
14583300,"STAPLER, ENDOGIA ULTRA UNIV 12MM XL",PP-OR-1487
14583301,"HANDLE, GIA UNIVERSAL SHORT 12MM",PP-OR-1487
14583302,"RELOAD, SIGNIA TRI-STAPLE 2.0 30 MM CURVED TIP ARTICULATING VASCULAR/MEDIUM",PP-OR-1487
14583303,"RELOAD, ENDO GIA ROT VASCULAR MED TAN 45MM",PP-OR-1487
14583304,"RELOAD, ENDO GIA 45MM TRISTAPLE ARTICULATING MED TAN",PP-OR-1487
14583305,"RELOAD, ENDO GIA ARTICULATE TRI-STAPLE 60MM MED/THCK",PP-OR-1487
14583310,"APPLIER, ENDO CLIP II MED/LARGE 10 MM 20 TI CLIPS",PP-OR-1487
14583311,"APPLIER, SURGICLIP III 9.0IN SMALL",PP-OR-1487
14583312,"APPLIER, SURGICLIP 11.5IN MED",PP-OR-1487
14583313,"BAG, SPECIMEN RETRIEVAL 10MM",PP-OR-1487
14583314,"TROCAR, ENDO CLOSE",PP-OR-1487
14583464,"STAPLER, TA 30V-3 NON-ABS CLIP",PP-OR-1487
14583465,"RELOAD, TA 30MM - V3",PP-OR-1487
14583466,"APPLIER, ENDO CLIP III 5MM",PP-OR-1487
14583467,"TROCAR, ENDO CLOSE",PP-OR-1487
14586751,"RELOAD, DST SERIES GIA 100MM - 3.8MM LOADING UNIT",PP-OR-1487
14586784,"APPLIER, SURGICLIP III 9.0IN SMALL",PP-OR-1487
14586785,"APPLIER, SURGICLIP 11.5IN MED",PP-OR-1487
14586786,"APPLIER, SURGICLIP LRG 13.0 TIT",PP-OR-1487
14586787,"RELOAD, GIA 80MM - 3.8MM",PP-OR-1487
14586788,"STAPLER, GIA 80MM - 3.8MM",PP-OR-1487
14586789,"CLIP, LAPROCLIP LIGATING CARTRIDGE ABSORB 12MM",PP-OR-1487
14586790,"PURSTRING, DISP. 65 INST.",PP-OR-1487
14586791,"HANDLE, GIA UNIVERSAL SHORT 12MM",PP-OR-1487
14586793,"RELOAD, SIGNIA TRI-STAPLE 2.0 30 MM CURVED TIP ARTICULATING VASCULAR/MEDIUM",PP-OR-1487
14586794,"RELOAD, ENDO GIA ROT VASCULAR MED TAN 45MM",PP-OR-1487
14587746,"RELOAD, ENDO GIA 45MM CURVE TIP ART MED/THCK PURPL",PP-OR-1487
14587794,"HANDLE, ENDO GIA 12MM UNIVERSAL",PP-OR-1487
14587795,"RELOAD, SIGNIA TRI-STAPLE 2.0 30 MM CURVED TIP ARTICULATING VASCULAR/MEDIUM",PP-OR-1487
14587796,"RELOAD, ENDO GIA 45MM TRISTAPLE ARTICULATING MED TAN",PP-OR-1487
14587797,"RELOAD, ENDO GIA ARTICULATE TRI-STAPLE 60MM MED/THCK",PP-OR-1487
14587810,"STAPLER, TA 30V-3 NON-ABS CLIP",PP-OR-1487
14587811,"STAPLER, GIA 80MM - 3.8MM",PP-OR-1487
14587812,"STAPLER, EEA XL 28MM W/ 4.8MM STAPLE",PP-OR-1487
14589041,"RELOAD, TA 30MM - V3",PP-OR-1487
14589047,"RELOAD, ENDO GIA 45MM CURVE TIP ART MED/THCK PURPL",PP-OR-1487
14589080,"RELOAD, ENDO GIA 45MM TRISTAPLE ARTICULATING MED TAN",PP-OR-1487
14589081,"RELOAD, ENDO GIA ROT VASCULAR MED TAN 45MM",PP-OR-1487
14589084,"BAG, SPECIMEN RETRIEVAL 10MM",PP-OR-1487
14589099,"APPLIER, ENDO CLIP II MED/LARGE 10 MM 20 TI CLIPS",PP-OR-1487
14589100,"ENDO STITCH, DISP 10MM",PP-OR-1487
14589102,"BAG, SPECIMEN RETRIEVAL 10MM",PP-OR-1487
14590061,"APPLIER, SURGICLIP LRG 13.0 TIT",PP-OR-1487
14590062,"STAPLER, GIA 80MM - 3.8MM",PP-OR-1487
14590063,"HANDLE, ENDO GIA 12MM UNIVERSAL",PP-OR-1487
14590064,"HANDLE, GIA UNIVERSAL SHORT 12MM",PP-OR-1487
14590065,"RELOAD, ENDO GIA ROT VASCULAR MED TAN 45MM",PP-OR-1487
14590066,"RELOAD, ENDO GIA 45MM TRISTAPLE ARTICULATING MED TAN",PP-OR-1487
14590067,"RELOAD, ENDO GIA ARTICULATE TRI-STAPLE 60MM MED/THCK",PP-OR-1487
14590068,"RELOAD, ENDO GIA ARTICULATE TRI-STAPLE 60MM EXTRA/THCK",PP-OR-1487
14590072,"STAPLER, TA 90-3.5",PP-OR-1487
14590103,"RELOAD, ENDO GIA ARTICULATE TRI-STAPLE 60MM EXTRA/THCK",PP-OR-1487
14590104,"TROCAR, ENDO CLOSE",PP-OR-1487
14591798,"RELOAD, ENDO GIA 45MM CURVE TIP ART MED/THCK PURPL",PP-OR-1487
14591799,"RELOAD, DST SERIES GIA 100MM - 3.8MM LOADING UNIT",PP-OR-1487
14595537,"APPLIER, ENDO CLIP II MED/LARGE 10 MM 20 TI CLIPS",PP-OR-1487
14595538,"RELOAD, ENDO GIA MED THICK PURPLE 45MM",PP-OR-1487
14595551,"APPLIER, ENDO CLIP III 5MM",PP-OR-1487
14595552,"APPLIER, ENDO CLIP II MED/LARGE 10 MM 20 TI CLIPS",PP-OR-1487
14595553,"APPLIER, SURGICLIP III 9.0IN SMALL",PP-OR-1487
14595554,"APPLIER, SURGICLIP 11.5IN MED",PP-OR-1487
14595555,"CLIP, LAPROCLIP LIGATING CARTRIDGE ABSORB 12MM",PP-OR-1487
14595556,"HANDLE, ENDO GIA 12MM UNIVERSAL",PP-OR-1487
14595557,"STAPLER, SHELL SIGNIA POWER CONTROL",PP-OR-1487
14595558,"RELOAD, ENDO GIA 45MM TRISTAPLE ARTICULATING MED TAN",PP-OR-1487
14595559,"RELOAD, ENDO GIA MED THICK PURPLE 45MM",PP-OR-1487
14597215,"CLIP, LAPROCLIP LIGATING CARTRIDGE ABSORB 12MM",PP-OR-1487
14597379,"DUSTPAN, LOBBY WITH HANDLE - BLACK",PP-OR-1487
14600145,"HANDLE, ENDO GIA 12MM UNIVERSAL",PP-OR-1487
14600146,"RELOAD, ENDO GIA 45MM TRISTAPLE ARTICULATING MED TAN",PP-OR-1487
14600147,"RELOAD, ARTICULATING ENDO GIA TRISTAPLE MED TAN 60MM",PP-OR-1487
14600149,"TROCAR, ENDO CLOSE",PP-OR-1487
14600150,"SUTURE, 0 POLYSORB ENDO STITCH UNDYED ES-9 48",PP-OR-1487
14600157,"RELOAD, DST SERIES GIA 100MM - 3.8MM LOADING UNIT",PP-OR-1487
14600158,"RELOAD, ENDO GIA ROT VASCULAR MED TAN 45MM",PP-OR-1487
14600159,"RELOAD, ENDO GIA MED THICK PURPLE 45MM",PP-OR-1487
14600160,"RELOAD, ENDO GIA ARTICULATE TRI-STAPLE 60MM MED/THCK",PP-OR-1487
14600161,"RELOAD, ENDO GIA ARTICULATE TRI-STAPLE 60MM EXTRA/THCK",PP-OR-1487
14600162,"HANDLE, ENDO GIA 12MM UNIVERSAL",PP-OR-1487
14600176,"APPLIER, SURGICLIP 11.5IN MED",PP-OR-1487
14600177,"BAG, SPECIMEN RETRIEVAL 10MM",PP-OR-1487
14600178,"STAPLER, DST SERIES GIA 60MM - 3.8MM RELOADABLE",PP-OR-1487
14600179,"STAPLER, GIA 80MM - 3.8MM",PP-OR-1487
14600385,"APPLIER, SURGICLIP III 9.0IN SMALL",PP-OR-1487
14600386,"STAPLER, EEA XL 28MM W/ 4.8MM STAPLE",PP-OR-1487
14600387,"TROCAR, ENDO CLOSE",PP-OR-1487
14600411,"HANDLE, ENDO GIA 12MM UNIVERSAL",PP-OR-1487
14601129,"STAPLER, TA 60-3.5",PP-OR-1487
14602955,"RELOAD, ENDO GIA 45MM CURVE TIP ART MED/THCK PURPL",PP-OR-1487
14602966,"SCISSORS, FISKAR ORTHOGLASS",PP-OR-1487
14603018,"BAG, SPECIMEN RETRIEVAL 10MM",PP-OR-1487
14603019,"RELOAD, DST SERIES GIA 60MM - 3.8MM LOADING UNIT",PP-OR-1487
14603025,"BAG, SPECIMEN RETRIEVAL 10MM",PP-OR-1487
14603029,"RELOAD, ENDO GIA 45MM TRISTAPLE ARTICULATING MED TAN",PP-OR-1487
14603030,"RELOAD, ENDO GIA ARTICULATE TRI-STAPLE 60MM EXTRA/THCK",PP-OR-1487
14603615,"STAPLER, EEA XL 31MM W/ 4.8MM STAPLE",PP-OR-1487
14603957,"BAG, SPECIMEN RETRIEVAL 10MM",PP-OR-1487
14603990,"CLIP, LAPROCLIP LIGATING CARTRIDGE ABSORB 12MM",PP-OR-1487
14603991,"STAPLER, EEA XL 28MM W/ 4.8MM STAPLE",PP-OR-1487
14603992,"DEVICE, ORVIL EEA DTS SERIES 25MM",PP-OR-1487
14603993,"PURSTRING, DISP. 65 INST.",PP-OR-1487
14604005,"HANDLE, ENDO GIA 12MM UNIVERSAL",PP-OR-1487
14604917,"SCISSOR, IRIS STRAIGHT 4.5 INCH - STERILE",PP-OR-1487
14605759,"STAPLER, SHELL SIGNIA POWER CONTROL",PP-OR-1487
14605760,"RELOAD, ENDO GIA ARTICULATE TRI-STAPLE 60MM EXTRA/THCK",PP-OR-1487
14605765,"APPLIER, ENDO CLIP III 5MM",PP-OR-1487
14605766,"ENDO STITCH, DISP 10MM",PP-OR-1487
14605767,"SUTURE, 0 SURGIDAC ENDO STITCH 48&quot;",PP-OR-1487
14605769,"BAG, SPECIMEN RETRIEVAL 10MM",PP-OR-1487
14605770,"POUCH, SPECIMEN ENDOCATCH II 15MM",PP-OR-1487
14605773,"APPLIER, SURGICLIP 11.5IN MED",PP-OR-1487
14605774,"TROCAR, ENDO CLOSE",PP-OR-1487
14605775,"PURSTRING, DISP. 65 INST.",PP-OR-1487
14605826,"APPLIER, ENDO CLIP III 5MM",PP-OR-1487
14605827,"APPLIER, ENDO CLIP II MED/LARGE 10 MM 20 TI CLIPS",PP-OR-1487
14605828,"APPLIER, SURGICLIP III 9.0IN SMALL",PP-OR-1487
14605829,"APPLIER, SURGICLIP 11.5IN MED",PP-OR-1487
14605830,"BAG, SPECIMEN RETRIEVAL 10MM",PP-OR-1487
14605831,"RELOAD, GIA 80MM - 3.8MM",PP-OR-1487
14605832,"STAPLER, GIA 80MM - 3.8MM",PP-OR-1487
14605833,"STAPLER, EEA XL 25MM W/ 4.8MM STAPLE",PP-OR-1487
14605851,"HANDLE, ENDO GIA 12MM UNIVERSAL",PP-OR-1487
14605852,"RELOAD, SIGNIA TRI-STAPLE 2.0 30 MM CURVED TIP ARTICULATING VASCULAR/MEDIUM",PP-OR-1487
14605853,"RELOAD, ENDO GIA ROT VASCULAR MED TAN 45MM",PP-OR-1487
14605854,"HANDLE, GIA UNIVERSAL SHORT 12MM",PP-OR-1487
14605860,"STAPLER, EEA XL 33MM W/ 4.8MM STAPLE",PP-OR-1487
14605865,"STAPLER, TA 90-3.5",PP-OR-1487
14605921,"HANDLE, ENDO GIA 12MM UNIVERSAL",PP-OR-1487
14605922,"HANDLE, GIA UNIVERSAL SHORT 12MM",PP-OR-1487
14605924,"APPLIER, ENDO CLIP II MED/LARGE 10 MM 20 TI CLIPS",PP-OR-1487
14605925,"APPLIER, SURGICLIP III 9.0IN SMALL",PP-OR-1487
14605926,"APPLIER, SURGICLIP 11.5IN MED",PP-OR-1487
14605927,"RELOAD, GIA 80MM - 3.8MM",PP-OR-1487
14605928,"STAPLER, GIA 80MM - 3.8MM",PP-OR-1487
14605929,"STAPLER, DST SERIES 31 MM W/ 4.8 MM STAPLE",PP-OR-1487
14605930,"STAPLER, EEA XL 28MM W/ 4.8MM STAPLE",PP-OR-1487
14605931,"TROCAR, ENDO CLOSE",PP-OR-1487
14605932,"PURSTRING, DISP. 65 INST.",PP-OR-1487
14608062,"STAPLER, TA 30V-3 NON-ABS CLIP",PP-OR-1487
14608063,"STAPLER, TA 30V-3 NON-ABS CLIP",PP-OR-1487
14610174,"TROCAR, ENDO CLOSE",PP-OR-1487
14610175,"APPLIER, ENDO CLIP III 5MM",PP-OR-1487
14610179,"POUCH, SPECIMEN ENDOCATCH II 15MM",PP-OR-1487
14610184,"BAG, SPECIMEN RETRIEVAL 10MM",PP-OR-1487
14610185,"HANDLE, ENDO GIA 12MM UNIVERSAL",PP-OR-1487
14610186,"STAPLER, SHELL SIGNIA POWER CONTROL",PP-OR-1487
14611085,"STAPLER, TA 90-4.8",PP-OR-1487
14611126,"APPLIER, SURGICLIP III 9.0IN SMALL",PP-OR-1487
14611127,"CLIP, LAPROCLIP LIGATING CARTRIDGE ABSORB 12MM",PP-OR-1487
14611141,"HANDLE, GIA UNIVERSAL SHORT 12MM",PP-OR-1487
14612085,"CLIP, LAPROCLIP LIGATING CARTRIDGE ABSORB 12MM",PP-OR-1487
14612097,"APPLIER, ENDO CLIP II MED/LARGE 10 MM 20 TI CLIPS",PP-OR-1487
14612098,"ENDO STITCH, DISP 10MM",PP-OR-1487
14612099,"BAG, SPECIMEN RETRIEVAL 10MM",PP-OR-1487
14612148,"APPLIER, ENDO CLIP II MED/LARGE 10 MM 20 TI CLIPS",PP-OR-1487
14612149,"APPLIER, SURGICLIP III 9.0IN SMALL",PP-OR-1487
14612150,"APPLIER, SURGICLIP 11.5IN MED",PP-OR-1487
14612151,"RELOAD, GIA 80MM - 3.8MM",PP-OR-1487
14612152,"STAPLER, GIA 80MM - 3.8MM",PP-OR-1487
14612153,"TROCAR, ENDO CLOSE",PP-OR-1487
14612154,"PURSTRING, DISP. 65 INST.",PP-OR-1487
14612945,"STAPLER, TA 90-3.5",PP-OR-1487
14613169,"HANDLE, ENDO GIA 12MM UNIVERSAL",PP-OR-1487
14613170,"RELOAD, ENDO GIA ROT VASCULAR MED TAN 45MM",PP-OR-1487
14613182,"DISSECTOR, BALLOON OVAL SPACEMAKER PLUS SBT",PP-OR-1487
14613757,"STAPLER, TA 90-3.5",PP-OR-1487
14614092,"STAPLER, GIA 80MM - 3.8MM",PP-OR-1487
14614093,"CLIP, LAPROCLIP LIGATING CARTRIDGE ABSORB 12MM",PP-OR-1487
14614094,"PURSTRING, DISP. 65 INST.",PP-OR-1487
14614102,"STAPLER, GIA 80MM - 3.8MM",PP-OR-1487
14614103,"RELOAD, ARTICULATE ENDO GIA TRISTAPLE MED/THICK RE",PP-OR-1487
14614109,"STAPLER, EEA XL 33MM W/ 4.8MM STAPLE",PP-OR-1487
14615667,"KIT, LAPAROSCOPIC ANTI-FOGGING CLEARIFY",PP-OR-1487
14616054,"APPLIER, ENDO CLIP III 5MM",PP-OR-1487
14616055,"RELOAD, DST SERIES GIA 80MM - 4.8MM LOADING UNIT",PP-OR-1487
14616056,"STAPLER, GIA 80MM - 3.8MM",PP-OR-1487
14622935,"DUSTPAN, LOBBY WITH HANDLE - BLACK",PP-OR-1487
14625695,"DUSTPAN, LOBBY WITH HANDLE - BLACK",PP-OR-1487
14631358,"STAPLER, TA 60-3.5",PP-OR-1487
14631548,"RELOAD, ARTICULATE ENDO GIA TRISTAPLE MED/THICK RE",PP-OR-1487
14631549,"RELOAD, ARTICULATE ENDO GIA TRISTAPLE MED/THICK RE",PP-OR-1487
14633390,"APPLIER, SURGICLIP 11.5IN MED",PP-OR-1487
14633391,"BAG, SPECIMEN RETRIEVAL 10MM",PP-OR-1487
14633392,"RELOAD, GIA 80MM - 3.8MM",PP-OR-1487
14633393,"STAPLER, GIA 80MM - 3.8MM",PP-OR-1487
14633394,"TROCAR, ENDO CLOSE",PP-OR-1487
14633396,"HANDLE, ENDO GIA 12MM UNIVERSAL",PP-OR-1487
14633397,"HANDLE, GIA UNIVERSAL SHORT 12MM",PP-OR-1487
14633398,"RELOAD, ENDO GIA ARTICULATE TRI-STAPLE 60MM MED/THCK",PP-OR-1487
14633399,"RELOAD, ARTICULATING ENDO GIA TRISTAPLE MED TAN 60MM",PP-OR-1487
14633403,"APPLIER, SURGICLIP III 9.0IN SMALL",PP-OR-1487
14638109,"SCISSOR, IRIS STRAIGHT 4.5 INCH - STERILE",PP-OR-1487
14638178,"APPLIER, SURGICLIP III 9.0IN SMALL",PP-OR-1487
14638180,"POUCH, SPECIMEN ENDOCATCH II 15MM",PP-OR-1487
14638181,"APPLIER, ENDOCLIP 10MM",PP-OR-1487
14638182,"APPLIER, ENDO CLIP III 5MM",PP-OR-1487
14638183,"SCISSOR, ENDO SHEARS 5MM",PP-OR-1487
14638184,"APPLIER, ENDO CLIP II MED/LARGE 10 MM 20 TI CLIPS",PP-OR-1487
14638186,"STAPLER, DST SERIES 25 MM W/ 4.8 MM STAPLE",PP-OR-1487
14638187,"STAPLER, DST SERIES 28 MM W/ 4.8 MM STAPLE",PP-OR-1487
14638189,"RELOAD, ARTICULATING ENDO GIA TRISTAPLE MED TAN 60MM",PP-OR-1487
14638190,"HANDLE, ENDO GIA 12MM UNIVERSAL",PP-OR-1487
14638191,"RELOAD, GIA 80MM - 3.8MM",PP-OR-1487
14638192,"STAPLER, GIA 80MM - 3.8MM",PP-OR-1487
14638201,"STAPLER, TA 60-3.5",PP-OR-1487
14638595,"DUSTPAN, LOBBY WITH HANDLE - BLACK",PP-OR-1487
NULL,NULL,PP-OR-1487
