id,mpn_raw,mpn_normalized,description_text,manufacturer_raw,source_field,source_system,contract_no
15,1004,1004,"HOTPAC, OVERSIZE 15 X 24","PERFORMANCE HEALTH SUPPLY, INC.",Facility_Product_Description,PO_PREMIER,PP-NS-1680
15,1004,1004,"PAD HEATING MOIST HOTPAC OVERSIZE 15IN X 24IN NECK CERVICAL MICROWAVE ACTIVATION WHITE CANVAS REUSABLE F/HYDROCOLLATOR UPTO 30MIN EA","DJO GLOBAL, INC.",Product_Description,PO_PREMIER,PP-NS-1680
26,1010UY000,1010UY000,"TABLE OVERBED STANDARD 15IN X 30IN X 28-45IN CADILLAC OAK 50LB CAPACITY U-BASE AUTOMATIC WOODGRAIN TOP","AMFAB COMPANY, LLC",Product_Description,PO_PREMIER,PP-NS-1680
26,1010UY000,1010UY000,"TABLE OVERBED STANDARD AUTOMATIC CADILLAC OAK","PERFORMANCE HEALTH INC",Facility_Product_Description,PO_PREMIER,PP-NS-1680
26,1010UY000,1010UY000,"TABLE, STANDARD AUTOMATIC CADILLAC OAK (PT ONLY)","PERFORMANCE HEALTH SUPPLY, INC.",Facility_Product_Description,PO_PREMIER,PP-NS-1680
202,111-3810,1113810,"ARMREST WHEELCHAIR 20INL ELEVATION JAECO RANCHO LATEX-FREE","JAECO ORTHOPEDIC SPECIALTIES, INC.",Product_Description,PO_PREMIER,PP-NS-1680
202,111-3810,1113810,"ARMREST WHEELCHAIR 20INL ELEVATION JAECO RANCHO LA",NULL,Facility_Product_Description,PO_PREMIER,PP-NS-1680
216,11298500160,11298500160,"SOLUTION CHEM ANALYZER ELECSYS SYSCLEAN","ROCHE DIAGNOSTICS CORPORATION",Product_Description,PO_PREMIER,PP-LA-524
216,11298500160,11298500160,"CLEANER INSTRUMENT ELECSYS 5X100ML","ROCHE DIAGNOSTICS",Facility_Product_Description,PO_PREMIER,PP-LA-524
217,1137,1137,"MUG DRINKING INSULATED LIGHTWEIGHT WITH OVERSIZED","PERFORMANCE HEALTH INC",Facility_Product_Description,PO_PREMIER,PP-NS-1680
217,1137,1137,"MUG, 12 OZ INSULATED W/LID","PERFORMANCE HEALTH SUPPLY, INC.",Facility_Product_Description,PO_PREMIER,PP-NS-1680
217,1137,1137,"MUG DRINKING SAMMONS PRESTON INSULATED ADAPTIVE LONG HANDLE POLYPROPYLENE 12OZ CAPACITY W/TUMBLER LID BLUE LATEX-FREE BPA-FREE PHTHALATE-FREE DISHWASHER SAFE","PERFORMANCE HEALTH SUPPLY, INC.",Product_Description,PO_PREMIER,PP-NS-1680
241,11662970122,11662970122,"SOLUTION CHEM ANALYZER ELECSYS CELLCLEANING","ROCHE DIAGNOSTICS CORPORATION",Product_Description,PO_PREMIER,PP-LA-524
241,11662970122,11662970122,"SOLUTION CLEANING 380ML 1140 TEST","ROCHE DIAGNOSTICS",Facility_Product_Description,PO_PREMIER,PP-LA-524
242,11662988122,11662988122,"REAGENT PROCELL 380ML ELECSYS 1140","ROCHE DIAGNOSTICS",Facility_Product_Description,PO_PREMIER,PP-LA-524
242,11662988122,11662988122,"SOLUTION CHEM ANALYZER ELECSYS PROCELL","ROCHE DIAGNOSTICS CORPORATION",Product_Description,PO_PREMIER,PP-LA-524
258,11706799001,11706799001,"TIP PIPET ASSAY PREPARATION ELECSYS","ROCHE DIAGNOSTICS",Facility_Product_Description,PO_PREMIER,PP-LA-524
258,11706799001,11706799001,"TIP ANALYZER F/E 411 COBAS ELECSYS 2010 3600/BX","ROCHE DIAGNOSTICS CORPORATION",Product_Description,PO_PREMIER,PP-LA-524
259,11706802001,11706802001,"CUP ANALYZER F/E 411 COBAS ELECSYS 2010 3600/BX","ROCHE DIAGNOSTICS CORPORATION",Product_Description,PO_PREMIER,PP-LA-524
259,11706802001,11706802001,"CUP ANALYZER ELECSYS 60X60 REACTION","ROCHE DIAGNOSTICS",Facility_Product_Description,PO_PREMIER,PP-LA-524
267,11731416160,11731416160,"CONTROL CHEMISTRY PRECI UNIVERSAL ELECSYS 4X3ML","ROCHE DIAGNOSTICS",Facility_Product_Description,PO_PREMIER,PP-LA-524
267,11731416160,11731416160,"CONTROL IMMUNOLOGY COBAS PRECICONTROL 2X3ML LEVEL-1/2 SOLID BOTTLE LIGHT YELLOW IVD","ROCHE DIAGNOSTICS CORPORATION",Product_Description,PO_PREMIER,PP-LA-524
268,11731548122,11731548122,"CALIBRATOR CHEMISTRY COBAS ELECSYS T3 2X1ML LEVEL-1/2 LYOPHILIZED BOTTLE WHITE LIGHT YELLOW IVD","ROCHE DIAGNOSTICS CORPORATION",Product_Description,PO_PREMIER,PP-LA-524
268,11731548122,11731548122,"CALIBRATOR CHEMISTRY T3 CALSET 4ML","ROCHE DIAGNOSTICS",Facility_Product_Description,PO_PREMIER,PP-LA-524
269,11731629160,11731629160,"REAGENT CHEMISTRY 100 TEST CARCINOEMBRYONIC ANTIGE","ROCHE DIAGNOSTICS",Facility_Product_Description,PO_PREMIER,PP-LA-524
269,11731629160,11731629160,"TESTPACK, CEA (100)","ROCHE DIAGNOSTICS",Facility_Product_Description,PO_PREMIER,PP-LA-524
269,11731629160,11731629160,"REAGENT IMMUN ANALYZER COBAS E ELECSYS CEA 100TEST/EA","ROCHE DIAGNOSTICS CORPORATION",Product_Description,PO_PREMIER,PP-LA-524
270,11731645322,11731645322,"CALIBRATOR IMMUNOLOGY COBAS ELECSYS CEA","ROCHE DIAGNOSTICS CORPORATION",Product_Description,PO_PREMIER,PP-LA-524
270,11731645322,11731645322,"CALIBRATOR CHEMISTRY CEA CALSET 4ML","ROCHE DIAGNOSTICS",Facility_Product_Description,PO_PREMIER,PP-LA-524
274,11732234122,11732234122,"REAGENT CHEM ANALYZER COBAS E ELECSYS LH 100TEST/EA","ROCHE DIAGNOSTICS CORPORATION",Product_Description,PO_PREMIER,PP-LA-524
274,11732234122,11732234122,"TESTPACK, LH (100)","ROCHE DIAGNOSTICS",Facility_Product_Description,PO_PREMIER,PP-LA-524
274,11732234122,11732234122,"REAGENT CHEMISTRY 100 TEST LH ELECSYS COBAS E","ROCHE DIAGNOSTICS",Facility_Product_Description,PO_PREMIER,PP-LA-524
279,11776193122,11776193122,"REAGENT CHEM ANALYZER ELECSYS CA 19-9","ROCHE DIAGNOSTICS CORPORATION",Product_Description,PO_PREMIER,PP-LA-524
279,11776193122,11776193122,"TESTPACK, CA19-9 (100)","ROCHE DIAGNOSTICS",Facility_Product_Description,PO_PREMIER,PP-LA-524
279,11776193122,11776193122,"REAGENT CHEMISTRY 100 TEST CA19-9 ELECSYS COBAS E","ROCHE DIAGNOSTICS",Facility_Product_Description,PO_PREMIER,PP-LA-524
280,11776223161,11776223161,"REAGENT CHEMISTRY 100 TEST CA 125 II ELECSYS","ROCHE DIAGNOSTICS",Facility_Product_Description,PO_PREMIER,PP-LA-524
280,11776223161,11776223161,"TESTPACK, CA 125 II (100)","ROCHE DIAGNOSTICS",Facility_Product_Description,PO_PREMIER,PP-LA-524
280,11776223161,11776223161,"CALIBRATOR IMMUNOLOGY COBAS ELECSYS CA 125 2 PH 7.1-7.4 LIQUID BEAD CLEAR RED BROWN IVD 100TEST/EA","ROCHE DIAGNOSTICS CORPORATION",Product_Description,PO_PREMIER,PP-LA-524
281,11776576322,11776576322,"VIAL ANALYZER BOTTLE EMPTY W/SNAP-CAP F/COBAS ELECSYS E 402/411 56/PK","ROCHE DIAGNOSTICS CORPORATION",Product_Description,PO_PREMIER,PP-LA-524
281,11776576322,11776576322,"VIAL IMMUNOLOGY CAL SET ELECSYS COBAS E","ROCHE DIAGNOSTICS",Facility_Product_Description,PO_PREMIER,PP-LA-524
316,11930346122,11930346122,"REAGENT SYSWASH ELECSYS 500ML","ROCHE DIAGNOSTICS",Facility_Product_Description,PO_PREMIER,PP-LA-524
316,11930346122,11930346122,"REAGENT CHEM ANALYZER WASH","ROCHE DIAGNOSTICS CORPORATION",Product_Description,PO_PREMIER,PP-LA-524
334,11972103160,11972103160,"REAGENT CHEMISTRY 100 TEST PARATHYROID HORMONE COB","ROCHE DIAGNOSTICS",Facility_Product_Description,PO_PREMIER,PP-LA-524
334,11972103160,11972103160,"REAGENT CHEM ANALYZER COBAS E ELECSYS PTH","ROCHE DIAGNOSTICS CORPORATION",Product_Description,PO_PREMIER,PP-LA-524
334,11972103160,11972103160,"TESTPACK, PTH (100)","ROCHE DIAGNOSTICS",Facility_Product_Description,PO_PREMIER,PP-LA-524
358,12017717122,12017717122,"SET CALIBRATOR CHEMISTRY COBAS T4 1SET/2X1ML LEVEL-1/2 IVD","ROCHE DIAGNOSTICS CORPORATION",Product_Description,PO_PREMIER,PP-LA-524
358,12017717122,12017717122,"CALIBRATOR CHEMISTRY T4 CALSET 4ML","ROCHE DIAGNOSTICS",Facility_Product_Description,PO_PREMIER,PP-LA-524
370,12102137001,12102137001,"ASSAY IMMUNOLOGY CUPS/TIPS COMBIMAGAZIN M ELECSYS","ROCHE DIAGNOSTICS",Facility_Product_Description,PO_PREMIER,PP-LA-524
370,12102137001,12102137001,"TIP/CUP ANALYZER ASSAY MODULAR E 48/BX","ROCHE DIAGNOSTICS CORPORATION",Product_Description,PO_PREMIER,PP-LA-524
377,121466,121466,"FORK TUNING 128 CYCLE MIDRANGE VIBRATION BASELINE","PERFORMANCE HEALTH INC",Facility_Product_Description,PO_PREMIER,PP-NS-1680
377,121466,121466,"FORK, TUNING 128 CYCLE","PERFORMANCE HEALTH SUPPLY, INC.",Facility_Product_Description,PO_PREMIER,PP-NS-1680
377,121466,121466,"FORK TUNING BASELINE 128CPS 1IN X 8IN X 2IN 0.5LB WEIGHTED F/EVALUATING HEARING VIBRATION SENSATION EA","FABRICATION ENTERPRISES, INC.",Product_Description,PO_PREMIER,PP-NS-1680
379,121902,121902,"BAND, STRENGTH MED GREEN","PERFORM BETTER",Facility_Product_Description,PO_PREMIER,PP-NS-1680
379,121902,121902,"BAND EXERCISE MINI-BAND MEDIUM 2IN X 9IN GREEN ROLL LATEX EA","MF ATHLETIC",Product_Description,PO_PREMIER,PP-NS-1680
398,1258T/86,1258T86,"LEAD PACING QUICKFLEX U BIPOLAR 5FR 86CM 20MM SPACING LEFT HEART S-CURVED LOW-PROFILE IS-1 CONNECTOR STEERABLE TIP FLEXIBLE OPTIM","ABBOTT LABORATORIES INC.",Product_Description,PO_PREMIER,PP-CA-449
398,1258T/86,1258T86,"LEAD, QUICKFLEX MICRO 86","ST. JUDE MEDICAL/PACESETTER",Facility_Product_Description,PO_PREMIER,PP-CA-449
411,1281/52,128152,"STYLET, LOCATOR PLUS DEF 1281/52","ST. JUDE MEDICAL/PACESETTER",Facility_Product_Description,PO_PREMIER,PP-CA-449
411,1281/52,128152,"STYLET LEAD LOCATOR PLUS 0.016IN 14MM RADIUS 52CM 40MM REACH DEFLECTABLE X-FIRM ATRIAL DISPOSABLE","ABBOTT LABORATORIES INC.",Product_Description,PO_PREMIER,PP-CA-449
412,1281/58,128158,"STYLET LEAD LOCATOR PLUS 0.016IN 14MM RADIUS 58CM 40MM REACH DEFLECTABLE X-FIRM ATRIAL DISPOSABLE","ABBOTT LABORATORIES INC.",Product_Description,PO_PREMIER,PP-CA-449
412,1281/58,128158,"LOCATOR PLUS DEFLECTABLE STYLET_U",NULL,Facility_Product_Description,PO_PREMIER,PP-CA-449
412,1281/58,128158,"1281/58 LOCATOR PLUSDEFLECTABLE STYLET_U",NULL,Facility_Product_Description,PO_PREMIER,PP-CA-449
413,1292/58,129258,"STYLET LEAD LOCATOR PLUS 0.016IN 14MM RADIUS 58CM 55MM REACH DEFLECTABLE X-FIRM VENTRICULAR DISPOSABLE","ABBOTT LABORATORIES INC.",Product_Description,PO_PREMIER,PP-CA-449
413,1292/58,129258,"STYLET, LOCATOR PLUS DEF 1292/58","ST. JUDE MEDICAL/PACESETTER",Facility_Product_Description,PO_PREMIER,PP-CA-449
441,133650,133650,"PREMIUM SUGICLIP III 9.0","COVIDIEN LP",Facility_Product_Description,PO_PREMIER,PP-OR-1487
441,133650,133650,"PREMIUM SUGICLIP III 9.0","MEDTRONIC MINIM",Facility_Product_Description,PO_PREMIER,PP-OR-1487
441,133650,133650,"APPLIER CLIP PREMIUM SURGICLIP III OPEN AUTOMATIC 9IN PRELOADED LIGATING ERGONOMIC HANDLE BLACK SINGLE-USE F/20-SMALL SUPER INTERLOCK TITANIUM CLIP 6/BX","COVIDIEN SALES LLC",Product_Description,PO_PREMIER,PP-OR-1487
441,133650,133650,"APPLIER, SURGICLIP III 9.0IN SMALL",COVIDIEN,Facility_Product_Description,PO_PREMIER,PP-OR-1487
462,134048,134048,"APPLIER CLIP PREMIUM SURGICLIP OPEN AUTOMATIC 13IN ERGONOMIC HANDLE GREEN LATEX-FREE DEHP-FREE STERILE SINGLE-USE F/15-SUPER INTERNAL INTERLOCK LARGE TITANIUM CLIP VETERINARY 6/BX","COVIDIEN SALES LLC",Product_Description,PO_PREMIER,PP-OR-1487
462,134048,134048,"APPLIER, SURGICLIP LRG 13.0 TIT",COVIDIEN,Facility_Product_Description,PO_PREMIER,PP-OR-1487
463,134051,134051,"APPLIER CLIP PREMIUM SURGICLIP II OPEN AUTOMATIC 9.75IN RATCHETED BLUE LATEX-FREE DEHP-FREE STERILE SINGLE-USE F/20-SUPER INTERLOCK MEDIUM TITANIUM CLIP VETERINARY 6/BX","COVIDIEN SALES LLC",Product_Description,PO_PREMIER,PP-OR-1487
463,134051,134051,"APPLIER, SURGICLIP MED 9.75",COVIDIEN,Facility_Product_Description,PO_PREMIER,PP-OR-1487
463,134051,134051,"PREMIUM SURGICLIP II 9.75",MEDTRONIC,Facility_Product_Description,PO_PREMIER,PP-OR-1487
463,134051,134051,"PREMIUM SURGICLIP II 9.75","COVIDIEN LP",Facility_Product_Description,PO_PREMIER,PP-OR-1487
464,134053,134053,"APPLIER, SURGICLIP 11.5IN MED",COVIDIEN,Facility_Product_Description,PO_PREMIER,PP-OR-1487
464,134053,134053,"APPLIER CLIP PREMIUM SURGICLIP II OPEN AUTOMATIC 11.5IN RATCHETED BLUE LATEX-FREE DEHP-FREE STERILE SINGLE-USE F/30-SUPER INTERLOCK MEDIUM TITANIUM CLIP VETERINARY 6/BX","COVIDIEN SALES LLC",Product_Description,PO_PREMIER,PP-OR-1487
528,1456Q/86,1456Q86,"LEAD PACING QUARTET 5FR 86CM 40MM SPACING LEFT VENTRICULAR SMALL S-CURVED LOW-PROFILE IS-4-LLLL CONNECTOR STEERABLE TIP FLEXIBLE OPTIM","ABBOTT LABORATORIES INC.",Product_Description,PO_PREMIER,PP-CA-449
528,1456Q/86,1456Q86,"LEAD, QUARTET QUADRIPOLAR SMALL-S 1456Q/86","ST. JUDE MEDICAL/PACESETTER",Facility_Product_Description,PO_PREMIER,PP-CA-449
529,1458Q/86,1458Q86,"LEAD PACING QUARTET 5FR 86CM 47MM SPACING LEFT VENTRICULAR S-CURVED LOW-PROFILE IS-4-LLLL CONNECTOR STEERABLE TIP FLEXIBLE OPTIM","ABBOTT LABORATORIES INC.",Product_Description,PO_PREMIER,PP-CA-449
529,1458Q/86,1458Q86,"LEAD, QUARTET QUADRIPOLAR 1458Q/86","ST. JUDE MEDICAL/PACESETTER",Facility_Product_Description,PO_PREMIER,PP-CA-449
530,1458Q/92,1458Q92,"LEAD, QUARTET QUADRIPOLAR 1458Q/92","ST. JUDE MEDICAL/PACESETTER",Facility_Product_Description,PO_PREMIER,PP-CA-449
530,1458Q/92,1458Q92,"LEAD PACING QUARTET 5FR 92CM 47MM SPACING LEFT VENTRICULAR S-CURVED LOW-PROFILE IS-4-LLLL CONNECTOR STEERABLE TIP FLEXIBLE OPTIM","ABBOTT LABORATORIES INC.",Product_Description,PO_PREMIER,PP-CA-449
536,1487,1487,"CUFF UTENSIL UNIVERSAL ADAPTIVE FEEDING RIGHT ANGL","PERFORMANCE HEALTH INC",Facility_Product_Description,PO_PREMIER,PP-NS-1680
536,1487,1487,"CUFF UTENSIL SAMMONS PRESTON RIGHT ANGLED POCKET ADJUSTABLE ELASTIC STRAP MEDIUM UNIVERSAL 3IN LEATHER","PERFORMANCE HEALTH SUPPLY, INC.",Product_Description,PO_PREMIER,PP-NS-1680
549,150462,150462,"STAPLER ENDO GIA UNIVERSAL","MEDTRONIC MINIM",Facility_Product_Description,PO_PREMIER,PP-OR-1487
549,150462,150462,"REMOVER STAPLE PREMIUM SKIN PLASTIC METAL TIP SINGLE-USE 12/BX","COVIDIEN SALES LLC",Product_Description,PO_PREMIER,PP-OR-1487
703,16985,16985,"PADDING MTRL FOAM RUB KOMPREX II 65X65CM","LOHMANN & RAUSCHER INC",Facility_Product_Description,PO_PREMIER,PP-NS-1680
703,16985,16985,"BANDAGE COMPRESSION KOMPREX II CHANNEL SHEET 3.2IN X 2.2YD NARROW STRIP NON-WOVEN POLYURETHANE FOAM POLYESTER LATEX-FREE 6BG/CA","L&R USA, INC",Product_Description,PO_PREMIER,PP-NS-1680
703,16985,16985,"PAD, KOMPREX II LATEX FREE FOAM RUBBER 65CM X 65CM","PERFORMANCE HEALTH SUPPLY, INC.",Facility_Product_Description,PO_PREMIER,PP-NS-1680
705,170053,170053,"RELOAD SUTURE ENDO STITCH LAPAROSCOPIC ABSORBABLE SINGLE-STITCH 2-0 120CM ES-9 TAPER POINT VIOLET POLYSORB 12/BX BRAIDED SYNTHETIC","COVIDIEN SALES LLC",Product_Description,PO_PREMIER,PP-OR-1487
705,170053,170053,"SUTURE, 2-0 ENDO STITCH POLYSORB VIOLET 48INCH","MEDTRONIC USA, INC.",Facility_Product_Description,PO_PREMIER,PP-OR-1487
706,170056,170056,"DEVICE SUTURING LOADING UNIT POLYESTER DISPOSABLE","MEDTRONIC INC",Facility_Product_Description,PO_PREMIER,PP-OR-1487
706,170056,170056,"RELOAD SUTURE ENDO STITCH LAPAROSCOPIC ABSORBABLE SINGLE-STITCH #0 120CM ES-9 TAPER POINT UNDYED POLYSORB 12/BX BRAIDED SYNTHETIC","COVIDIEN SALES LLC",Product_Description,PO_PREMIER,PP-OR-1487
706,170056,170056,"SUTURE, 0 POLYSORB ENDO STITCH UNDYED ES-9 48",COVIDIEN,Facility_Product_Description,PO_PREMIER,PP-OR-1487
733,173016,173016,"STICH ENDO",AUTO-SUTURE,Facility_Product_Description,PO_PREMIER,PP-OR-1487
733,173016,173016,"ENDO STITCH, DISP 10MM",COVIDIEN,Facility_Product_Description,PO_PREMIER,PP-OR-1487
733,173016,173016,"DEVICE SUTURE ENDO STITCH LAPAROSCOPIC 10MM 34CM TAPERED 2-JAW GREEN SINGLE-USE 3/BX F/BRAIDED POLYESTER SUTURE","COVIDIEN SALES LLC",Product_Description,PO_PREMIER,PP-OR-1487
734,173022,173022,"DEVICE SUTURE ENDO CLOSE LAPAROSCOPIC SPRING-LOADED BLUNT STYLET SINGLE-USE 12/BX F/TROCAR SITE CLOSURE","COVIDIEN SALES LLC",Product_Description,PO_PREMIER,PP-OR-1487
734,173022,173022,"TROCAR, ENDO CLOSE",COVIDIEN,Facility_Product_Description,PO_PREMIER,PP-OR-1487
735,173023,173023,"RELOAD SUTURE ENDO STITCH LAPAROSCOPIC NON-ABSORBABLE TRIPLE-STITCH #2-0 120CM ES-9 TAPER POINT GREEN SURGIDAC 12/BX BRAIDED POLYESTER COATED","COVIDIEN SALES LLC",Product_Description,PO_PREMIER,PP-OR-1487
735,173023,173023,"SUTURE, 2-0 SURGIDAC ENDO STITCH 48IN",COVIDIEN,Facility_Product_Description,PO_PREMIER,PP-OR-1487
736,173024,173024,"SUTURE, 0 SURGIDAC ENDO STITCH 48",COVIDIEN,Facility_Product_Description,PO_PREMIER,PP-OR-1487
736,173024,173024,"RELOAD SUTURE ENDO STITCH LAPAROSCOPIC NON-ABSORBABLE TRIPLE-STITCH #0 120CM ES-9 TAPER POINT GREEN SURGIDAC 12/BX BRAIDED POLYESTER COATED","COVIDIEN SALES LLC",Product_Description,PO_PREMIER,PP-OR-1487
737,173046,173046,"RETRACTOR LAPAROSCOPIC ENDO PADDLE RETRACT 12MM 10MM SHAFT 41CM X 61CM 31CM SHAFT TISSUE RECTANGULAR ATRAUMATIC STRAIGHT HANDLE BLACK SINGLE-USE 3/BX","COVIDIEN SALES LLC",Product_Description,PO_PREMIER,PP-OR-1487
737,173046,173046,"RETRACTOR, ENDO PADDLE - 12MM",COVIDIEN,Facility_Product_Description,PO_PREMIER,PP-OR-1487
738,173049,173049,"POUCH, SPECIMEN ENDOCATCH II 15MM",COVIDIEN,Facility_Product_Description,PO_PREMIER,PP-OR-1487
738,173049,173049,"POUCH SPECIMEN RETRIEVAL ENDO CATCH II ENDOSCOPIC 15MM 5IN X 9IN 29.5CM SHAFT 1500ML CAPACITY ROUND FLEXIBLE SUPPORT 2-RING ERGONOMIC HANDLE GREEN POLYURETHANE LATEX-FREE SINGLE-USE 3/BX","COVIDIEN SALES LLC",Product_Description,PO_PREMIER,PP-OR-1487
738,173049,173049,"POUCH SPECIMEN RETRIEVAL LONG CYLINDRICAL TUBE POL","MEDTRONIC INC",Facility_Product_Description,PO_PREMIER,PP-OR-1487
739,173050G,173050G,"BAG, ENDO CATCH GOLD 10 MM 2.5X6 SPECIMEN RETRIE",COVIDIEN,Facility_Product_Description,PO_PREMIER,PP-OR-1487
739,173050G,173050G,"POUCH SPECIMEN RETRIEVAL ENDO CATCH ENDOSCOPIC 10MM 2.5IN X 6IN 29.5CM SHAFT 190ML CAPACITY ROUND FLEXIBLE SUPPORT 2-RING ERGONOMIC HANDLE GOLD POLYURETHANE LATEX-FREE SINGLE-USE 6/BX","COVIDIEN SALES LLC",Product_Description,PO_PREMIER,PP-OR-1487
740,173052,173052,"STAPLER INTERNAL ENDO UNIVERSAL LAPAROSCOPIC FIXATION 12MM SHAFT 65DEG ARTICULATING PRELOADED 50-FIRING 360DEG ROTATING SHAFT W/4.8MM TI 10-STAPLE BLACK SINGLE-USE F/HERNIORRHAPHY 6/BX","COVIDIEN SALES LLC",Product_Description,PO_PREMIER,PP-OR-1487
740,173052,173052,"STAPLER INTERNAL UNIVERSAL ENDO 65 DEGREE 4.8MM","MEDTRONIC INC",Facility_Product_Description,PO_PREMIER,PP-OR-1487
740,173052,173052,"STAPLER, UNIVERSAL ENDO 4.6MM STAPLES",COVIDIEN,Facility_Product_Description,PO_PREMIER,PP-OR-1487
744,174233,174233,"DUSTPAN, LOBBY WITH HANDLE - BLACK","CONTINENTAL COMMERCIAL PRODUCTS",Facility_Product_Description,PO_PREMIER,PP-OR-1487
744,174233,174233,"GRASPER LAPAROSCOPIC ROTICULATOR ENDO GRASP 5MM SHAFT 31CM SHAFT 80DEG ARTICULATING SPIN LOCK 360DEG ROTATING SHAFT BLUE SINGLE-USE 6/BX","COVIDIEN SALES LLC",Product_Description,PO_PREMIER,PP-OR-1487
768,176625,176625,"APPLIER CLIP PISTOL GRIP TITANIUM LATEX FREE DISPO","MEDTRONIC INC",Facility_Product_Description,PO_PREMIER,PP-OR-1487
768,176625,176625,"APPLIER CLIP ENDOCLIP ENDOSCOPIC AUTOMATIC 10MM 33CM SHAFT PRELOADED 360DEG ROTATING SHAFT PISTOL GRIP GREEN SINGLE-USE F/11MM SUPER INTERLOCK LARGE TITANIUM 15-CLIP 6/BX","COVIDIEN SALES LLC",Product_Description,PO_PREMIER,PP-OR-1487
768,176625,176625,"APPLIER, ENDOCLIP 10MM",COVIDIEN,Facility_Product_Description,PO_PREMIER,PP-OR-1487
769,176630,176630,"APPLIER, ENDO CLIP III 5MM",COVIDIEN,Facility_Product_Description,PO_PREMIER,PP-OR-1487
769,176630,176630,"APPLIER CLIP ENDOCLIP III ENDOSCOPIC AUTOMATIC 5MM 33CM SHAFT CLIP LOGIC SINGLE-USE F/8MM MEDIUM LARGE TITANIUM 18-CLIP 6/BX","COVIDIEN SALES LLC",Product_Description,PO_PREMIER,PP-OR-1487
770,176643,176643,"SCISSOR, ENDO SHEARS 5MM",COVIDIEN,Facility_Product_Description,PO_PREMIER,PP-OR-1487
770,176643,176643,"SHEARS MONOPOLAR ENDO SHEARS LAPAROSCOPIC CAUTERY MODIFIED METZEMBAUM 5MM SHAFT 31CM SHAFT 16MM CURVED ATRAUMATIC SERRATION RATCHETED HANDLE 360DEG ROTATING SHAFT W/ADAPTER GRAY STAINLESS STEEL SINGLE","COVIDIEN SALES LLC",Product_Description,PO_PREMIER,PP-OR-1487
770,176643,176643,"SHEARS ENDOSCOPIC WITH MONOPOLAR CAUTERY LATEX FRE","MEDTRONIC INC",Facility_Product_Description,PO_PREMIER,PP-OR-1487
770,176643,176643,SCISSOR,NULL,Facility_Product_Description,PO_PREMIER,PP-OR-1487
771,176657,176657,"ENDOCLIP II 10MM",MEDTRONIC,Facility_Product_Description,PO_PREMIER,PP-OR-1487
771,176657,176657,"ENDOCLIP II 10MM","COVIDIEN LP",Facility_Product_Description,PO_PREMIER,PP-OR-1487
771,176657,176657,"APPLIER CLIP ENDOCLIP II ENDOSCOPIC AUTOMATIC 10MM 29CM SHAFT 15DEG JAW PRELOADED 360DEG ROTATING SHAFT PISTOL GRIP GRAY SINGLE-USE F/9MM SUPER INTERLOCK MEDIUM LARGE TITANIUM 20-CLIP 6/BX","COVIDIEN SALES LLC",Product_Description,PO_PREMIER,PP-OR-1487
771,176657,176657,"APPLIER, ENDO CLIP II MED/LARGE 10 MM 20 TI CLIPS",COVIDIEN,Facility_Product_Description,PO_PREMIER,PP-OR-1487
782,179256,179256,"STRAP RESTRAINT DURABLE BEIGE 10X1.5IN","PERFORMANCE HEALTH INC",Facility_Product_Description,PO_PREMIER,PP-NS-1680
782,179256,179256,"STRAP CAST/SPLINT R-SECURABLE 1 1/2IN X 10YD 1/8IN THK BEIGE NYLON FABRIC 2-SIDE PADDED LOOP NON-STRETCHED HEAVY-DUTY 1000-CLOSURE SOFT PILE ADJUSTABLE","VELCRO USA INC",Product_Description,PO_PREMIER,PP-NS-1680
1433,1944/46,194446,"LEAD PACING ISOFLEX BIPOLAR 7FR 46CM 10MM SPACING ATRIAL VENTRICULAR J-TIP STEROID ELUTING TINED FIXATION IS-1 CONNECTOR OPTIM","ABBOTT LABORATORIES INC.",Product_Description,PO_PREMIER,PP-CA-449
1433,1944/46,194446,"LEAD, ISOFLEX OPTIM 1944/46","ST. JUDE MEDICAL/PACESETTER",Facility_Product_Description,PO_PREMIER,PP-CA-449
1434,1944/52,194452,"LEAD, ISOFLEX OPTIM 1944/52","ST. JUDE MEDICAL/PACESETTER",Facility_Product_Description,PO_PREMIER,PP-CA-449
1434,1944/52,194452,"LEAD PACING ISOFLEX BIPOLAR 7FR 52CM 10MM SPACING ATRIAL VENTRICULAR J-TIP STEROID ELUTING TINED FIXATION IS-1 CONNECTOR OPTIM","ABBOTT LABORATORIES INC.",Product_Description,PO_PREMIER,PP-CA-449
1435,1948/52,194852,"LEAD PACING ISOFLEX BIPOLAR 7FR 52CM 10MM SPACING ATRIAL VENTRICULAR STRAIGHT STEROID ELUTING TINED FIXATION IS-1 CONNECTOR OPTIM","ABBOTT LABORATORIES INC.",Product_Description,PO_PREMIER,PP-CA-449
1435,1948/52,194852,"LEAD, ISOFLEX OPTIM 1948/52","ST. JUDE MEDICAL/PACESETTER",Facility_Product_Description,PO_PREMIER,PP-CA-449
1436,1948/58,194858,"LEAD PACING ISOFLEX BIPOLAR 7FR 58CM 10MM SPACING ATRIAL VENTRICULAR STRAIGHT STEROID ELUTING TINED FIXATION IS-1 CONNECTOR OPTIM","ABBOTT LABORATORIES INC.",Product_Description,PO_PREMIER,PP-CA-449
1436,1948/58,194858,"LEAD, ISOFLEX OPTIM 1948/5846","ST. JUDE MEDICAL/PACESETTER",Facility_Product_Description,PO_PREMIER,PP-CA-449
1438,1958,1958,"BANDAGE NONADHESIVE COTTON LATEX FREE 15CMX5MTR","PERFORMANCE HEALTH INC",Facility_Product_Description,PO_PREMIER,PP-NS-1680
1438,1958,1958,"BANDAGE COMPRESSION ISOBAND ROLL 6IN X 5.5YD 3-LAYER ELASTIC 1-WAY SHORT STRETCH LIGHT SUPPORT MULTIPURPOSE HIGH ABSORBENT REMOVABLE CLIP BEIGE 85% COTTON 15% CELLULOSE REUSABLE WASHABLE 50/CA","BSN MEDICAL, INC.",Product_Description,PO_PREMIER,PP-NS-1680
1533,20242,20242,"PURSTRING INST.(65)","US SURGICAL",Facility_Product_Description,PO_PREMIER,PP-OR-1487
1533,20242,20242,"PURSTRING, DISP. 65 INST.",COVIDIEN,Facility_Product_Description,PO_PREMIER,PP-OR-1487
1533,20242,20242,"STAPLER INTERNAL PURSTRING 65MM RELOADABLE W/MONOSOF 2-0 NON-ABSORBABLE MONOFILAMENT NYLON SUTURE SS STAPLE SINGLE-USE 3/BX","COVIDIEN SALES LLC",Product_Description,PO_PREMIER,PP-OR-1487
1558,2083,2083,"SOCK AID REHABILITATION SAMMONS PRESTON ADULT","PERFORMANCE HEALTH INC",Facility_Product_Description,PO_PREMIER,PP-NS-1680
1558,2083,2083,"SOCK AID REHABILITATION ADULT 4IN X 9 1/2IN 30IN ROPE BUILT-UP HANDLE PLASTIC FOAM LATEX-FREE","PERFORMANCE HEALTH SUPPLY, INC.",Product_Description,PO_PREMIER,PP-NS-1680
1559,2087,2087,"SOCK AID REHABILITATION 28 1/2IN STRAP 3-FINGER INSERT LONG STRAP LOOP HANDLE TERRYCLOTH NYLON LATEX-FREE","PERFORMANCE HEALTH SUPPLY, INC.",Product_Description,PO_PREMIER,PP-NS-1680
1559,2087,2087,"SOCK AID REHABILITATION EASY PULL FLEXIBLE TERRY C","PERFORMANCE HEALTH INC",Facility_Product_Description,PO_PREMIER,PP-NS-1680
1559,2087,2087,"AID, FLEXIBLE SOCK AND STOCKING","PERFORMANCE HEALTH SUPPLY, INC.",Facility_Product_Description,PO_PREMIER,PP-NS-1680
1560,2088000,2088000,"ELASTOMULL CONFORMING BANDAGE 1&QUOT;",NULL,Facility_Product_Description,PO_PREMIER,PP-NS-1680
1560,2088000,2088000,"BANDAGE GAUZE ELASTOMULL ROLL 1IN X 4.1YD ELASTIC STRETCH HIGH ABSORBENT CONFORMABLE NON-SLIP HIGH DENSITY FABRIC NON-STERILE 24/BG","BSN MEDICAL, INC.",Product_Description,PO_PREMIER,PP-NS-1680
1561,2088TC/46,2088TC46,"LEAD PACING TENDRIL STS BIPOLAR 6FR 46CM 10MM SPACING STEROID ELUTING ACTIVE EXT/RET HELIX FIXATION IS-1 CONNECTOR TITANIUM NITRIDE OPTIM MRI-CONDITIONAL","ABBOTT LABORATORIES INC.",Product_Description,PO_PREMIER,PP-CA-449
1561,2088TC/46,2088TC46,"LEAD, TENDRILL STS 46","ST. JUDE MEDICAL/PACESETTER",Facility_Product_Description,PO_PREMIER,PP-CA-449
1561,2088TC/46,2088TC46,"LEAD PACING BIPOLAR EXTENDABLE RETRACTABLE HELIX F","ABBOTT CARDIOVASCULAR INC",Facility_Product_Description,PO_PREMIER,PP-CA-449
1562,2088TC/52,2088TC52,"LEAD, TENDRILL STS 52","ST. JUDE MEDICAL/PACESETTER",Facility_Product_Description,PO_PREMIER,PP-CA-449
1562,2088TC/52,2088TC52,"LEAD PACING TENDRIL STS BIPOLAR 6FR 52CM 10MM SPACING STEROID ELUTING ACTIVE EXT/RET HELIX FIXATION IS-1 CONNECTOR TITANIUM NITRIDE OPTIM MRI-CONDITIONAL","ABBOTT LABORATORIES INC.",Product_Description,PO_PREMIER,PP-CA-449
1563,2088TC/58,2088TC58,"LEAD PACING TENDRIL STS BIPOLAR 6FR 58CM 10MM SPACING STEROID ELUTING ACTIVE EXT/RET HELIX FIXATION IS-1 CONNECTOR TITANIUM NITRIDE OPTIM MRI-CONDITIONAL","ABBOTT LABORATORIES INC.",Product_Description,PO_PREMIER,PP-CA-449
1563,2088TC/58,2088TC58,"LEAD, TENDRILL STS 58","ST. JUDE MEDICAL/PACESETTER",Facility_Product_Description,PO_PREMIER,PP-CA-449
1565,20-Jan,20JAN,"STERILE AQUASONIC GEL",NULL,Facility_Product_Description,PO_PREMIER,PP-NS-1680
1565,20-Jan,20JAN,"GEL ULTRASOUND AQUASONIC 100 TRANSMISSION 20GM AQUEOUS PACKETTE NON-IRRITATING PARABEN-FREE NO FORMALDEHYDE NON-STERILE SINGLE-USE 100/BX","PARKER LABORATORIES",Product_Description,PO_PREMIER,PP-NS-1680
1613,21-345,21345,"SYSTEM VISUALIZATION ENDO CLEARIFY 8X6IN","MEDTRONIC INC",Facility_Product_Description,PO_PREMIER,PP-OR-1487
1613,21-345,21345,"SYSTEM ENDOSCOPE MAINTENANCE CLEARIFY W/ANTI-FOG SOLUTION RESERVOIR WHITE BALANCER 6IN X 8IN X-RAY MICRO PAD 2-TROCAR WIPE F/VISUALIZATION","COVIDIEN SALES LLC",Product_Description,PO_PREMIER,PP-OR-1487
1613,21-345,21345,"KIT, LAPAROSCOPIC ANTI-FOGGING CLEARIFY",COVIDIEN,Facility_Product_Description,PO_PREMIER,PP-OR-1487
1689,22313,22313,"BANDAGE COMPRESSION KOMPREX ROLL 3.2IN X 2.2YD SQUARE FOAM RUBBER LATEX REUSABLE 30/CA CARDBOARD BOX","L&R USA, INC",Product_Description,PO_PREMIER,PP-NS-1680
1689,22313,22313,"PAD, KOMPREX LATEX FREE FOAM RUBBER 8CM X 2CM","PERFORMANCE HEALTH SUPPLY, INC.",Facility_Product_Description,PO_PREMIER,PP-NS-1680
1732,23111,23111,"BANDAGE COMPRESSION SOFT COTTON FOAM LATEX FREE RO","PERFORMANCE HEALTH INC",Facility_Product_Description,PO_PREMIER,PP-NS-1680
1732,23111,23111,"BANDAGE COMPRESSION ROSIDAL SOFT ROLL 4IN X 2.7YD 0.16IN THK PADDED REMOVABLE CLIP CLOSURE 100% POLYURETHANE FOAM LATEX-FREE REUSABLE WASHABLE 24/CA CARDBOARD BOX","L&R USA, INC",Product_Description,PO_PREMIER,PP-NS-1680
1873,2350,2350,"ELECTRODE NEUROSTIMULATOR PALS 1.25IN ROUND KNIT SELF-ADHESIVE MULTI-LAYER PLIABLE PIN CONNECTOR PLATINUM STAINLESS STEEL FABRIC MULTISTICK HOURGLASS HYDROGEL F/FES TENS LATEX-FREE REUSABLE NO SCRUB U","PERFORMANCE HEALTH SUPPLY, INC.",Product_Description,PO_PREMIER,PP-NS-1680
1873,2350,2350,"ELECTRODE, PALS PLAT 1.25 ROUND","PERFORMANCE HEALTH SUPPLY, INC.",Facility_Product_Description,PO_PREMIER,PP-NS-1680
1973,25830CAMLG,25830CAMLG,"GLOVE, ISOTONER THERAPEUTIC LARGE","PERFORMANCE HEALTH SUPPLY, INC.",Facility_Product_Description,PO_PREMIER,PP-NS-1680
1973,25830CAMLG,25830CAMLG,"GLOVE COMPRESSION THERAPEUTIC ISOTONER LARGE 7 1/2-8 1/2IN UNISEX OPEN FINGER ROUND SEAM OUTSIDE 80% NYLON 20% SPANDEX LATEX-FREE","TOTES ISOTONER CORP",Product_Description,PO_PREMIER,PP-NS-1680
1973,25830CAMLG,25830CAMLG,"GLOVE COMPRESSION OPEN FINGER SEAM OUTSIDE THERAPE","PERFORMANCE HEALTH INC",Facility_Product_Description,PO_PREMIER,PP-NS-1680
1974,25830CAMMD,25830CAMMD,"GLOVE COMPRESSION OPEN FINGER SEAM OUTSIDE THERAPE","PERFORMANCE HEALTH INC",Facility_Product_Description,PO_PREMIER,PP-NS-1680
1974,25830CAMMD,25830CAMMD,"GLOVE COMPRESSION THERAPEUTIC ISOTONER MEDIUM 7-8IN MCP UNISEX RIGHT/LEFT HAND OPEN FINGER CAMEL SEAMLESS 2-WAY STRETCH 80% NYLON 20% SPANDEX LATEX-FREE 23-32MMHG MACHINE WASHABLE PR","TOTES ISOTONER CORP",Product_Description,PO_PREMIER,PP-NS-1680
1975,25830CAMSM,25830CAMSM,"GLOVE, ISOTONER THERAPEUTIC SMALL","PERFORMANCE HEALTH SUPPLY, INC.",Facility_Product_Description,PO_PREMIER,PP-NS-1680
1975,25830CAMSM,25830CAMSM,"GLOVE: ISOTONER: PAIR: SMALL",NULL,Facility_Product_Description,PO_PREMIER,PP-NS-1680
1975,25830CAMSM,25830CAMSM,"GLOVE COMPRESSION THERAPEUTIC ISOTONER SMALL 6-7IN MCP UNISEX RIGHT/LEFT HAND OPEN FINGER CAMEL SEAMLESS 2-WAY STRETCH 80% NYLON 20% SPANDEX LATEX-FREE 23-32MMHG MACHINE WASHABLE PR","TOTES ISOTONER CORP",Product_Description,PO_PREMIER,PP-NS-1680
1975,25830CAMSM,25830CAMSM,"GLOVE COMPRESSION OPEN FINGER SEAM OUTSIDE THERAPE","PERFORMANCE HEALTH INC",Facility_Product_Description,PO_PREMIER,PP-NS-1680
2033,2811,2811,"MITT, PEEK A BOO",POSEY,Facility_Product_Description,PO_PREMIER,PP-NS-1388
2033,2811,2811,"RESTRAINT EXTREMITY PEEK-A-BOO MITTEN ONE-SIZE HAND 1-STRAP 2-PADDED NO FINGER SEPARATOR HOOK-LOOP INSPECTION FLAP NYLON WHITE PR","TIDI PRODUCTS, LLC",Product_Description,PO_PREMIER,PP-NS-1388
2033,2811,2811,"RESTRAINT EXTR UNIV MITT PR PEEK-A-BOO","TIDI HOLDINGS LLC",Facility_Product_Description,PO_PREMIER,PP-NS-1388
2034,2816,2816,"RESTRAINT EXTREMITY MITTEN DOUBLE-SAFETY ONE-SIZE WRIST HAND 1-STRAP CLOSED END 5-SEPARATOR FINGER QUICK-RELEASE HOOK-LOOP POLY MESH FIBER FILL 48IN STRAP WHITE REUSABLE PR","TIDI PRODUCTS, LLC",Product_Description,PO_PREMIER,PP-NS-1388
2034,2816,2816,"POSEY SECURE MITTS",POSEY,Facility_Product_Description,PO_PREMIER,PP-NS-1388
2034,2816,2816,"POSEY SECURE MITTS","JT POSEY",Facility_Product_Description,PO_PREMIER,PP-NS-1388
2078,2970002516,2970002516,"SPLINT, COMFYPRENE ELBOW ORTHOSIS ADULT","PERFORMANCE HEALTH SUPPLY, INC.",Facility_Product_Description,PO_PREMIER,PP-NS-1680
2078,2970002516,2970002516,"SPLINT ORTHOPAEDIC ELBOW ORTHOSIS COMFYPRENE NAVY","PERFORMANCE HEALTH INC",Facility_Product_Description,PO_PREMIER,PP-NS-1680
2078,2970002516,2970002516,"ORTHOSIS ORTHOPEDIC COMFYPRENE 11IN 11-15IN BICEPS ADULT ELBOW MALLEABLE SPLINT ADJUSTABLE CUFF TAA","ALIMED, INC.",Product_Description,PO_PREMIER,PP-NS-1680
2083,2-Apr,2APR,"PAD ULTRASOUND GEL BACTERIOSTATIC HYPOALLERGENIC D","CIVCO HOLDING INC",Facility_Product_Description,PO_PREMIER,PP-NS-1680
2083,2-Apr,2APR,"GEL ULTRASOUND AQUAFLEX PAD 2CM X 9CM AQUEOUS FLEXIBLE BACTERIOSTATIC HYPOALLERGENIC DISPOSABLE 6/BX","PARKER LABORATORIES",Product_Description,PO_PREMIER,PP-NS-1680
2131,3004899190,3004899190,"CONTROL CHEMISTRY PRE CLEAN M ELECSYS 600ML","ROCHE DIAGNOSTICS",Facility_Product_Description,PO_PREMIER,PP-LA-524
2131,3004899190,3004899190,"REAGENT CHEM ANALYZER COBAS PRECLEAN M 5X600ML F/E170/E601/E602","ROCHE DIAGNOSTICS CORPORATION",Product_Description,PO_PREMIER,PP-LA-524
2133,30051SP,30051SP,"SHOE HORN E-Z SLIDE 18IN","PERFORMANCE HEALTH INC",Facility_Product_Description,PO_PREMIER,PP-NS-1680
2133,30051SP,30051SP,"SHOEHORN, E-Z SLIDE 18","PERFORMANCE HEALTH SUPPLY, INC.",Facility_Product_Description,PO_PREMIER,PP-NS-1680
2133,30051SP,30051SP,"SHOEHORN DRESSING AID E-Z SLIDE 18IN 6IN HANDLE CURVED HEAVY-DUTY NON-SLIP RUBBER HANDLE COATED STEEL SHAFT","THERAFIN CORPORATION",Product_Description,PO_PREMIER,PP-NS-1680
2134,3005712190,3005712190,"REAGENT CHEM ANALYZER COBAS 12X70ML PROBEWASH M F/E170/E601/E602","ROCHE DIAGNOSTICS CORPORATION",Product_Description,PO_PREMIER,PP-LA-524
2134,3005712190,3005712190,"CONTROL CHEMISTRY PROBE WASH M ELECSYS 70ML","ROCHE DIAGNOSTICS",Facility_Product_Description,PO_PREMIER,PP-LA-524
2148,3045838160,3045838160,"REAGENT CHEMISTRY 100 TEST CA 15-3 II ELECSYS COBA","ROCHE DIAGNOSTICS",Facility_Product_Description,PO_PREMIER,PP-LA-524
2148,3045838160,3045838160,"REAGENT IMMUN ANALYZER COBAS E ELECSYS CA 15-3 2 100TEST/EA","ROCHE DIAGNOSTICS CORPORATION",Product_Description,PO_PREMIER,PP-LA-524
2148,3045838160,3045838160,"TESTPACK, CA 15-3 II (100)","ROCHE DIAGNOSTICS",Facility_Product_Description,PO_PREMIER,PP-LA-524
2149,3045846122,3045846122,"CALIBRATOR IMMUNOLOGY COBAS ELECSYS CA 15-3 GEN 2","ROCHE DIAGNOSTICS CORPORATION",Product_Description,PO_PREMIER,PP-LA-524
2149,3045846122,3045846122,"CALIBRATOR CHEMISTRY CA 15-3 II CALSET 4ML","ROCHE DIAGNOSTICS",Facility_Product_Description,PO_PREMIER,PP-LA-524
2179,312,312,"VASHE WOUND THERAPY SOLUTION",NULL,Facility_Product_Description,PO_PREMIER,PP-NS-1680
2179,312,312,"CLEANSER WOUND VASHE 4OZ DERMAL BOTTLE HOCL NACL NON-CYTOTOXIC PH NORMAL BIOCOMPATIBLE 24/CA","URGO MEDICAL NORTH AMERICA",Product_Description,PO_PREMIER,PP-NS-1680
2204,31805,31805,"DRESSING GEL MEDIHONEY 0.5OZ TWIST-OFF TUBE ACTIVE LEPTOSPERMUM HONEY LOW PH F/1-2 DEGREE BURN 10/BX","INTEGRA LIFESCIENCES SALES, LLC",Product_Description,PO_PREMIER,PP-NS-1680
2204,31805,31805,"MEDIHONEY GEL",INTEGRA,Facility_Product_Description,PO_PREMIER,PP-NS-1680
2205,3183971122,3183971122,"REAGENT DILUENT UNIVERSAL COBAS 2X40ML","ROCHE DIAGNOSTICS",Facility_Product_Description,PO_PREMIER,PP-LA-524
2205,3183971122,3183971122,"DILUENT CHEM ANALYZER ELECSYS 2X36ML","ROCHE DIAGNOSTICS CORPORATION",Product_Description,PO_PREMIER,PP-LA-524
2219,3203093190,3203093190,"REAGENT CHEM ANALYZER COBAS E ELECSYS PROLACTIN GEN 2 F/E411/E601/E602 100TEST/EA","ROCHE DIAGNOSTICS CORPORATION",Product_Description,PO_PREMIER,PP-LA-524
2219,3203093190,3203093190,"TESTPACK, PROLACTIN II (100)","ROCHE DIAGNOSTICS",Facility_Product_Description,PO_PREMIER,PP-LA-524
2219,3203093190,3203093190,"REAGENT CHEMISTRY 100 TEST PROLACTIN II ELECSYS CO","ROCHE DIAGNOSTICS",Facility_Product_Description,PO_PREMIER,PP-LA-524
2349,3271749160,3271749160,"TESTPACK, ELECSYS HCG+BETA (100)","ROCHE DIAGNOSTICS",Facility_Product_Description,PO_PREMIER,PP-LA-524
2349,3271749160,3271749160,"REAGENT IMMUN ANALYZER COBAS E ELECSYS HCG B 100TEST/EA","ROCHE DIAGNOSTICS CORPORATION",Product_Description,PO_PREMIER,PP-LA-524
2349,3271749160,3271749160,"REAGENT CHEMISTRY 100 TEST HCG+BETA 11 ELECSYS COB","ROCHE DIAGNOSTICS",Facility_Product_Description,PO_PREMIER,PP-LA-524
2351,3277356190,3277356190,"CALIBRATOR IMMUNOLOGY COBAS ELECSYS PROLACTIN GEN 2","ROCHE DIAGNOSTICS CORPORATION",Product_Description,PO_PREMIER,PP-LA-524
2351,3277356190,3277356190,"CALIBRATOR CHEMISTRY PROLACTIN II CALSET 4ML","ROCHE DIAGNOSTICS",Facility_Product_Description,PO_PREMIER,PP-LA-524
2354,3302652190,3302652190,"CALIBRATOR CHEMISTRY HCG+BETA 111 CALSET 4ML","ROCHE DIAGNOSTICS",Facility_Product_Description,PO_PREMIER,PP-LA-524
2354,3302652190,3302652190,"CALIBRATOR IMMUNOLOGY COBAS ELECSYS HCG+B 2X1ML LEVEL-1/2 BOTTLE IVD","ROCHE DIAGNOSTICS CORPORATION",Product_Description,PO_PREMIER,PP-LA-524
2360,33105R,33105R,"SYSTEM LEADWIRE EKG SHIELDED REPROCESSED 120IN 5-LEAD DL LATEX-FREE DISPOSABLE 10/BX","MEDLINE INDUSTRIES, LP",Product_Description,PO_PREMIER,PP-SV-257
2360,33105R,33105R,"SET LEAD DISPOSABLE",COVIDIEN/KENDAL,Facility_Product_Description,PO_PREMIER,PP-SV-257
2375,3344,3344,"CAVILON WIPE",3M,Facility_Product_Description,PO_PREMIER,PP-NS-1680
2375,3344,3344,"PROTECTANT SKIN BARRIER CAVILON 1ML PACKET WIPE CHG COMPATIBLE NO-STING ALCOHOL-FREE TERPOLYMER 30/CT 4CT/CA","3M COMPANY",Product_Description,PO_PREMIER,PP-NS-1680
2459,3408,3408,"PERFORMA POWER MAT PLATFORM, OPTIONAL FOOT SWITCH",NULL,Facility_Product_Description,PO_PREMIER,PP-NS-1680
2459,3408,3408,"FOOTSWITCH EXAM TABLE OPTIONAL F/POWER MAT","ARMEDICA MANUFACTURING CORPORATION",Product_Description,PO_PREMIER,PP-NS-1680
2678,3530469190,3530469190,"CONTROL CHEMISTRY PRECI TROPONIN T ELECSYS 4X2ML","ROCHE DIAGNOSTICS",Facility_Product_Description,PO_PREMIER,PP-LA-524
2678,3530469190,3530469190,"CONTROL IMMUNOLOGY COBAS PRECICONTROL TROPONIN T 2X2ML LEVEL-1/2 IVD","ROCHE DIAGNOSTICS CORPORATION",Product_Description,PO_PREMIER,PP-LA-524
2684,3561097190,3561097190,"CALIBRATOR IMMUNOLOGY LH GEN 2","ROCHE DIAGNOSTICS CORPORATION",Product_Description,PO_PREMIER,PP-LA-524
2684,3561097190,3561097190,"CALIBRATOR CHEMISTRY LH II CALSET 4ML","ROCHE DIAGNOSTICS",Facility_Product_Description,PO_PREMIER,PP-LA-524
2701,3609987190,3609987190,"ASSAY IMMUN ANALYZER COBAS E ELECSYS","ROCHE DIAGNOSTICS CORPORATION",Product_Description,PO_PREMIER,PP-LA-524
2701,3609987190,3609987190,"REAGENT DILUENT MULTIASSAY COBAS 175","ROCHE DIAGNOSTICS",Facility_Product_Description,PO_PREMIER,PP-LA-524
2837,3731596001,3731596001,"SET TUBING ANALYZER 180MM PINCH VALVE","ROCHE DIAGNOSTICS CORPORATION",Product_Description,PO_PREMIER,PP-LA-524
2837,3731596001,3731596001,"TUBING, PICH VALVE FOR COBAS E411","ROCHE DIAGNOSTICS",Facility_Product_Description,PO_PREMIER,PP-LA-524
2837,3731596001,3731596001,"TUBE TEST PICH VALVE COBAS E411","ROCHE DIAGNOSTICS",Facility_Product_Description,PO_PREMIER,PP-LA-524
2841,3737551160,3737551160,"REAGENT FERRITIN GENERATION II","ROCHE DIAGNOSTICS",Facility_Product_Description,PO_PREMIER,PP-LA-524
2841,3737551160,3737551160,"REAGENT CHEM ANALYZER FERRITIN 100TEST/EA","ROCHE DIAGNOSTICS CORPORATION",Product_Description,PO_PREMIER,PP-LA-524
2841,3737551160,3737551160,"TESTPACK, FERRITIN (100)","ROCHE DIAGNOSTICS",Facility_Product_Description,PO_PREMIER,PP-LA-524
2842,3737586190,3737586190,"CALIBRATOR CHEMISTRY COBAS FERRITIN 2X1ML LEVEL-1/2 IVD","ROCHE DIAGNOSTICS CORPORATION",Product_Description,PO_PREMIER,PP-LA-524
2842,3737586190,3737586190,"CALIBRATOR CHEMISTRY FERRITIN CALSET 4ML","ROCHE DIAGNOSTICS",Facility_Product_Description,PO_PREMIER,PP-LA-524
2865,38-01,3801,"COVER PROBE ECLIPSE",PARKER,Facility_Product_Description,PO_PREMIER,PP-NS-1680
2865,38-01,3801,"COVER, PROBE - ECLIPSE","PARKER LABORATORIES,INC.",Facility_Product_Description,PO_PREMIER,PP-NS-1680
2865,38-01,3801,"COVER PROBE ECLIPSE 2.37-1.75IN X 9.5IN ENDOCAVITY PRE-GELLED NON-IRRITATING/SENSITIZING W/AQUASONIC 100 TRANSMISSION GEL POLYETHYLENE LATEX-FREE NON-STERILE DISPOSABLE 100/BX","PARKER LABORATORIES",Product_Description,PO_PREMIER,PP-NS-1680
2865,38-01,3801,"COVER, PROBE - ECLIPSE-DSD","PARKER LABORATORIES,INC.",Facility_Product_Description,PO_PREMIER,PP-NS-1680
2865,38-01,3801,"COVER PROBE ECLIPSE 9.5X2.5/1.75IN","PARKER LABORATORIES INC",Facility_Product_Description,PO_PREMIER,PP-NS-1680
3084,4109,4109,"REACHER REHABILITATION SAMMONS PRESTON STANDARD 26IN 3IN JAW OPENING 6OZ SERRATED JAW PULLING LUG FOLDABLE MAGNETIC TIP TRIGGER-ACTION HANDLE ALUMINIUM FOAM RUBBER TIP LATEX-FREE EA","PERFORMANCE HEALTH SUPPLY, INC.",Product_Description,PO_PREMIER,PP-NS-1680
3084,4109,4109,"REACHER REHABILITATION STANDARD FEATHERLITE 26IN","PERFORMANCE HEALTH INC",Facility_Product_Description,PO_PREMIER,PP-NS-1680
3084,4109,4109,"REACHER, FEATHERLITE STANDARD 26","PERFORMANCE HEALTH SUPPLY, INC.",Facility_Product_Description,PO_PREMIER,PP-NS-1680
3085,410925,410925,"REACHER 26",NULL,Facility_Product_Description,PO_PREMIER,PP-NS-1680
3085,410925,410925,"REACHER REHABILITATION SAMMONS PRESTON STANDARD 26IN 3IN JAW OPENING 6OZ SERRATED JAW PULLING LUG FOLDABLE MAGNETIC TIP TRIGGER-ACTION HANDLE ALUMINIUM FOAM RUBBER TIP LATEX-FREE 25/PK","PERFORMANCE HEALTH SUPPLY, INC.",Product_Description,PO_PREMIER,PP-NS-1680
3092,4126Q,4126Q,"RESTRAINT BELT 4IN X 13IN PAD 60IN WAIST 2-PIECE 2-PADDED QUICK-RELEASE HOOK-LOOP BUCKLE FOAM F/WHEELCHAIR","TIDI PRODUCTS, LLC",Product_Description,PO_PREMIER,PP-NS-1388
3092,4126Q,4126Q,"BELT WC WP ARND RSTR WASHABLE 10X33CM","JT POSEY COMPANY",Facility_Product_Description,PO_PREMIER,PP-NS-1388
3092,4126Q,4126Q,"BELT, WRAP AROUND SELF RELEASE",POSEY,Facility_Product_Description,PO_PREMIER,PP-NS-1388
3101,4151/52,415152,"STYLET, MOND RVOT 52","ST. JUDE MEDICAL/PACESETTER",Facility_Product_Description,PO_PREMIER,PP-CA-449
3101,4151/52,415152,"KIT STYLET LEAD MOND 52CM 3D WIDE PRIMARY CURVED RIGHT VENTRICULAR SS MRI-CONDITIONAL NON-RADIOLUCENT","ABBOTT LABORATORIES INC.",Product_Description,PO_PREMIER,PP-CA-449
3102,4151/58,415158,"KIT STYLET LEAD MOND 58CM 3D WIDE PRIMARY CURVED RIGHT VENTRICULAR SS MRI-CONDITIONAL NON-RADIOLUCENT","ABBOTT LABORATORIES INC.",Product_Description,PO_PREMIER,PP-CA-449
3102,4151/58,415158,"STYLET, MOND RVOT 58","ST. JUDE MEDICAL/PACESETTER",Facility_Product_Description,PO_PREMIER,PP-CA-449
3103,4151/65,415165,"STYLET, MOND RVOT 65","ST. JUDE MEDICAL/PACESETTER",Facility_Product_Description,PO_PREMIER,PP-CA-449
3103,4151/65,415165,"KIT STYLET LEAD MOND 65CM 3D WIDE PRIMARY CURVED RIGHT VENTRICULAR SS MRI-CONDITIONAL NON-RADIOLUCENT","ABBOTT LABORATORIES INC.",Product_Description,PO_PREMIER,PP-CA-449
3115,42-12,4212,"DISINFECTANT SPRAY PROTEX",NULL,Facility_Product_Description,PO_PREMIER,PP-NS-1680
3115,42-12,4212,"DISINFECTANT MULTI-SURFACE PROTEX 12X12OZ SPRAY BOTTLE GERMICIDAL VIRUCIDAL ALCOHOL-FREE BLEACH-FREE 12/BX","PARKER LABORATORIES",Product_Description,PO_PREMIER,PP-NS-1680
3126,42532,42532,"PAPER TBL EXAM WHT GRAHAM 21INX225FT","GRAHAM MEDICAL",Facility_Product_Description,PO_PREMIER,PP-NS-1680
3126,42532,42532,"PAPER, EXAM TABLE 21IN SMOOTH","GRAHAM MEDICAL PRODUCTS",Facility_Product_Description,PO_PREMIER,PP-NS-1680
3126,42532,42532,"PAPER EXAM TABLE APEX ECONOMY STANDARD ROLL 21IN X 225FT WHITE SMOOTH LIGHTWEIGHT CREPE 12RL/CA","LITTLE RAPIDS HOLDING CORPORATION DBA GRAHAM MEDICAL",Product_Description,PO_PREMIER,PP-NS-1680
3286,4481798190,4481798190,"REAGENT IMMUN ANALYZER COBAS E ELECSYS AFP F/E411/E601/E602 100TEST/EA","ROCHE DIAGNOSTICS CORPORATION",Product_Description,PO_PREMIER,PP-LA-524
3286,4481798190,4481798190,"TESTPACK, AFP (100)","ROCHE DIAGNOSTICS",Facility_Product_Description,PO_PREMIER,PP-LA-524
3286,4481798190,4481798190,"REAGENT CHEMISTRY 100 TEST AFP ELECSYS","ROCHE DIAGNOSTICS",Facility_Product_Description,PO_PREMIER,PP-LA-524
3287,4487761190,4487761190,"CALIBRATOR CHEMISTRY AFP II CALSET 4ML","ROCHE DIAGNOSTICS",Facility_Product_Description,PO_PREMIER,PP-LA-524
3287,4487761190,4487761190,"CALIBRATOR CHEMISTRY COBAS ELECSYS A-FETOPROTEIN 2","ROCHE DIAGNOSTICS CORPORATION",Product_Description,PO_PREMIER,PP-LA-524
3326,45552,45552,"TAPE ORTHOPAEDIC SOFT ADHESIVE STRETCH POLYESTER L","PERFORMANCE HEALTH INC",Facility_Product_Description,PO_PREMIER,PP-NS-1680
3326,45552,45552,"BANDAGE COMPRESSION TAPE STRETCH COVER ROLL SOFT S","BSN MEDICAL INC",Facility_Product_Description,PO_PREMIER,PP-NS-1680
3326,45552,45552,"COVERROLL, STRETCH 2X10 YD","PERFORMANCE HEALTH SUPPLY, INC.",Facility_Product_Description,PO_PREMIER,PP-NS-1680
3326,45552,45552,"TAPE, COVER ROLL STRETCH","BSN MEDICAL, INC.",Facility_Product_Description,PO_PREMIER,PP-NS-1680
3326,45552,45552,"DRESSING COMPRESSION COVER-ROLL ADHESIVE ROLL 2IN X 10YD ELASTIC FIXATION STRETCH CONFORMABLE NON-WOVEN HYPOALLERGENIC WATERPROOF WHITE POLYESTER POLYACRYLATE LATEX-FREE RADIOLUCENT NON-STERILE 12/CA","BSN MEDICAL, INC.",Product_Description,PO_PREMIER,PP-NS-1680
3348,4660307190,4660307190,"REAGENT CHEMISTRY ELECSYS","ROCHE DIAGNOSTICS",Facility_Product_Description,PO_PREMIER,PP-LA-524
3348,4660307190,4660307190,"TESPACK, TROPONIN STAT GEN 4 (100T)","ROCHE DIAGNOSTICS",Facility_Product_Description,PO_PREMIER,PP-LA-524
3348,4660307190,4660307190,"REAGENT CHEM ANALYZER ELECSYS TROPONIN-T STAT GEN 4 100TEST/EA","ROCHE DIAGNOSTICS CORPORATION",Product_Description,PO_PREMIER,PP-LA-524
3358,4704-MD,4704MD,"SLING ARM CRADLE OPEN HAND ELBOW HOOK-LOOP CLOSURE","SCOTT SPECIALTIES INC",Facility_Product_Description,PO_PREMIER,PP-NS-1680
3358,4704-MD,4704MD,"SLING, SNOOPY ARM MEDIUM","PERFORMANCE HEALTH SUPPLY, INC.",Facility_Product_Description,PO_PREMIER,PP-NS-1680
3358,4704-MD,4704MD,"SLING ORTHOPEDIC ENVELOPE MEDIUM WIDE 7IN X 15IN PEDIATRIC RIGHT/LEFT ARM SHOULDER STRAP HOOK-LOOP CLOSURE SNOOPY PRINTED COTTON POLYESTER CUSTOMIZABLE","SCOTT SPECIALTIES",Product_Description,PO_PREMIER,PP-NS-1680
3359,4704-SM,4704SM,"SLING ORTHOPEDIC ENVELOPE SMALL WIDE 6IN X 12IN PEDIATRIC RIGHT/LEFT ARM SHOULDER STRAP HOOK-LOOP CLOSURE SNOOPY PRINTED COTTON POLYESTER CUSTOMIZABLE","SCOTT SPECIALTIES",Product_Description,PO_PREMIER,PP-NS-1680
3359,4704-SM,4704SM,"SLING, SNOOPY ARM SMALL","PERFORMANCE HEALTH SUPPLY, INC.",Facility_Product_Description,PO_PREMIER,PP-NS-1680
3359,4704-SM,4704SM,"SLING ARM CRADLE OPEN HAND ELBOW HOOK-LOOP CLOSURE","SCOTT SPECIALTIES INC",Facility_Product_Description,PO_PREMIER,PP-NS-1680
3360,4704-XS,4704XS,"SLING ARM CRADLE OPEN HAND ELBOW HOOK-LOOP CLOSURE","SCOTT SPECIALTIES INC",Facility_Product_Description,PO_PREMIER,PP-NS-1680
3360,4704-XS,4704XS,"SLING ORTHOPEDIC CUSTOM ENVELOPE XSMALL 5IN X 10IN PEDIATRIC RIGHT/LEFT ARM HOOK-LOOP CLOSURE SHOULDER STRAP SNOOPY PRINTED COTTON POLYESTER LATEX-FREE","SCOTT SPECIALTIES",Product_Description,PO_PREMIER,PP-NS-1680
3463,4842464160,4842464160,"REAGENT CHEMISTRY GEN 2 100 TEST PROBNP COBAS E EL","ROCHE DIAGNOSTICS",Facility_Product_Description,PO_PREMIER,PP-LA-524
3463,4842464160,4842464160,"REAGENT CHEM ANALYZER ELECSYS PROBNP 2","ROCHE DIAGNOSTICS CORPORATION",Product_Description,PO_PREMIER,PP-LA-524
3463,4842464160,4842464160,"TESTPACK, COBAS E-ELECSYS PROBNP GEN 2 (100)","ROCHE DIAGNOSTICS",Facility_Product_Description,PO_PREMIER,PP-LA-524
3465,4856643190,4856643190,"CALIBRATOR CHEMISTRY STAT 9MIN TROPININ T CALSET 4","ROCHE DIAGNOSTICS",Facility_Product_Description,PO_PREMIER,PP-LA-524
3465,4856643190,4856643190,"SET CALIBRATOR CHEMISTRY COBAS TROPONIN T STAT 1SET/2X1ML LEVEL-1/2 IVD","ROCHE DIAGNOSTICS CORPORATION",Product_Description,PO_PREMIER,PP-LA-524
3469,4880293190,4880293190,"SOLUTION CYTOLOGY CLEANCELL M 2X2ML","ROCHE DIAGNOSTICS CORPORATION",Product_Description,PO_PREMIER,PP-LA-524
3469,4880293190,4880293190,"CONTROL CHEMISTRY CLEAN CELL M ELECSYS COBAS E 2X2","ROCHE DIAGNOSTICS",Facility_Product_Description,PO_PREMIER,PP-LA-524
3470,4880340190,4880340190,"CONTROL CHEMISTRY PRO-CELL M (2X2L) ELECSYS COBAS","ROCHE DIAGNOSTICS",Facility_Product_Description,PO_PREMIER,PP-LA-524
3470,4880340190,4880340190,"REAGENT CHEM ANALYZER PROCELL M BUFFER 2X2LT","ROCHE DIAGNOSTICS CORPORATION",Product_Description,PO_PREMIER,PP-LA-524
3472,4892470160,4892470160,"REAGENT CHEMISTRY 100 TEST PTH-STAT COBAS E ELECSY","ROCHE DIAGNOSTICS",Facility_Product_Description,PO_PREMIER,PP-LA-524
3472,4892470160,4892470160,"TESTPACK, PTH-STAT (100)","ROCHE DIAGNOSTICS",Facility_Product_Description,PO_PREMIER,PP-LA-524
3472,4892470160,4892470160,"REAGENT CHEM ANALYZER COBAS E ELECSYS PTH STAT","ROCHE DIAGNOSTICS CORPORATION",Product_Description,PO_PREMIER,PP-LA-524
3474,4917049160,4917049160,"CONTROL CHEMISTRY PRECI GEN 4 CARDIAC 4X2ML","ROCHE DIAGNOSTICS",Facility_Product_Description,PO_PREMIER,PP-LA-524
3474,4917049160,4917049160,"CONTROL IMMUNOLOGY COBAS PRECICONTROL 2X2ML LEVEL-1/2 CARDIAC IVD","ROCHE DIAGNOSTICS CORPORATION",Product_Description,PO_PREMIER,PP-LA-524
3681,501214,501214,"ADAPTER LEAD BIPOLAR 3.2MM LEAD-IS-1","ABBOTT LABORATORIES INC.",Product_Description,PO_PREMIER,PP-CA-449
3681,501214,501214,"ADAPTER, UNIPOLAR LEAD 3.2MM LOW-PROFILE CONN TO I","ST. JUDE MEDICAL/PACESETTER",Facility_Product_Description,PO_PREMIER,PP-CA-449
3777,506501,506501,"PUTTY, X-SOFT TAN, 4 OZ","PERFORMANCE HEALTH SUPPLY, INC.",Facility_Product_Description,PO_PREMIER,PP-NS-1680
3777,506501,506501,"PUTTY EXERCISE SAMMONS PRESTON ROLYAN THERAPY 4OZ TAN HAND SUPER SOFT RESISTANCE NON-STICK NON-OILY LATEX-FREE NON-TOXIC","PERFORMANCE HEALTH SUPPLY, INC.",Product_Description,PO_PREMIER,PP-NS-1680
3781,507101,507101,"PUTTY, SOFT YELLOW 1 LB","PERFORMANCE HEALTH SUPPLY, INC.",Facility_Product_Description,PO_PREMIER,PP-NS-1680
3781,507101,507101,"PUTTY EXERCISE SAMMONS PRESTON ROLYAN THERAPY 1LB YELLOW SOFT RESISTANCE NON-STICK NON-OILY LATEX-FREE NON-TOXIC","PERFORMANCE HEALTH SUPPLY, INC.",Product_Description,PO_PREMIER,PP-NS-1680
3782,507105,507105,"PUTTY EXERCISE SAMMONS PRESTON ROLYAN THERAPY 5LB YELLOW SOFT RESISTANCE NON-STICK NON-OILY LATEX-FREE NON-TOXIC","PERFORMANCE HEALTH SUPPLY, INC.",Product_Description,PO_PREMIER,PP-NS-1680
3782,507105,507105,"PUTTY, SOFT YELLOW 5 LB","PERFORMANCE HEALTH SUPPLY, INC.",Facility_Product_Description,PO_PREMIER,PP-NS-1680
3792,507B,507B,"FINGER EXT, ACU-SPRING ASSIST-B","PERFORMANCE HEALTH SUPPLY, INC.",Facility_Product_Description,PO_PREMIER,PP-NS-1680
3792,507B,507B,"SPLINT ORTHOPEDIC LMB ACU-SPRING MEDIUM 3IN FINGER EXTENSION ASSIST ADJUSTABLE TENSION DORSAL CENTER PAD WIRE-FOAM NON-STERILE F/PIP","DEROYAL INDUSTRIES, INC.",Product_Description,PO_PREMIER,PP-NS-1680
3793,507C,507C,"SPLINT ORTHOPEDIC LMB ACU-SPRING LARGE 3-3/8IN FINGER EXTENSION ASSIST ADJUSTABLE TENSION DORSAL CENTER PAD WIRE-FOAM NON-STERILE F/PIP","DEROYAL INDUSTRIES, INC.",Product_Description,PO_PREMIER,PP-NS-1680
3793,507C,507C,"FINGER EXT, ACU-SPRING ASSIST-C","PERFORMANCE HEALTH SUPPLY, INC.",Facility_Product_Description,PO_PREMIER,PP-NS-1680
3794,507D,507D,"FINGER EXT, ACU-SPRING ASSIST-D","PERFORMANCE HEALTH SUPPLY, INC.",Facility_Product_Description,PO_PREMIER,PP-NS-1680
3794,507D,507D,"SPLINT ORTHOPEDIC LMB ACU-SPRING XLARGE 3 3/4IN FINGER EXTENSION ASSIST ADJUSTABLE TENSION DORSAL CENTER PAD WIRE-FOAM NON-STERILE F/PIP","DEROYAL INDUSTRIES, INC.",Product_Description,PO_PREMIER,PP-NS-1680
3816,5095107160,5095107160,"SET CONTROL CHEMISTRY COBAS PRECICONTROL TROPONIN 1SET/2X2ML LEVEL-1/2 IVD","ROCHE DIAGNOSTICS CORPORATION",Product_Description,PO_PREMIER,PP-LA-524
3816,5095107160,5095107160,"TROPONIN PC ELECSYS",NULL,Facility_Product_Description,PO_PREMIER,PP-LA-524
3841,514203,514203,"WAX PARAFFIN PROFESSIONAL GRADE COLORLESS PURE UNS","PERFORMANCE HEALTH INC",Facility_Product_Description,PO_PREMIER,PP-NS-1680
3841,514203,514203,"WAX PARAFFIN PERFORMA PROFESSIONAL 1LB BLOCK HYPOALLERGENIC UNSCENTED F/THERAPEUTIC TREATMENT RESIDUE/PARABEN-FREE 6/BX FDA FOOD GRADE","PERFORMANCE HEALTH SUPPLY, INC.",Product_Description,PO_PREMIER,PP-NS-1680
3863,5192943190,5192943190,"DILUENT CHEMISTRY UNIVERSAL 2 ELECSYS 2X36ML","ROCHE DIAGNOSTICS",Facility_Product_Description,PO_PREMIER,PP-LA-524
3863,5192943190,5192943190,"DILUENT CHEM ANALYZER UNIVERSAL 2 2X16ML","ROCHE DIAGNOSTICS CORPORATION",Product_Description,PO_PREMIER,PP-LA-524
3866,5200067160,5200067160,"REAGENT CHEMISTRY 100 TEST TESTOSTERONE II ELECSYS","ROCHE DIAGNOSTICS",Facility_Product_Description,PO_PREMIER,PP-LA-524
3866,5200067160,5200067160,"REAGENT CHEM ANALYZER COBAS E ELECSYS TESTOSTERONE GEN 2 100TEST/EA","ROCHE DIAGNOSTICS CORPORATION",Product_Description,PO_PREMIER,PP-LA-524
3866,5200067160,5200067160,"TESTPACK, TESTOSTERONE II (100)","ROCHE DIAGNOSTICS",Facility_Product_Description,PO_PREMIER,PP-LA-524
3889,5202230190,5202230190,"CALIBRATOR CHEMISTRY TESTOSTERONE II CALSET 4ML","ROCHE DIAGNOSTICS",Facility_Product_Description,PO_PREMIER,PP-LA-524
3889,5202230190,5202230190,"CALIBRATOR IMMUNOLOGY ELECSYS TESTOSTERONE GEN 2","ROCHE DIAGNOSTICS CORPORATION",Product_Description,PO_PREMIER,PP-LA-524
3978,5291,5291,"ROM ARC: HTTPS://WWW.PERFORMANCEHEALTH.COM/GRADED-",NULL,Facility_Product_Description,PO_PREMIER,PP-NS-1680
3978,5291,5291,"EXERCISER HAND 3/4IN TUBE 6IN X 36IN X 3/4IN GRADED ROM ARC W/12 RING PLASTIC TUBE LATEX-FREE","PERFORMANCE HEALTH SUPPLY, INC.",Product_Description,PO_PREMIER,PP-NS-1680
4047,5309,5309,"9 HOLE PEG ASSESSMENT: HTTPS://WWW.PERFORMANCEHEAL",NULL,Facility_Product_Description,PO_PREMIER,PP-NS-1680
4047,5309,5309,"TEST EVALUATION JAMAR 4 7/8IN SQUARE 9-HOLE W/1/4IN PEG WOOD F/FINE MOTOR SKILL","PERFORMANCE HEALTH SUPPLY, INC.",Product_Description,PO_PREMIER,PP-NS-1680
4091,5328,5328,"24 ELECTRODE LEAD WIRE SET",NULL,Facility_Product_Description,PO_PREMIER,PP-NS-1680
4091,5328,5328,"SET LEADWIRE EKG EASYTRODE 24IN 3/4IN X 1 1/4IN RECTANGULAR SNAP CONNECTOR RED GREEN WHITE","THE PROMETHEUS GROUP",Product_Description,PO_PREMIER,PP-NS-1680
4093,534001,534001,"FLEXBAR: HTTPS://WWW.PERFORMANCEHEALTH.COM/THERABA",NULL,Facility_Product_Description,PO_PREMIER,PP-NS-1680
4093,534001,534001,"BAR EXERCISE THERABAND FLEXBAR RESISTIVE SIZE 2 1 1/2IN 12IN 10LB FORCE RED U-SHAPED LEVEL-2 LIGHT RESISTANCE RIGID TWIST FLEXIBLE W/BOOKLET DRY NATURAL RUBBER LATEX F/TENNIS ELBOW TENDONITIS","PERFORMANCE HEALTH SUPPLY, INC.",Product_Description,PO_PREMIER,PP-NS-1680
4094,534002,534002,"BAR EXERCISE THERABAND FLEXBAR RESISTIVE SIZE 3 1 3/4IN 12IN 15LB FORCE GREEN U-SHAPED LEVEL-3 MEDIUM RESISTANCE RIGID TWIST FLEXIBLE W/BOOKLET DRY NATURAL RUBBER LATEX F/TENNIS ELBOW TENDONITIS","PERFORMANCE HEALTH SUPPLY, INC.",Product_Description,PO_PREMIER,PP-NS-1680
4094,534002,534002,"FLEXBAR: HTTPS://WWW.PERFORMANCEHEALTH.COM/THERABA",NULL,Facility_Product_Description,PO_PREMIER,PP-NS-1680
4095,534003,534003,"FLEXBAR: HTTPS://WWW.PERFORMANCEHEALTH.COM/THERABA",NULL,Facility_Product_Description,PO_PREMIER,PP-NS-1680
4095,534003,534003,"BAR EXERCISE THERABAND FLEXBAR RESISTIVE SIZE 4 2IN 12IN 25LB FORCE BLUE U-SHAPED LEVEL-4 HEAVY RESISTANCE RIGID TWIST FLEXIBLE W/BOOKLET DRY NATURAL RUBBER LATEX F/TENNIS ELBOW TENDONITIS","PERFORMANCE HEALTH SUPPLY, INC.",Product_Description,PO_PREMIER,PP-NS-1680
4096,5341787160,5341787160,"CONTROL IMMUNOLOGY COBAS PRECICONTROL MULTI-MARKER 3X2ML PH 6.9-7.1 LEVEL-1/2 LYOPHILIZED WHITE LIGHT YELLOW IVD","ROCHE DIAGNOSTICS CORPORATION",Product_Description,PO_PREMIER,PP-LA-524
4096,5341787160,5341787160,"CONTROL, PRECI MULTIMARKER (6 X 2ML)","ROCHE DIAGNOSTICS",Facility_Product_Description,PO_PREMIER,PP-LA-524
4376,55025704,55025704,"SLING, ENVELOPE ARM W/PAD LG","PERFORMANCE HEALTH SUPPLY, INC.",Facility_Product_Description,PO_PREMIER,PP-NS-1680
4376,55025704,55025704,"SLING ORTHOPEDIC ENVELOPE LARGE ARM PADDED THUMB LOOP SLIDE BUCKLE STRAP HOOK-LOOP CLOSURE W/SHOULDER STRAP ROLYAN","PERFORMANCE HEALTH SUPPLY, INC.",Product_Description,PO_PREMIER,PP-NS-1680
4382,550874,550874,"METAL GRIPPER: HTTPS://WWW.PERFORMANCEHEALTH.COM/R",NULL,Facility_Product_Description,PO_PREMIER,PP-NS-1680
4382,550874,550874,"EXERCISER HAND ROLYAN PRO 5-150LB FORCE FOREARM ADJUSTABLE POWER GRIP LATEX-FREE","PERFORMANCE HEALTH SUPPLY, INC.",Product_Description,PO_PREMIER,PP-NS-1680
4383,55196740,55196740,"ELECTRODE NEUROSTIMULATOR PERFORMA PREMIUM 2IN X 2IN 1MM THK SQUARE SELF-ADHESIVE CARBON CONDUCTIVE FILM SOFT FLEXIBLE PIN CONNECTOR SPUN LACE WHITE CLOTH GEL F/TENS REUSABLE 40/PK","PERFORMANCE HEALTH SUPPLY, INC.",Product_Description,PO_PREMIER,PP-NS-1680
4383,55196740,55196740,"ELECTRODE ELECTROTHERAPY SQUARE SELF ADHESIVE FOAM","PERFORMANCE HEALTH INC",Facility_Product_Description,PO_PREMIER,PP-NS-1680
4383,55196740,55196740,"ELECTRODE, PERFORMA CLOTH 2IN SQUARE","PERFORMANCE HEALTH SUPPLY, INC.",Facility_Product_Description,PO_PREMIER,PP-NS-1680
4384,55196840,55196840,"ELECTRODE ELECTROTHERAPY RECTANGLE SELF ADHESIVE F","PERFORMANCE HEALTH INC",Facility_Product_Description,PO_PREMIER,PP-NS-1680
4384,55196840,55196840,"ELECTRODE NEUROSTIMULATOR PERFORMA PREMIUM 2IN X 3.5IN 1MM THK RECTANGULAR SELF-ADHESIVE CARBON CONDUCTIVE FILM SOFT FLEXIBLE PIN CONNECTOR SPUN LACE WHITE CLOTH GEL F/TENS REUSABLE 40/PK","PERFORMANCE HEALTH SUPPLY, INC.",Product_Description,PO_PREMIER,PP-NS-1680
4404,554025,554025,"WEDGE POSITIONING HIPBONE COCCYX 24IN X 7IN X 12IN 30DEG TRIANGULAR NON-INFLATABLE NON-SLIP BOTTOM FREESTANDING BLUE FOAM W/LOW-SHEAR II COVER","SKIL-CARE CORPORATION",Product_Description,PO_PREMIER,PP-NS-1680
4404,554025,554025,"SKIL CARE 30 DEGREE BED WEDGE",NULL,Facility_Product_Description,PO_PREMIER,PP-NS-1680
4407,55984401,55984401,"SHEET OF GREY FOAM, 27&QUOT; X 82&QUOT; X 1/2&QUOT","PERFORMANCE HEALTH, INC.",Facility_Product_Description,PO_PREMIER,PP-NS-1680
4407,55984401,55984401,"BANDAGE FOAM ROLYAN NON-ADHESIVE CUT-TO-FIT SHEET 27IN X 82IN 1/2IN THK OPEN-CELL GRAY FOAM LATEX-FREE F/FIBROTIC TISSUE ADHESION EA","PERFORMANCE HEALTH SUPPLY, INC.",Product_Description,PO_PREMIER,PP-NS-1680
4428,560479,560479,"BAR EXERCISE THERABAND FLEXBAR RESISTIVE 1 3/8IN 12IN 6LB FORCE YELLOW U-SHAPED LEVEL-1 X-LIGHT RESISTANCE RIDGED TWIST FLEXIBLE DRY NATURAL RUBBER LATEX F/TENNIS ELBOW","PERFORMANCE HEALTH SUPPLY, INC.",Product_Description,PO_PREMIER,PP-NS-1680
4428,560479,560479,"FLEXBARS: HTTPS://WWW.PERFORMANCEHEALTH.COM/THERAB",NULL,Facility_Product_Description,PO_PREMIER,PP-NS-1680
4430,56082903,56082903,"COLLAR CERVICAL ROLYAN 11-15IN NECK 3IN CONTOURED CHIN CUT-OUT HOOK-LOOP CLOSURE W/STOCKINETTE COVER SOFT DENSITY FOAM LATEX-FREE EA","PERFORMANCE HEALTH SUPPLY, INC.",Product_Description,PO_PREMIER,PP-NS-1680
4430,56082903,56082903,"COLLAR CERVICAL CONTOUR SOFT DENSITY HOOK AND LOOP","PERFORMANCE HEALTH INC",Facility_Product_Description,PO_PREMIER,PP-NS-1680
4430,56082903,56082903,"COLLAR, CONTOURED CERV MED SOFT","PERFORMANCE HEALTH SUPPLY, INC.",Facility_Product_Description,PO_PREMIER,PP-NS-1680
4447,5618860160,5618860160,"CONTROL CHEMISTRY COBAS PRECICONTROL VARIA 2X3ML LEVEL-1/2/3 SOLID LIGHT YELLOW IVD","ROCHE DIAGNOSTICS CORPORATION",Product_Description,PO_PREMIER,PP-LA-524
4447,5618860160,5618860160,"CONTROL CHEMISTRY PRECI VARIA 6X3ML","ROCHE DIAGNOSTICS",Facility_Product_Description,PO_PREMIER,PP-LA-524
4461,566108,566108,"STRAP ORTHOPEDIC 5/8INL FINGER HOOK-LOOP STRAP ROLYAN BUDDY LATEX-FREE TRIM TO FIT","PERFORMANCE HEALTH SUPPLY, INC.",Product_Description,PO_PREMIER,PP-NS-1680
4461,566108,566108,"STRAP ORTHOPAEDIC LATEX FREE REUSABLE ROLYAN BUDDY","PERFORMANCE HEALTH INC",Facility_Product_Description,PO_PREMIER,PP-NS-1680
4462,567061,567061,"HOOK BUTTON GOOD GRIP","NORTH COAST MEDICAL INC",Facility_Product_Description,PO_PREMIER,PP-NS-1680
4462,567061,567061,"HOOK BUTTON GOOD GRIPS 1 1/2IN SMOOTH BUILT UP RUBBER HANDLE SEMI-FLEXIBLE WIRE LOO- LATEX-FREE","PERFORMANCE HEALTH SUPPLY, INC.",Product_Description,PO_PREMIER,PP-NS-1680
4463,568682,568682,"CREAM HAND/BODY DEEP PREP THERAPEUTIC 8OZ SULFATE METHYLPARABEN PROPYLPARABEN DMDM HYDANTOIN LYMPHATIC JAR NUT OIL-FREE F/MASSAGE ACHE PAIN STIFF JOINT","PERFORMANCE HEALTH SUPPLY, INC.",Product_Description,PO_PREMIER,PP-NS-1680
4463,568682,568682,"CREAM 8 OZ. BON VITAL MASSAGE","PERFORMANCE HEALTH SUPPLY, INC.",Facility_Product_Description,PO_PREMIER,PP-NS-1680
4642,59000,59000,"VITASTIM ELECTRODES",NULL,Facility_Product_Description,PO_PREMIER,PP-NS-1680
4642,59000,59000,"ELECTRODE ELECTROTHERAPY LEAD WIRE WITH CLIP MANUA","WIKO LTD",Facility_Product_Description,PO_PREMIER,PP-NS-1680
4642,59000,59000,"ELECTRODE NEUROSTIMULATOR CHATTANOOGA VITALSTIM REPLACEMENT PORTABLE ADULT F/NEUROMUSCULAR DYSPHAGIA STIMULATION THERAPY 12/PK","DJO GLOBAL, INC.",Product_Description,PO_PREMIER,PP-NS-1680
4642,59000,59000,"ELECTRODE, VITALSTIM ADULT",WIKO,Facility_Product_Description,PO_PREMIER,PP-NS-1680
4645,59037,59037,"STAPLER SKIN MULTIFIRE PREMIUM 3-RELOAD 4-FIRING SPRING-LOADED HANDLE 360DEG ROTATING HEAD W/0.56MM 14.1MMX3.28MM WIDE SS 35-STAPLE SINGLE-USE 6/BX","COVIDIEN SALES LLC",Product_Description,PO_PREMIER,PP-OR-1487
4645,59037,59037,"STAPLER, SKIN ROTATING 35 WIDE",COVIDIEN,Facility_Product_Description,PO_PREMIER,PP-OR-1487
4648,5921034235R,5921034235R,"CUFF TOURNIQUET REPROCESSED 18CML 4INH ROLLED LUER-LOCK PURPLE LATEX STERILE DISPOSABLE","MEDLINE INDUSTRIES, LP",Product_Description,PO_PREMIER,PP-SV-257
4648,5921034235R,5921034235R,"CUFF TOURN SGL BLADDER PUR RPRC 4X34IN","STRYKER SUSTAINABILITY SOLUTIONS",Facility_Product_Description,PO_PREMIER,PP-SV-257
4669,5957648160,5957648160,"REAGENT CHEMISTRY GEN 4 100 TEST CK-MB STAT ELECSY","ROCHE DIAGNOSTICS",Facility_Product_Description,PO_PREMIER,PP-LA-524
4669,5957648160,5957648160,"KIT REAGENT IMMUN ANALYZER COBAS E ELECSYS CK-MB STAT 100TEST/KT","ROCHE DIAGNOSTICS CORPORATION",Product_Description,PO_PREMIER,PP-LA-524
4669,5957648160,5957648160,"TESTPACK, CK-MB STAT GEN 4 (100 TEST)","ROCHE DIAGNOSTICS",Facility_Product_Description,PO_PREMIER,PP-LA-524
4670,5957656190,5957656190,"SET CALIBRATOR IMMUNOLOGY COBAS CK-MB STAT 2SET/2X1ML LEVEL-1/2 SOLID LIGHT YELLOW IVD","ROCHE DIAGNOSTICS CORPORATION",Product_Description,PO_PREMIER,PP-LA-524
4670,5957656190,5957656190,"CALIBRATOR CHEMISTRY STAT GEN4 CK-MB CALSET 4ML","ROCHE DIAGNOSTICS",Facility_Product_Description,PO_PREMIER,PP-LA-524
4715,6014,6014,"AID TOILET HYGIENE SAMMONS PRESTON TONG SHORT 12IN ANGLED REINFORCED JOINT STAINLESS STEEL FRAME VINYL COATED HANDLE LATEX-FREE","PERFORMANCE HEALTH SUPPLY, INC.",Product_Description,PO_PREMIER,PP-NS-1680
4715,6014,6014,"AID TOILET LONG 12IN","PERFORMANCE HEALTH INC",Facility_Product_Description,PO_PREMIER,PP-NS-1680
4826,606701,606701,"LACE SHOE TYLASTIC PREFERRED 1/8IN X 36IN BLACK HEAVY-DUTY ELASTIC LATEX-FREE PR","PERFORMANCE HEALTH SUPPLY, INC.",Product_Description,PO_PREMIER,PP-NS-1680
4826,606701,606701,"LACE SHOE TYLASTIC BLACK 36IN","PERFORMANCE HEALTH INC",Facility_Product_Description,PO_PREMIER,PP-NS-1680
4827,607070105R,607070105R,"60-7070-105 TRNQT CUFF, DPSB, W/PLC","MEDLINE INDUSTRIES, LP",Product_Description,PO_PREMIER,PP-SV-257
4827,607070105R,607070105R,"CUFF TOURN SGL BLADDER PUR RPRC 4X34IN","STRYKER SUSTAINABILITY SOLUTIONS",Facility_Product_Description,PO_PREMIER,PP-SV-257
4878,6100,6100,"STOOL FOOT 14IN X 10IN X 9IN 300LB CAPACITY EXTRA WIDE STANCE CORRUGATED SURFACE STURDY LEG RUBBER","PERFORMANCE HEALTH SUPPLY, INC.",Product_Description,PO_PREMIER,PP-NS-1680
4878,6100,6100,"STOOL, FOOT","PERFORMANCE HEALTH SUPPLY, INC.",Facility_Product_Description,PO_PREMIER,PP-NS-1680
4878,6100,6100,"STOOL FOOT 14INW X 10INL X 9INH 300LB WIDE STURDY",NULL,Facility_Product_Description,PO_PREMIER,PP-NS-1680
4878,6100,6100,"STOOL FOOT EXTRA WIDE STURDY LEGS COVERED CORRUGAT","PERFORMANCE HEALTH INC",Facility_Product_Description,PO_PREMIER,PP-NS-1680
4999,6112,6112,"DRESSING PETROLATUM CURITY NON-ADHERENT 3IN X 3IN KNITTED IMPREGNATED HIGH ABSORBENT OIL EMULSION BLEND OPEN MESH FABRIC NON-STERILE 50/BX","CARDINAL HEALTH 200, LLC",Product_Description,PO_PREMIER,PP-NS-1680
4999,6112,6112,"DRESSING OIL EMULSION 3X3","TYCO KENDALL",Facility_Product_Description,PO_PREMIER,PP-NS-1680
5000,6114,6114,"BOARD PATIENT HARDWOOD TRANSFER TAPERED END 8X30X0","PERFORMANCE HEALTH INC",Facility_Product_Description,PO_PREMIER,PP-NS-1680
5000,6114,6114,"BOARD TRANSFER SAMMONS PRESTON 8IN X 30IN X 0.75IN 250LB CAPACITY TAPERED END SMOOTH LATEX-FREE HARDWOOD","PERFORMANCE HEALTH SUPPLY, INC.",Product_Description,PO_PREMIER,PP-NS-1680
5027,6220,6220,"MIRROR INSPECTION SAMMONS PRESTON 4IN X 6IN 22IN SHAFT FLEXIBLE PLASTIC CUFF ADJUSTABLE ACRYLIC","PERFORMANCE HEALTH SUPPLY, INC.",Product_Description,PO_PREMIER,PP-NS-1680
5027,6220,6220,"MIRROR SURGICAL FLEXIBLE INSPECTION WITH ADJUSTABL","PERFORMANCE HEALTH INC",Facility_Product_Description,PO_PREMIER,PP-NS-1680
5048,625102,625102,"TUBING GRIPPING SAMMONS PRESTON 1 1/8IN OD 3/8IN BORE 12IN MULTI-PURPOSE NON-SLIP WATERPROOF RED FOAM 6/PK","PERFORMANCE HEALTH SUPPLY, INC.",Product_Description,PO_PREMIER,PP-NS-1680
5048,625102,625102,"TUBING FOAM SLIP RESISTANT SOFT CYLINDRICAL GRIPPI","PERFORMANCE HEALTH INC",Facility_Product_Description,PO_PREMIER,PP-NS-1680
5053,626201,626201,"STOOL THERAPY SAMMONS PRESTON 16IN 18-22IN BLACK 3IN THK PAD 300LB CAPACITY ROUND PNEUMATIC SWIVEL-SEAT FOAM W/5-SWIVEL CASTER","PERFORMANCE HEALTH SUPPLY, INC.",Product_Description,PO_PREMIER,PP-NS-1680
5053,626201,626201,"STOOL EXAMINATION ROUND ADJUSTABLE REVOLVING PNEUM","PERFORMANCE HEALTH INC",Facility_Product_Description,PO_PREMIER,PP-NS-1680
5053,626201,626201,"STOOL, PERFORMA AIR-LIFT","PERFORMANCE HEALTH SUPPLY, INC.",Facility_Product_Description,PO_PREMIER,PP-NS-1680
5295,6299,6299,"SPONGE BATH CONTOUR 22IN","PERFORMANCE HEALTH INC",Facility_Product_Description,PO_PREMIER,PP-NS-1680
5295,6299,6299,"SPONGE BATH SAMMONS PRESTON SCRUB 22 1/2IN CONTOURED ADAPTIVE LOOFAH WHITE POLYFOAM PLASTIC LATEX-FREE LONG HANDLE EA","PERFORMANCE HEALTH SUPPLY, INC.",Product_Description,PO_PREMIER,PP-NS-1680
5303,6330,6330,"SENSOR EMG PATHWAY VAGINAL STIMULATION LATEX-FREE SINGLE PATIENT USE","THE PROMETHEUS GROUP",Product_Description,PO_PREMIER,PP-NS-1680
5303,6330,6330,"SENSOR VAGINAL VAGINAL PATHWAY","THE PROMETHEUS GROUP",Facility_Product_Description,PO_PREMIER,PP-NS-1680
5309,6437281160,6437281160,"TESTPACK, ELECSYS FT4 II (200)","ROCHE DIAGNOSTICS",Facility_Product_Description,PO_PREMIER,PP-LA-524
5309,6437281160,6437281160,"REAGENT IMMUN ANALYZER COBAS E ELECSYS FT4 GEN 2 200TEST/EA","ROCHE DIAGNOSTICS CORPORATION",Product_Description,PO_PREMIER,PP-LA-524
5309,6437281160,6437281160,"REAGENT CHEMISTRY 200 TEST FT4 II ELECSYS","ROCHE DIAGNOSTICS",Facility_Product_Description,PO_PREMIER,PP-LA-524
5310,6437290160,6437290160,"CALIBRATOR CHEMISTRY FT4 II CALSET 4ML","ROCHE DIAGNOSTICS",Facility_Product_Description,PO_PREMIER,PP-LA-524
5310,6437290160,6437290160,"SET CALIBRATOR IMMUNOLOGY COBAS FT4 GEN 2 2SET/2X1ML PH 7.6 LEVEL-1/2 IVD","ROCHE DIAGNOSTICS CORPORATION",Product_Description,PO_PREMIER,PP-LA-524
5321,6528L,6528L,"BELT GAIT TRANSFER LONG 2IN X 74IN 345LB NICKLE METAL BUCKLE NAVY BLUE COTTON SINGLE PATIENT USE 12/PK","TIDI PRODUCTS, LLC",Product_Description,PO_PREMIER,PP-NS-1388
5321,6528L,6528L,"BELT GAIT W/BUCKLE CLOTH NI NAVY 2X7IN","JT POSEY COMPANY",Facility_Product_Description,PO_PREMIER,PP-NS-1388
5321,6528L,6528L,"BELT, CLOTH 72",POSEY,Facility_Product_Description,PO_PREMIER,PP-NS-1388
5324,6544410190,6544410190,"REAGENT CHEM ANALYZER COBAS ECOTERGENT C501 C502","ROCHE DIAGNOSTICS CORPORATION",Product_Description,PO_PREMIER,PP-LA-524
5324,6544410190,6544410190,"CLEANER ECOTERGENT COBAS 502 59ML","ROCHE DIAGNOSTICS",Facility_Product_Description,PO_PREMIER,PP-LA-524
5325,6546BL,6546BL,"BELT GAIT EZ CLEAN BIOTHANE BLU 2X72IN","JT POSEY COMPANY",Facility_Product_Description,PO_PREMIER,PP-NS-1388
5325,6546BL,6546BL,"BELT GAIT E-Z CLEAN TRANSFER PREMIUM LONG 2IN X 84IN 70IN CIRC WAIST BARIATRIC SELF-LOCK BUCKLE BLUE POLYURETHANE POLYETHYLENE LATEX-FREE REUSABLE 12/PK","TIDI PRODUCTS, LLC",Product_Description,PO_PREMIER,PP-NS-1388
5326,6546Y,6546Y,"BELT, EZ CLEAN VINYL GAIT 58",POSEY,Facility_Product_Description,PO_PREMIER,PP-NS-1388
5326,6546Y,6546Y,"BELT GAIT E-Z CLEAN TRANSFER PREMIUM STANDARD 2IN X 63IN 58IN CIRC WAIST SELF-LOCK BUCKLE YELLOW POLYURETHANE POLYETHYLENE LATEX-FREE REUSABLE 12/PK","TIDI PRODUCTS, LLC",Product_Description,PO_PREMIER,PP-NS-1388
5326,6546Y,6546Y,"BELT GAIT LOCKING BUCKLE STANDARD VINYL REUSABLE N","JT POSEY COMPANY",Facility_Product_Description,PO_PREMIER,PP-NS-1388
5589,660001,660001,"GLOVE WHEELCHAIR LATEX FREE BLACK MEDIUM 3/4 FINGER FULL DOUBLE STITCHED HOOK LOOP FASTENER REUSABLE","PERFORMANCE HEALTH INC",Line_Item_Description,PO_WORKDAY,PP-NS-1680
5592,660802,660802,"GLOVE PROTECTIVE HATCH LARGE HALF FINGER GENERAL-PURPOSE PADDED DRY HOOK-LOOP BLACK F/WHEELCHAIR 50% LEATHER 40% COTTON 10% FOAM MESH LATEX-FREE PR MACHINE WASHABLE","PERFORMANCE HEALTH SUPPLY, INC.",Product_Description,PO_PREMIER,PP-NS-1680
5592,660802,660802,"GLOVE WHEELCHAIR LEATHER 50% COTTON 40% FOAM 10% L","PERFORMANCE HEALTH INC",Facility_Product_Description,PO_PREMIER,PP-NS-1680
5593,660803,660803,"GLOVE WHEELCHAIR LEATHER 50% COTTON 40% FOAM 10% L","PERFORMANCE HEALTH INC",Facility_Product_Description,PO_PREMIER,PP-NS-1680
5593,660803,660803,"GLOVE PROTECTIVE HATCH XLARGE HALF FINGER GENERAL-PURPOSE PADDED DRY HOOK-LOOP BLACK F/WHEELCHAIR 50% LEATHER 40% COTTON 10% FOAM MESH LATEX-FREE PR MACHINE WASHABLE","PERFORMANCE HEALTH SUPPLY, INC.",Product_Description,PO_PREMIER,PP-NS-1680
5775,6656021190,6656021190,"REAGENT CHEMISTRY 100 TEST ESTRADIOL III ELECSYS C","ROCHE DIAGNOSTICS",Facility_Product_Description,PO_PREMIER,PP-LA-524
5775,6656021190,6656021190,"TESTPACK, ESTRADIOL III (100)","ROCHE DIAGNOSTICS",Facility_Product_Description,PO_PREMIER,PP-LA-524
5775,6656021190,6656021190,"CALIBRATOR IMMUNOLOGY COBAS ELECSYS ESTRADIOL 3 IVD 100TEST/EA","ROCHE DIAGNOSTICS CORPORATION",Product_Description,PO_PREMIER,PP-LA-524
5776,6656048190,6656048190,"CALIBRATOR IMMUNOLOGY ELECSYS ESTRADIOL GEN 3","ROCHE DIAGNOSTICS CORPORATION",Product_Description,PO_PREMIER,PP-LA-524
5776,6656048190,6656048190,"CALIBRATOR CHEMISTRY ESTRADIOL III CALSET 4ML","ROCHE DIAGNOSTICS",Facility_Product_Description,PO_PREMIER,PP-LA-524
5778,6687733160,6687733160,"REAGENT CHEMISTRY 100 TEST CORTISOL II ELECSYS","ROCHE DIAGNOSTICS",Facility_Product_Description,PO_PREMIER,PP-LA-524
5778,6687733160,6687733160,"REAGENT IMMUN ANALYZER COBAS E ELECSYS CORTISOL GEN 2 100TEST/EA","ROCHE DIAGNOSTICS CORPORATION",Product_Description,PO_PREMIER,PP-LA-524
5778,6687733160,6687733160,"TESTPACK, CORTISOL II (100 TESTS)","ROCHE DIAGNOSTICS",Facility_Product_Description,PO_PREMIER,PP-LA-524
5779,6687750190,6687750190,"SET CALIBRATOR CHEMISTRY COBAS CORTISOL 2 2SET/2X1ML LEVEL-1/2 SOLID BOTTLE WHITE LIGHT YELLOW IVD","ROCHE DIAGNOSTICS CORPORATION",Product_Description,PO_PREMIER,PP-LA-524
5779,6687750190,6687750190,"CALIBRATOR CHEMISTRY CORTISOL II CALSET","ROCHE DIAGNOSTICS",Facility_Product_Description,PO_PREMIER,PP-LA-524
5829,6856,6856,"SCALE WEIGHT 6856 DIGITAL 24IN X 24IN PLATFORM 1000LB CAPACITY BARIATRIC SQUARE WAIST HIGH INTEGRAL WHEEL STAINLESS STEEL","DETECTO SCALE CO.",Product_Description,PO_PREMIER,PP-NS-1680
5829,6856,6856,"SCALE, DIGITAL STAND ON WITH HANDPOSTS 1000LB CAPA","DETECTO SCALE COMPANY",Facility_Product_Description,PO_PREMIER,PP-NS-1680
5850,69003,69003,"CREAM SKIN PROTECTION COCOA BUTTER FORMULA WITH VI","PERFORMANCE HEALTH INC",Facility_Product_Description,PO_PREMIER,PP-NS-1680
5850,69003,69003,"LOTION HAND/BODY PALMERS ORIGINAL MOISTURIZING 1X7.25OZ COCOA BUTTER VITAMIN E SILVER JAR PARABEN-FREE","PERFORMANCE HEALTH SUPPLY, INC.",Product_Description,PO_PREMIER,PP-NS-1680
5935,70110225,70110225,"HOOK SURGICAL SELF ADHESIVE STRAPPING NON PADDED V","PERFORMANCE HEALTH INC",Facility_Product_Description,PO_PREMIER,PP-NS-1680
5935,70110225,70110225,"HOOK CAST/SPLINT ROLYAN PREFERRED 1IN X 25YD BEIGE PRESSURE-SENSITIVE UNPADDED SELF-ADHESIVE LATEX-FREE","PERFORMANCE HEALTH SUPPLY, INC.",Product_Description,PO_PREMIER,PP-NS-1680
5936,70140225,70140225,"HOOK CAST/SPLINT ROLYAN PREFERRED 2IN X 25YD BEIGE PRESSURE-SENSITIVE UNPADDED SELF-ADHESIVE LATEX-FREE","PERFORMANCE HEALTH SUPPLY, INC.",Product_Description,PO_PREMIER,PP-NS-1680
5936,70140225,70140225,"LOOP SURGICAL SELF-ADHESIVE ROLYAN BEIGE 1INX25YD","PERFORMANCE HEALTH INC",Facility_Product_Description,PO_PREMIER,PP-NS-1680
5968,7030207190,7030207190,"REAGENT CHEM ANALYZER COBAS E ELECSYS CA 125-2 CALSET","ROCHE DIAGNOSTICS CORPORATION",Product_Description,PO_PREMIER,PP-LA-524
5968,7030207190,7030207190,"CALIBRATOR CHEMISTRY CA 125 II CALSET 4ML","ROCHE DIAGNOSTICS",Facility_Product_Description,PO_PREMIER,PP-LA-524
6057,7092539190,7092539190,"REAGENT CHEMISTRY 100 TEST PROGESTERONE III ELECSY","ROCHE DIAGNOSTICS",Facility_Product_Description,PO_PREMIER,PP-LA-524
6057,7092539190,7092539190,"TESTPACK, PROGESTERONE III (100)","ROCHE DIAGNOSTICS",Facility_Product_Description,PO_PREMIER,PP-LA-524
6057,7092539190,7092539190,"REAGENT CHEM ANALYZER COBAS E ELECSYS PROGESTERONE GEN 3 100TEST/EA","ROCHE DIAGNOSTICS CORPORATION",Product_Description,PO_PREMIER,PP-LA-524
6058,7092547190,7092547190,"SET CALIBRATOR IMMUNOLOGY COBAS ELECSYS PROGESTERONE GEN 3 2SET/2X1ML","ROCHE DIAGNOSTICS CORPORATION",Product_Description,PO_PREMIER,PP-LA-524
6058,7092547190,7092547190,"CALIBRATOR CHEMISTRY PROGESTERONE III CALSET 4ML","ROCHE DIAGNOSTICS",Facility_Product_Description,PO_PREMIER,PP-LA-524
6065,7101329,7101329,"LEFT SMALL COMFORT COOL ULNAR BOOST SPLINT",NULL,Facility_Product_Description,PO_PREMIER,PP-NS-1680
6065,7101329,7101329,"SPLINT ORTHOPEDIC COMFORT COOL ULNAR BOOSTER SMALL 5-1/8-6-1/4IN 1/16IN THK LEFT HAND PERFORATED NEOPRENE 10/CA","PERFORMANCE HEALTH SUPPLY, INC.",Product_Description,PO_PREMIER,PP-NS-1680
6066,7102873,7102873,"BAND EXERCISE THERABAND LOOP 41IN 0.25IN THK 15LB FORCE ORANGE LIGHT HIGH RESISTANCE NATURAL RUBBER LATEX F/PULL-UP POWER LIFTING 1/PK","PERFORMANCE HEALTH SUPPLY, INC.",Product_Description,PO_PREMIER,PP-NS-1680
6066,7102873,7102873,"TB HIGH RESIST BND LHT 15 LBS","PERFORMANCE HEALTH SUPPLY, INC.",Facility_Product_Description,PO_PREMIER,PP-NS-1680
6067,7102920,7102920,"HAWKGRIPS, EMOLLIENT FRAGRANCE FREE 7ML PACK",HAWKGRIPS,Facility_Product_Description,PO_PREMIER,PP-NS-1680
6067,7102920,7102920,"HAWKGRIPS EMOLLIENT 7 ML PACKETS 36/PK FRAGRANCE F",NULL,Facility_Product_Description,PO_PREMIER,PP-NS-1680
6067,7102920,7102920,"OINTMENT HAND/BODY HAWKGRIPS EMOLLIENT 36X7ML SHEA BUTTER BEESWAX UNSCENTED PACKET LUBRICANT SINGLE-USE F/IASTM 36/PK","PERFORMANCE HEALTH SUPPLY, INC.",Product_Description,PO_PREMIER,PP-NS-1680
6113,7120Q/65,7120Q65,"LEAD, DURATA ICD DF-4 ACTIVE TBP SINGLE SHOCK 7120","ST. JUDE MEDICAL/PACESETTER",Facility_Product_Description,PO_PREMIER,PP-CA-449
6113,7120Q/65,7120Q65,"LEAD DEFIBRILLATOR DURATA BIPOLAR TRUE SHOCK 65CM 17CM TIP TO PROXIMAL COIL 2-COIL ACTIVE EXT/RET HELIX FIXATION DF-4 CONNECTOR OPTIM 7FR INTRODUCER","ABBOTT LABORATORIES INC.",Product_Description,PO_PREMIER,PP-CA-449
6117,7122Q/58,7122Q58,"LEAD, DURATA ICD DF-4 ACTIVE TBP SINGLE SHOCK 7122","ST. JUDE MEDICAL/PACESETTER",Facility_Product_Description,PO_PREMIER,PP-CA-449
6117,7122Q/58,7122Q58,"LEAD DEFIBRILLATOR DURATA BIPOLAR TRUE 58CM 1-COIL ACTIVE EXT/RET HELIX FIXATION DF-4 CONNECTOR OPTIM 7FR INTRODUCER","ABBOTT LABORATORIES INC.",Product_Description,PO_PREMIER,PP-CA-449
6118,7122Q/65,7122Q65,"LEAD, DURATA ICD DF-4 ACTIVE TBP SINGLE SHOCK","ST. JUDE MEDICAL/PACESETTER",Facility_Product_Description,PO_PREMIER,PP-CA-449
6118,7122Q/65,7122Q65,"LEAD DEFIBRILLATOR DURATA BIPOLAR TRUE SHOCK 65CM 1-COIL ACTIVE EXT/RET HELIX FIXATION DF-4 CONNECTOR OPTIM 7FR INTRODUCER","ABBOTT LABORATORIES INC.",Product_Description,PO_PREMIER,PP-CA-449
6132,716104,716104,"TUBING EXERCISE THERABAND PROFESSIONAL 100FT 5.8LB FORCE BLUE ROLL X-HEAVY RESISTANCE NON-STICK NON-OILY W/O CHART NATURAL RUBBER LATEX","PERFORMANCE HEALTH SUPPLY, INC.",Product_Description,PO_PREMIER,PP-NS-1680
6132,716104,716104,"TUBING, EXER XHEAVY BLUE 100FT","PERFORMANCE HEALTH SUPPLY, INC.",Facility_Product_Description,PO_PREMIER,PP-NS-1680
6132,716104,716104,"TUBING EXERCISER 3 LEVEL RESISTANCE EXTRA HEAVY TH","PERFORMANCE HEALTH INC",Facility_Product_Description,PO_PREMIER,PP-NS-1680
6134,716701,716701,"BAND EXERCISE THERABAND PROFESSIONAL 5IN X 100YD 3LB FORCE YELLOW ROLL LEVEL-1 THIN RESISTANCE LATEX DISPENSER BOX","PERFORMANCE HEALTH SUPPLY, INC.",Product_Description,PO_PREMIER,PP-NS-1680
6134,716701,716701,"THERABAND, THIN YEL 6X100YD","PERFORMANCE HEALTH SUPPLY, INC.",Facility_Product_Description,PO_PREMIER,PP-NS-1680
6135,716702,716702,"THERABAND, MEDIUM RED 100YDS","PERFORMANCE HEALTH SUPPLY, INC.",Facility_Product_Description,PO_PREMIER,PP-NS-1680
6135,716702,716702,"BAND EXERCISE THERABAND RED MEDIUM 100YD","PERFORMANCE HEALTH INC",Facility_Product_Description,PO_PREMIER,PP-NS-1680
6135,716702,716702,"BAND EXERCISE THERABAND PROFESSIONAL 5IN X 100YD 3.7LB FORCE RED ROLL LEVEL-2 MEDIUM RESISTANCE LATEX DISPENSER BOX","PERFORMANCE HEALTH SUPPLY, INC.",Product_Description,PO_PREMIER,PP-NS-1680
6136,716703,716703,"BAND EXERCISE THERABAND PROFESSIONAL 5IN X 100YD 4.6LB FORCE GREEN ROLL LEVEL-3 HEAVY RESISTANCE W/O CHART NATURAL RUBBER LATEX","PERFORMANCE HEALTH SUPPLY, INC.",Product_Description,PO_PREMIER,PP-NS-1680
6136,716703,716703,"THERABAND, HEAVY GREEN 100 YDS","PERFORMANCE HEALTH SUPPLY, INC.",Facility_Product_Description,PO_PREMIER,PP-NS-1680
6136,716703,716703,"BAND EXERCISE 3 LEVEL MAXIMUM RESISTANCE WITHOUT C","PERFORMANCE HEALTH INC",Facility_Product_Description,PO_PREMIER,PP-NS-1680
6137,716704,716704,"THERABAND, XHVY BLUE 6X100YD","PERFORMANCE HEALTH SUPPLY, INC.",Facility_Product_Description,PO_PREMIER,PP-NS-1680
6137,716704,716704,"BAND EXERCISE THERABAND PROFESSIONAL 5IN X 100YD 5.8LB FORCE BLUE ROLL LEVEL-4 X-HEAVY RESISTANCE LATEX DISPENSER BOX","PERFORMANCE HEALTH SUPPLY, INC.",Product_Description,PO_PREMIER,PP-NS-1680
6138,716801,716801,"BAND EXERCISE THERABAND PROFESSIONAL 5IN X 50YD 3LB FORCE YELLOW ROLL LEVEL-1 THIN RESISTANCE NON-STICK NON-OILY W/O CHART NATURAL RUBBER LATEX DISPENSER BOX","PERFORMANCE HEALTH SUPPLY, INC.",Product_Description,PO_PREMIER,PP-NS-1680
6138,716801,716801,"THERABAND, THIN YELLOW 50 YDS (LATEX) NP","PERFORMANCE HEALTH SUPPLY, INC.",Facility_Product_Description,PO_PREMIER,PP-NS-1680
6138,716801,716801,"BAND EXERCISE RESISTANCE LEVEL 1 PROFESSIONAL LATE","PERFORMANCE HEALTH INC",Facility_Product_Description,PO_PREMIER,PP-NS-1680
6139,716802,716802,"BAND EXERCISE RESISTANCE LEVEL 2 PROFESSIONAL LATE","PERFORMANCE HEALTH INC",Facility_Product_Description,PO_PREMIER,PP-NS-1680
6139,716802,716802,"THERABAND, MEDIUM RED 50 YDS (LATEX) NP","PERFORMANCE HEALTH SUPPLY, INC.",Facility_Product_Description,PO_PREMIER,PP-NS-1680
6139,716802,716802,"BAND EXERCISE THERABAND PROFESSIONAL 5IN X 50YD 3.7LB FORCE RED ROLL LEVEL-2 MEDIUM RESISTANCE LATEX DISPENSER BOX","PERFORMANCE HEALTH SUPPLY, INC.",Product_Description,PO_PREMIER,PP-NS-1680
6140,716803,716803,"BAND EXERCISE THERABAND PROFESSIONAL 5IN X 50YD 4.6LB FORCE GREEN ROLL LEVEL-3 HEAVY RESISTANCE LATEX DISPENSER BOX","PERFORMANCE HEALTH SUPPLY, INC.",Product_Description,PO_PREMIER,PP-NS-1680
6140,716803,716803,"THERABAND, HEAVY GREEN 50 YDS (LATEX) NP","PERFORMANCE HEALTH SUPPLY, INC.",Facility_Product_Description,PO_PREMIER,PP-NS-1680
6140,716803,716803,"BAND EXERCISE RESISTANCE LEVEL 3 PROFESSIONAL LATE","PERFORMANCE HEALTH INC",Facility_Product_Description,PO_PREMIER,PP-NS-1680
6141,716804,716804,"BAND EXERCISE 4 LEVEL HEAVY RESISTANCE BLEED PROOF","PERFORMANCE HEALTH INC",Facility_Product_Description,PO_PREMIER,PP-NS-1680
6141,716804,716804,"THERABAND, XHEAVY BLUE 6 X 50 YDS (LATEX) NP","PERFORMANCE HEALTH SUPPLY, INC.",Facility_Product_Description,PO_PREMIER,PP-NS-1680
6141,716804,716804,"BAND EXERCISE THERABAND PROFESSIONAL 5IN X 50YD 5.8LB FORCE BLUE ROLL LEVEL-4 X-HEAVY RESISTANCE LATEX DISPENSER BOX","PERFORMANCE HEALTH SUPPLY, INC.",Product_Description,PO_PREMIER,PP-NS-1680
6142,716805,716805,"BAND EXERCISE THERABAND PROFESSIONAL 5IN X 50YD 7.3LB FORCE BLACK ROLL LEVEL-5 SPECIAL HEAVY RESISTANCE LATEX DISPENSER BOX","PERFORMANCE HEALTH SUPPLY, INC.",Product_Description,PO_PREMIER,PP-NS-1680
6142,716805,716805,"THERABAND, SPEC HVY BLACK 6 X 50 YDS (LATEX) NP","PERFORMANCE HEALTH SUPPLY, INC.",Facility_Product_Description,PO_PREMIER,PP-NS-1680
6142,716805,716805,"BAND EXERCISE 5 LEVEL SPECIAL RESISTANCE BLEED PRO","PERFORMANCE HEALTH INC",Facility_Product_Description,PO_PREMIER,PP-NS-1680
6143,716904,716904,"BAND EXERCISE HEAVY RESISTANCE LATEX THERABAND BLU","PERFORMANCE HEALTH INC",Facility_Product_Description,PO_PREMIER,PP-NS-1680
6143,716904,716904,"BAND EXERCISE THERABAND PROFESSIONAL 6IN X 6YD 5.8LB FORCE BLUE ROLL LEVEL-4 X-HEAVY RESISTANCE LATEX","PERFORMANCE HEALTH SUPPLY, INC.",Product_Description,PO_PREMIER,PP-NS-1680
6157,7212771160,7212771160,"REAGENT CHEM ANALYZER VITAMIN B12 GEN 2","ROCHE DIAGNOSTICS CORPORATION",Product_Description,PO_PREMIER,PP-LA-524
6157,7212771160,7212771160,"TESTPACK, ELECSYS VITAMIN B12 GEN-2 (100 TEST)","ROCHE DIAGNOSTICS",Facility_Product_Description,PO_PREMIER,PP-LA-524
6157,7212771160,7212771160,"REAGENT CHEMISTRY GEN-2 100 TEST VITAMIN B12 ELECS","ROCHE DIAGNOSTICS",Facility_Product_Description,PO_PREMIER,PP-LA-524
6158,72140011020,72140011020,"LOTION, EUCERIN 16 OZ BOTTLE","BEIERSDORF, INC.",Facility_Product_Description,PO_PREMIER,PP-NS-1680
6158,72140011020,72140011020,"LOTION HAND/BODY PUMP EUCERIN 16.9OZ","BEIERSDORF AG",Facility_Product_Description,PO_PREMIER,PP-NS-1680
6158,72140011020,72140011020,"LOTION HAND/BODY EUCERIN ORIGINAL 1X16OZ WATER MINERAL OIL ISOPROPYL PALMITATE SORBITOL PROPYLENE GLYCOL UNSCENTED PUMP BOTTLE LIGHT ABSORBENT SOOTHING F/DRY SENSITIVE SKIN","BEIERSDORF, INC.",Product_Description,PO_PREMIER,PP-NS-1680
6179,7398271160,7398271160,"REAGENT IMMUN ANALYZER TROPONIN-T GEN 5 CALSET 4X1.0ML","ROCHE DIAGNOSTICS CORPORATION",Product_Description,PO_PREMIER,PP-LA-524
6179,7398271160,7398271160,"TROPONIN T GEN 5 STAT CS ELECSYS",NULL,Facility_Product_Description,PO_PREMIER,PP-LA-524
6179,7398271160,7398271160,"TROPONIN T G5 STAT CALSET",NULL,Facility_Product_Description,PO_PREMIER,PP-LA-524
6179,7398271160,7398271160,"TROPONIN T GEN 5 STAT CS ELECSYS 07398271160",NULL,Facility_Product_Description,PO_PREMIER,PP-LA-524
6184,7433,7433,"TAPE MEASURING FLEXIBLE JAMAR 72IN",NULL,Facility_Product_Description,PO_PREMIER,PP-NS-1680
6184,7433,7433,"TAPE MEASURE JAMAR 60IN FLEXIBLE PUSH BUTTON RETRACTOR GRADUATED IN/CM ANTHROPOMETRIC W/PROTECTIVE CASE NYLON CLOTH","PERFORMANCE HEALTH SUPPLY, INC.",Product_Description,PO_PREMIER,PP-NS-1680
6185,7446,7446,"TEST EVALUATION JAMAR 25-HOLE GROOVED","PERFORMANCE HEALTH SUPPLY, INC.",Product_Description,PO_PREMIER,PP-NS-1680
6185,7446,7446,"LAFAYETTE KEY TEST: HTTPS://WWW.PERFORMANCEHEALTH.",NULL,Facility_Product_Description,PO_PREMIER,PP-NS-1680
6198,7529400,7529400,"BANDAGE COMPRESSION POLYURETHANE LATEX FREE 10CMX2","PERFORMANCE HEALTH INC",Facility_Product_Description,PO_PREMIER,PP-NS-1680
6198,7529400,7529400,"BANDAGE, COMPRIFOAM NON LATEX 10CM X 2.5M X 4CM","PERFORMANCE HEALTH SUPPLY, INC.",Facility_Product_Description,PO_PREMIER,PP-NS-1680
6198,7529400,7529400,"BANDAGE COMPRESSION COMPRIFOAM ROLL 4IN X 3YD 4CM THK OPEN-CELL PADDED CUSHIONED SUPER ABSORBENT 100% POLYURETHANE FOAM LATEX-FREE REUSABLE 1/BX","BSN MEDICAL, INC.",Product_Description,PO_PREMIER,PP-NS-1680
6199,7541,7541,"DRESSING WOUND TELFA ADHESIVE ISLAND NON-ADHERENT CUT-TO-FIT 4IN X 8IN RECTANGULAR PERFORATED FILM 4-SIDE BONDED HIGH ABSORBENT NON-WOVEN CONFORMABLE USP COTTON POLYESTER LATEX-FREE STERILE F/CENTRAL/","CARDINAL HEALTH 200, LLC",Product_Description,PO_PREMIER,PP-NS-1680
6199,7541,7541,"DRESSING COV TELFA 4 X 8",KENDALL,Facility_Product_Description,PO_PREMIER,PP-NS-1680
6200,7559992160,7559992160,"REAGENT CHEMISTRY 100 TEST FOLATE III ELECSYS","ROCHE DIAGNOSTICS",Facility_Product_Description,PO_PREMIER,PP-LA-524
6200,7559992160,7559992160,"TESTPACK, FOLATE III (100 TEST)","ROCHE DIAGNOSTICS",Facility_Product_Description,PO_PREMIER,PP-LA-524
6200,7559992160,7559992160,"REAGENT CHEM ANALYZER FOLATE GEN 3 100TEST/EA","ROCHE DIAGNOSTICS CORPORATION",Product_Description,PO_PREMIER,PP-LA-524
6209,76668-00000-01,766680000001,"BANDAGE GAUZE ELASTOMULL ROLL 2IN X 4.1YD ELASTIC STRETCH HIGH ABSORBENT VISCOSE POLYESTER 12/BG 96/CA","BSN MEDICAL, INC.",Product_Description,PO_PREMIER,PP-NS-1680
6209,76668-00000-01,766680000001,"ELASTOMULL CONFORMING BANDAGE 2&QUOT;",NULL,Facility_Product_Description,PO_PREMIER,PP-NS-1680
6243,78580201,78580201,"SPLINT ORTHOPAEDIC RIGHT WRIST D-RING COCK-UP MEDIUM","PERFORMANCE HEALTH INC",Line_Item_Description,PO_WORKDAY,PP-NS-1680
6255,79060301,79060301,"ORTHOSIS, LYNX WHFO HAND RIGHT MEDIUM","PERFORMANCE HEALTH SUPPLY, INC.",Facility_Product_Description,PO_PREMIER,PP-NS-1680
6255,79060301,79060301,"SUPPORT HAND ROLYAN RIGHT MEDIUM","PERFORMANCE HEALTH INC",Facility_Product_Description,PO_PREMIER,PP-NS-1680
6255,79060301,79060301,"ORTHOSIS ORTHOPEDIC ROLYAN HANZ MEDIUM 7 1/4-8IN RIGHT WRIST HAND FINGER PAD HOOK-LOOP CLOSURE STRAP ANTIMICROBIAL COVER W/SEPARATOR LATEX-FREE","PERFORMANCE HEALTH SUPPLY, INC.",Product_Description,PO_PREMIER,PP-NS-1680
6256,79060302,79060302,"ORTHOSIS ORTHOPEDIC ROLYAN HANZ MEDIUM 7.25-8IN LEFT WRIST HAND FINGER PAD HOOK-LOOP CLOSURE STRAP ANTIMICROBIAL COVER W/SEPARATOR LATEX-FREE","PERFORMANCE HEALTH SUPPLY, INC.",Product_Description,PO_PREMIER,PP-NS-1680
6256,79060302,79060302,"SUPPORT HAND ROLYAN LEFT MEDIUM","PERFORMANCE HEALTH INC",Facility_Product_Description,PO_PREMIER,PP-NS-1680
6256,79060302,79060302,"ORTHOSIS, LYNX WHFO HAND LEFT MEDIUM","PERFORMANCE HEALTH SUPPLY, INC.",Facility_Product_Description,PO_PREMIER,PP-NS-1680
6257,79060401,79060401,"ORTHOSIS, LYNX WHFO HAND RIGHT LARGE","PERFORMANCE HEALTH SUPPLY, INC.",Facility_Product_Description,PO_PREMIER,PP-NS-1680
6257,79060401,79060401,"SUPPORT HAND ROLYAN RIGHT LARGE","PERFORMANCE HEALTH INC",Facility_Product_Description,PO_PREMIER,PP-NS-1680
6257,79060401,79060401,"ORTHOSIS ORTHOPEDIC ROLYAN HANZ WHFO LARGE 8IN RIGHT WRIST HAND FINGER PAD HOOK-LOOP CLOSURE STRAP W/SEPARATOR LATEX-FREE","PERFORMANCE HEALTH SUPPLY, INC.",Product_Description,PO_PREMIER,PP-NS-1680
6258,79060402,79060402,"ORTHOSIS ORTHOPEDIC ROLYAN HANZ LARGE 8IN LEFT WRIST HAND FINGER PAD HOOK-LOOP CLOSURE STRAP ANTIMICROBIAL COVER W/SEPARATOR LATEX-FREE","PERFORMANCE HEALTH SUPPLY, INC.",Product_Description,PO_PREMIER,PP-NS-1680
6258,79060402,79060402,"SUPPORT HAND ROLYAN LEFT LARGE","PERFORMANCE HEALTH INC",Facility_Product_Description,PO_PREMIER,PP-NS-1680
6258,79060402,79060402,"ORTHOSIS, LYNX WHFO HAND LEFT LARGE","PERFORMANCE HEALTH SUPPLY, INC.",Facility_Product_Description,PO_PREMIER,PP-NS-1680
6351,801,801,"ADJUST-A-LIFT, SMALL","PERFORMANCE HEALTH SUPPLY, INC.",Facility_Product_Description,PO_PREMIER,PP-NS-1680
6351,801,801,"LIFT HEEL ADJUST-A-LIFT SMALL 1/8IN THK FOOT OPEN CELL 2-SIDE ADHESIVE FOAM RUBBER","WARWICK ENTERPRISES",Product_Description,PO_PREMIER,PP-NS-1680
6354,802,802,"LIFT HEEL ADJUST-A-LIFT MEDIUM 1/8IN THK FOOT OPEN CELL 2-SIDE ADHESIVE FOAM RUBBER","WARWICK ENTERPRISES",Product_Description,PO_PREMIER,PP-NS-1680
6354,802,802,"LIFT HEEL FOOT ANKLE ADJUST-A-LIFT SPUR MEDIUM 2.5","PERFORMANCE HEALTH INC",Facility_Product_Description,PO_PREMIER,PP-NS-1680
6354,802,802,"ADJUST-A-LIFT, MEDIUM","PERFORMANCE HEALTH SUPPLY, INC.",Facility_Product_Description,PO_PREMIER,PP-NS-1680
6372,803,803,"LIFT HEEL FOOT ANKLE ADJUST-A-LIFT SPUR LARGE 3IN","PERFORMANCE HEALTH INC",Facility_Product_Description,PO_PREMIER,PP-NS-1680
6372,803,803,"ADJUST-A-LIFT , LARGE","PERFORMANCE HEALTH SUPPLY, INC.",Facility_Product_Description,PO_PREMIER,PP-NS-1680
6372,803,803,"LIFT HEEL ADJUST-A-LIFT LARGE 1/8IN THK FOOT OPEN CELL 2-SIDE ADHESIVE FOAM RUBBER","WARWICK ENTERPRISES",Product_Description,PO_PREMIER,PP-NS-1680
6396,81506583,81506583,"SOCK AID REHABILITATION SAMMONS PRESTON ADULT 4IN X 9 1/2IN 30IN ROPE NON-SLIP BUILT-UP FOAM HANDLE STICKY PAD PLASTIC FOAM HANDLE 25/PK","PERFORMANCE HEALTH SUPPLY, INC.",Product_Description,PO_PREMIER,PP-NS-1680
6396,81506583,81506583,"SOCK AID",NULL,Facility_Product_Description,PO_PREMIER,PP-NS-1680
6397,81510593,81510593,"ZIPPER PULL",NULL,Facility_Product_Description,PO_PREMIER,PP-NS-1680
6397,81510593,81510593,"PULL ZIPPER CLEAR METAL CLIP MONOFILAMENT LOOP 3/PK","PERFORMANCE HEALTH SUPPLY, INC.",Product_Description,PO_PREMIER,PP-NS-1680
6398,81589233,81589233,"CAP WALKER DAYS 3.9IN GLIDE RUBBER TIP F/INDOOR/OUTDOOR SURFACE RUBBER TIP 4/PK","PERFORMANCE HEALTH SUPPLY, INC.",Product_Description,PO_PREMIER,PP-NS-1680
6398,81589233,81589233,"CAP WALKER GLIDE DAYS","PERFORMANCE HEALTH INC",Facility_Product_Description,PO_PREMIER,PP-NS-1680
6398,81589233,81589233,"CAPS, GLIDE WALKER","PERFORMANCE HEALTH SUPPLY, INC.",Facility_Product_Description,PO_PREMIER,PP-NS-1680
6409,81605096,81605096,"TAPE MEDICAL KINESIO TEX GOLD ADHESIVE ROLL 2IN X 16.4FT ELASTIC HEAT ACTIVATED HYPOALLERGENIC WATER-RESISTANT BEIGE COTTON LATEX-FREE","PERFORMANCE HEALTH SUPPLY, INC.",Product_Description,PO_PREMIER,PP-NS-1680
6409,81605096,81605096,"TAPE, KINESIO TEX BEIGE 2 X 16.4","PERFORMANCE HEALTH SUPPLY, INC.",Facility_Product_Description,PO_PREMIER,PP-NS-1680
6410,81631696,81631696,"NEOPRENE SPLINT STRAPPING MATERIAL - 1/16&QUOT;, 2","SAMMONS PRESTON, CAROLINAS BRANCH",Facility_Product_Description,PO_PREMIER,PP-NS-1680
6410,81631696,81631696,"STRAP CAST/SPLINT ROLYAN ROLL 2IN X 7YD 1/16IN THK NEOPRENE NYLON 2-SIDE ELASTIC EA","PERFORMANCE HEALTH SUPPLY, INC.",Product_Description,PO_PREMIER,PP-NS-1680
6426,8208L,8208L,"BRACKET, ALARM LOCKING",POSEY,Facility_Product_Description,PO_PREMIER,PP-NS-1388
6426,8208L,8208L,"BRACKET ALARM VERTICAL SLIDE LOCK BUCKLE EA","TIDI PRODUCTS, LLC",Product_Description,PO_PREMIER,PP-NS-1388
6427,8213-0000-09,8213000009,"DRESSING WND MATRIX OASIS ULTRA 7X10CM","HEALTHPOINT LTD",Facility_Product_Description,PO_PREMIER,PP-NS-1445
6427,8213-0000-09,8213000009,"GRAFT BIOLOGICAL TISSUE OASIS ULTRA MESHED XENOGRAFT 7CM X 10CM SHEET 3-LAYER FENESTRATED PORCINE SIS MATRIX 2YR SHELFLIFE","SMITH & NEPHEW, INC.",Product_Description,PO_PREMIER,PP-NS-1445
6427,8213-0000-09,8213000009,"DRESSING WOUND TRI-LAYER MATRIX LATEX FREE OASIS ULTRA 7X10CM 1EA=BX/5","SMITH & NEPHEW WOUND MANAGEMENT",Line_Item_Description,PO_WORKDAY,PP-NS-1445
6427,8213-0000-09,8213000009,"WOUND MATRIX, OASIS ULTRA TRI-LAYER 7X10CM","HEALTHPOINT MEDICAL",Facility_Product_Description,PO_PREMIER,PP-NS-1445
6427,8213-0000-09,8213000009,"GRAFT BIOLOGICAL TISSUE OASIS ULTRA MESHED XENOGRAFT 7CM X 10CM SHEET 3-LAYER FENESTRATED PORCINE SIS MATRIX","SMITH & NEPHEW WOUND MANAGEMENT",Line_Item_Description,PO_WORKDAY,PP-NS-1445
6428,8213-0000-13,8213000013,"GRAFT BIOLOGICAL TISSUE OASIS ULTRA MESHED XENOGRAFT 5CM X 7CM SHEET 3-LAYER FENESTRATED PORCINE SIS MATRIX 2YR SHELFLIFE","SMITH & NEPHEW, INC.",Product_Description,PO_PREMIER,PP-NS-1445
6428,8213-0000-13,8213000013,"DRESSING WND MATRIX OASIS ULTRA 5X7CM","HEALTHPOINT LTD",Facility_Product_Description,PO_PREMIER,PP-NS-1445
6428,8213-0000-13,8213000013,"WOUND MATRIX, OASIS ULTRA TRI-LAYER 5X7CM","HEALTHPOINT MEDICAL",Facility_Product_Description,PO_PREMIER,PP-NS-1445
6429,8213-1000-37,8213100037,"WOUND MATRIX, OASIS FEN 3X7CM","HEALTHPOINT MEDICAL",Facility_Product_Description,PO_PREMIER,PP-NS-1445
6429,8213-1000-37,8213100037,"DRESSING WND 1-LAYER FEN OASIS 3X7CM","SMITH & NEPHEW WOUND MANAGEMENT",Facility_Product_Description,PO_PREMIER,PP-NS-1445
6429,8213-1000-37,8213100037,"DSG WND OASIS ULTRA 3X7CM 1EA=BX/10","SMITH & NEPHEW WOUND MANAGEMENT",Facility_Product_Description,PO_PREMIER,PP-NS-1445
6429,8213-1000-37,8213100037,"GRAFT BIOLOGICAL TISSUE OASIS ULTRA MESHED XENOGRAFT 3CM X 7CM SHEET 3-LAYER FENESTRATED PORCINE SIS MATRIX 2YR SHELFLIFE","SMITH & NEPHEW, INC.",Product_Description,PO_PREMIER,PP-NS-1445
6429,8213-1000-37,8213100037,"DSG WND OASIS ULTRA 3X7CM 1EA=BX/10","SMITH & NEPHEW WOUND MANAGEMENT",Line_Item_Description,PO_WORKDAY,PP-NS-1445
6441,8243875190,8243875190,"CALIBRATOR CHEMISTRY COBAS PTH 1SET/2X1ML LEVEL-1/2 SOLID LYOPHILIZED BOTTLE WHITE LIGHT YELLOW IVD","ROCHE DIAGNOSTICS CORPORATION",Product_Description,PO_PREMIER,PP-LA-524
6441,8243875190,8243875190,"CALIBRATOR CHEMISTRY PTH CALSET 4ML","ROCHE DIAGNOSTICS",Facility_Product_Description,PO_PREMIER,PP-LA-524
6445,8269,8269,"STRAP, ALARM ATTACHMENT BRACKET",POSEY,Facility_Product_Description,PO_PREMIER,PP-NS-1388
6445,8269,8269,"BRACKET ALARM MOUNTED STRAP QUICK-RELEASE BUCKLE WHITE BIOTHANE 24/CA","TIDI PRODUCTS, LLC",Product_Description,PO_PREMIER,PP-NS-1388
6445,8269,8269,"BRACKET-ALARM BRACKET WITH ATTACHMENT STRAP",NULL,Facility_Product_Description,PO_PREMIER,PP-NS-1388
6445,8269,8269,"ALARM BRACKET WITH ATTACHMENT STRAP",NULL,Facility_Product_Description,PO_PREMIER,PP-NS-1388
6445,8269,8269,"BRACKET. ALARM MODEL NO 8269. ALARM BRACKET WITH A",NULL,Facility_Product_Description,PO_PREMIER,PP-NS-1388
6445,8269,8269,"BRACKET ALARM BRACKET WITH ATTACHMENT STRAP",NULL,Facility_Product_Description,PO_PREMIER,PP-NS-1388
6445,8269,8269,"BRACKET -ALARM BRACKET WITH ATTACHMENT STRAP",NULL,Facility_Product_Description,PO_PREMIER,PP-NS-1388
6445,8269,8269,"ALARM BRACKET WITH ATTACHMENT STRAP 8269",NULL,Facility_Product_Description,PO_PREMIER,PP-NS-1388
6446,8282,8282,"ADAPTER. ALARM MODEL NO 8282. NURSE CALL CABLE 8FT",NULL,Facility_Product_Description,PO_PREMIER,PP-NS-1388
6446,8282,8282,"CABLE COMMUNICATION SYSTEM 6MM STANDARD 12FT 1/4IN JACK 50/CA","TIDI PRODUCTS, LLC",Product_Description,PO_PREMIER,PP-NS-1388
6447,8283,8283,"PAD BED KEEPSAFE DLX 13X32IN 96IN","JT POSEY COMPANY",Facility_Product_Description,PO_PREMIER,PP-NS-1388
6447,8283,8283,"PAD, BED ALARM (ORDER IN QTY OF 30EA)",POSEY,Facility_Product_Description,PO_PREMIER,PP-NS-1388
6447,8283,8283,"PAD SENSOR 12IN X 120IN 96IN CORD SINGLE PATIENT USE F/30-DAY OVER THE MATTRESS 6/BX","TIDI PRODUCTS, LLC",Product_Description,PO_PREMIER,PP-NS-1388
6450,83050000,83050000,"BANDAGE TUBULAR COMPERM ROLL SIZE E 3 1/2IN X 11YD KNEE SMALL THIGH 1-LAYER COMPRESSION UNSTRETCH KNITTED COTTON POLYESTER NON-STERILE REUSABLE 1/BX","HARTMANN USA, INC.",Product_Description,PO_PREMIER,PP-NS-1680
6450,83050000,83050000,"BANDAGE COMPERM LF 3.5X11YD","HARTMANN CONCO",Facility_Product_Description,PO_PREMIER,PP-NS-1680
6451,83060000,83060000,"BANDAGE COMPERM LF 4 X 11 YD","HARTMANN CONCO",Facility_Product_Description,PO_PREMIER,PP-NS-1680
6451,83060000,83060000,"BANDAGE TUBULAR COMPERM ROLL SIZE F 4IN X 11YD LARGE KNEE THIGH 1-LAYER COMPRESSION UNSTRETCH KNITTED COTTON POLYESTER NON-STERILE REUSABLE 1/BX","HARTMANN USA, INC.",Product_Description,PO_PREMIER,PP-NS-1680
6452,83070000,83070000,"BANDAGE TUBULAR COMPERM ROLL SIZE G 5IN X 11YD LARGE THIGH 1-LAYER COMPRESSION UNSTRETCH KNITTED COTTON POLYESTER NON-STERILE REUSABLE 1/BX","HARTMANN USA, INC.",Product_Description,PO_PREMIER,PP-NS-1680
6452,83070000,83070000,"BANDAGE COMPERM LF 5 X 11 YD","HARTMANN CONCO",Facility_Product_Description,PO_PREMIER,PP-NS-1680
6453,8309CLC66,8309CLC66,"PAD, CHAIR ALARM CUSTOM 66IN LENGTH(ORDER IN MULTI",POSEY,Facility_Product_Description,PO_PREMIER,PP-NS-1388
6453,8309CLC66,8309CLC66,"PAD PT CHAIR ALARM CUST 66IN","TIDI HOLDINGS LLC",Facility_Product_Description,PO_PREMIER,PP-NS-1388
6453,8309CLC66,8309CLC66,"CORD SENSOR 66IN F/CHAIR","TIDI PRODUCTS, LLC",Product_Description,PO_PREMIER,PP-NS-1388
6454,8309EL,8309EL,"PAD SENSOR 13IN X 13IN 8FT CORD SINGLE PATIENT USE F/30-DAY CHAIR 6/CA","TIDI PRODUCTS, LLC",Product_Description,PO_PREMIER,PP-NS-1388
6454,8309EL,8309EL,"CHAIR SENSOR PADSINGLE USE","TIDI PRODUCTS LLC",Facility_Product_Description,PO_PREMIER,PP-NS-1388
6454,8309EL,8309EL,"CHAIR SENSOR PAD,SINGLE USE","TIDI PRODUCTS, LLC",Facility_Product_Description,PO_PREMIER,PP-NS-1388
6456,8316EL,8316EL,"PAD SENSOR 4 1/2IN X 24IN 96IN CORD EXTENSION CORD F/15-DAY STRETCHER 12/BX","TIDI PRODUCTS, LLC",Product_Description,PO_PREMIER,PP-NS-1388
6456,8316EL,8316EL,"STRETCHER SENSOR EXT CORD",POSEY,Facility_Product_Description,PO_PREMIER,PP-NS-1388
6470,8399,8399,"BELT, ALARM DISPOSABLE SELF-RELEASING CHAIR REGULA",POSEY,Facility_Product_Description,PO_PREMIER,PP-NS-1388
6470,8399,8399,"SENSOR BED HEADSTART NOTIFICATION ALARM 31-77IN STRAP 8FT CORD ADJUSTABLE STRAP/BELT DUAL-RELEASE HOOK-LOOP YELLOW ORTHOWICK EA","TIDI PRODUCTS, LLC",Product_Description,PO_PREMIER,PP-NS-1388
6470,8399,8399,"BELT WC W/SENSOR ALARM REG DISP","JT POSEY COMPANY",Facility_Product_Description,PO_PREMIER,PP-NS-1388
6471,8399L,8399L,"BELT WC W/SENSOR ALARM LNG DISP","JT POSEY COMPANY",Facility_Product_Description,PO_PREMIER,PP-NS-1388
6471,8399L,8399L,"BELT, ALARM DISPOSABLE SELF-RELEASING CHAIR LONG",POSEY,Facility_Product_Description,PO_PREMIER,PP-NS-1388
6471,8399L,8399L,"SENSOR CHAIR HEADSTART NOTIFICATION ALARM LONG UPTO 89IN STRAP 8FT CORD ADJUSTABLE STRAP/BELT DUAL-RELEASE HOOK-LOOP YELLOW EA","TIDI PRODUCTS, LLC",Product_Description,PO_PREMIER,PP-NS-1388
6512,8429324160,8429324160,"TESTPACK, ELECSYS 2010 TSH (200)","ROCHE DIAGNOSTICS",Facility_Product_Description,PO_PREMIER,PP-LA-524
6512,8429324160,8429324160,"REAGENT CHEM ANALYZER ELECSYS TSH","ROCHE DIAGNOSTICS CORPORATION",Product_Description,PO_PREMIER,PP-LA-524
6512,8429324160,8429324160,"REAGENT CHEMISTRY 200 TEST THYROID STIMULATING HOR","ROCHE DIAGNOSTICS",Facility_Product_Description,PO_PREMIER,PP-LA-524
6514,8443459160,8443459160,"CALIBRATOR CHEMISTRY COBAS TSH 2X1.3ML PH 7.4 LEVEL-1/2 BOTTLE LIGHT YELLOW IVD","ROCHE DIAGNOSTICS CORPORATION",Product_Description,PO_PREMIER,PP-LA-524
6514,8443459160,8443459160,"CALIBRATOR CHEMISTRY TSH CALSET 4X1.3ML","ROCHE DIAGNOSTICS",Facility_Product_Description,PO_PREMIER,PP-LA-524
6516,8469865160,8469865160,"REAGENT CHEM ANALYZER COBAS ELECSYS TROPONIN T GEN 5 STAT 100TEST/EA","ROCHE DIAGNOSTICS CORPORATION",Product_Description,PO_PREMIER,PP-LA-524
6516,8469865160,8469865160,"TROPONIN T G5 STAT ELECSYS COBAS E 100 V2 084698",NULL,Facility_Product_Description,PO_PREMIER,PP-LA-524
6516,8469865160,8469865160,"TROPONIN T G5 STAT ELECSYS COBAS E100 V2",NULL,Facility_Product_Description,PO_PREMIER,PP-LA-524
6542,8645,8645,"SITTER ON CUE. ALARM MODEL NUMBER 8645. ALARM.",NULL,Facility_Product_Description,PO_PREMIER,PP-NS-1388
6542,8645,8645,"ALARM. ALARM MODEL NO 8645. SITTER ON CUE.",NULL,Facility_Product_Description,PO_PREMIER,PP-NS-1388
6542,8645,8645,"SITTER ON CUE",NULL,Facility_Product_Description,PO_PREMIER,PP-NS-1388
6542,8645,8645,"ALARM SITTER ON CUE",NULL,Facility_Product_Description,PO_PREMIER,PP-NS-1388
6542,8645,8645,"ALARM- SITTER ON CUE",NULL,Facility_Product_Description,PO_PREMIER,PP-NS-1388
6542,8645,8645,"POSEY ALARM MODEL 8645",NULL,Facility_Product_Description,PO_PREMIER,PP-NS-1388
6542,8645,8645,"POSEY ALARM MODEL 8645 (SITTER CUE)",NULL,Facility_Product_Description,PO_PREMIER,PP-NS-1388
6542,8645,8645,"ALARM-SITTER ON CUE",NULL,Facility_Product_Description,PO_PREMIER,PP-NS-1388
6542,8645,8645,"ALARM PATIENT SITTER ON CUE PRO PREMIUM 7-TONE LIGHT MUTE MODE DUAL PORT AC ADAPTER W/BATTERY GREEN EA","TIDI PRODUCTS, LLC",Product_Description,PO_PREMIER,PP-NS-1388
6542,8645,8645,"ALARM, SITTER ON CUE",NULL,Facility_Product_Description,PO_PREMIER,PP-NS-1388
6569,8791686160,8791686160,"REAGENT PSA GEN 2.1 TESTPACK 100 TEST ELECSYS","ROCHE DIAGNOSTICS",Facility_Product_Description,PO_PREMIER,PP-LA-524
6569,8791686160,8791686160,"TESTPACK, ELECYS TOTAL PSA GEN 2.1 (100 TESTS)","ROCHE DIAGNOSTICS",Facility_Product_Description,PO_PREMIER,PP-LA-524
6569,8791686160,8791686160,"REAGENT IMMUN ANALYZER COBAS E ELECSYS TOTAL PSA","ROCHE DIAGNOSTICS CORPORATION",Product_Description,PO_PREMIER,PP-LA-524
6584,8828644190,8828644190,"REAGENT, COBAS ELECSYS PCT (100 TESTS)","ROCHE DIAGNOSTICS",Facility_Product_Description,PO_PREMIER,PP-LA-524
6584,8828644190,8828644190,"REAGENT CHEM ANALYZER COBAS ELECSYS BRAHMS PCT PH 7.4-7.6 LIQUID BOTTLE F/E 411/601/602 IVD 100TEST/EA","ROCHE DIAGNOSTICS CORPORATION",Product_Description,PO_PREMIER,PP-LA-524
6584,8828644190,8828644190,"REAGENT CHEMISTRY 100 TEST PCT COBAS ELECSYS","ROCHE DIAGNOSTICS",Facility_Product_Description,PO_PREMIER,PP-LA-524
6602,8886848812,8886848812,"CLIP MEDICAL LIGATING CARTRIDGE ABSORB LATEX FREE","MEDTRONIC INC",Facility_Product_Description,PO_PREMIER,PP-OR-1487
6602,8886848812,8886848812,"CLIP INTERNAL LAPRO-CLIP LAPAROSCOPIC ABSORBABLE LARGE 12MM 2-PIECE PGA MAXON POLYGLYCONATE STERILE DISPOSABLE F/CLIP APPLIER 6/BX 6/UN","COVIDIEN SALES LLC",Product_Description,PO_PREMIER,PP-OR-1487
6602,8886848812,8886848812,"CLIP, LAPROCLIP LIGATING CARTRIDGE ABSORB 12MM",COVIDIEN,Facility_Product_Description,PO_PREMIER,PP-OR-1487
6625,8890587190,8890587190,"REAGENT IMMUN ANALYZER COBAS ELECSYS HCG STAT 100TEST/EA","ROCHE DIAGNOSTICS CORPORATION",Product_Description,PO_PREMIER,PP-LA-524
6625,8890587190,8890587190,"TESTPACK, ELECSYS 2010 HCG STAT 11 (100)","ROCHE DIAGNOSTICS",Facility_Product_Description,PO_PREMIER,PP-LA-524
6625,8890587190,8890587190,"REAGENT HCG STAT TESTPACK 100 TEST ELECSYS COBAS E","ROCHE DIAGNOSTICS",Facility_Product_Description,PO_PREMIER,PP-LA-524
6628,8932352190,8932352190,"REAGENT FSH TESTPACK 100 TEST ELECSYS COBAS E","ROCHE DIAGNOSTICS",Facility_Product_Description,PO_PREMIER,PP-LA-524
6628,8932352190,8932352190,"TESTPACK, FSH (100)","ROCHE DIAGNOSTICS",Facility_Product_Description,PO_PREMIER,PP-LA-524
6628,8932352190,8932352190,"REAGENT IMMUN ANALYZER FSH F/ELECSYS COBAS E 100 V2","ROCHE DIAGNOSTICS CORPORATION",Product_Description,PO_PREMIER,PP-LA-524
6629,8932417190,8932417190,"REAGENT IMMUN ANALYZER FSH CS F/ELECSYS V3","ROCHE DIAGNOSTICS CORPORATION",Product_Description,PO_PREMIER,PP-LA-524
6629,8932417190,8932417190,"CALIBRATOR FOLLICLE STIMULATING HORMONE CALSET II","ROCHE DIAGNOSTICS",Facility_Product_Description,PO_PREMIER,PP-LA-524
6632,895340,895340,"ELECTRODE, PALS PLAT 3 X 4 RECTANGLE","PERFORMANCE HEALTH SUPPLY, INC.",Facility_Product_Description,PO_PREMIER,PP-NS-1680
6632,895340,895340,"ELECTRODE NEUROSTIMULATOR PALS 3IN X 4IN RECTANGULAR KNIT SELF-ADHESIVE MULTI-LAYER PLIABLE PIN CONNECTOR PLATINUM STAINLESS STEEL FABRIC MULTISTICK HOURGLASS HYDROGEL F/FES TENS LATEX-FREE REUSABLE N","AXELGAARD MANUFACTURING CO",Product_Description,PO_PREMIER,PP-NS-1680
6633,89545,89545,"DRESSING WOUND XTRASORB NON-ADHESIVE CLASSIC RETENTION 4IN X 5IN SUPER ABSORBENT 10/PK","GENTELL CORPORATION",Product_Description,PO_PREMIER,PP-NS-1680
6633,89545,89545,"DRESSING, ABSORBENT XTRASORB 4IN X 4IN","DERMA SCIENCES",Facility_Product_Description,PO_PREMIER,PP-NS-1680
6633,89545,89545,"DRESSING WOUND NON ADHESIVE RECTANGLE SUPER ABSORB","INTEGRA LIFESCIENCES HOLDINGS CORP",Facility_Product_Description,PO_PREMIER,PP-NS-1680
6635,89569,89569,"DRESSING, ABSORBENT XTRASORB 6.5IN X 10IN","DERMA SCIENCES",Facility_Product_Description,PO_PREMIER,PP-NS-1680
6635,89569,89569,"DRESSING WOUND SUPER ABSORBENT CLASSIC NON ADHESIV","INTEGRA LIFESCIENCES HOLDINGS CORP",Facility_Product_Description,PO_PREMIER,PP-NS-1680
6635,89569,89569,"DRESSING WOUND XTRASORB NON-ADHESIVE CLASSIC RETENTION 6IN X 9IN SUPER ABSORBENT 10/PK","GENTELL CORPORATION",Product_Description,PO_PREMIER,PP-NS-1680
6636,8962-9,89629,"KIT TEST EVALUATION MVPT-4 4-80YR MOTOR-FREE VISUAL PERCEPTION TEST-FOURTH EDITION LEVEL B INDIVIDUAL W/PLATE 25-RECORD FORM R. COLARUSSO D. HAMMILL","ACADEMIC THERAPY PUBLICATIONS, INC.",Product_Description,PO_PREMIER,PP-NS-1680
6636,8962-9,89629,"MVPT 4: HTTPS://WWW.PERFORMANCEHEALTH.COM/MVPT-4-M",NULL,Facility_Product_Description,PO_PREMIER,PP-NS-1680
6665,8-Jan,8JAN,"GEL ULTRASOUND AQUASONIC 100 TRANSMISSION 0.25LT AQUEOUS DISPENSER NON-IRRITATING PARABEN-FREE NO FORMALDEHYDE 12/BX","PARKER LABORATORIES",Product_Description,PO_PREMIER,PP-NS-1680
6665,8-Jan,8JAN,"GEL ULTRSND FLIP TOP SALT FREE 8.5OZ","CARDINAL HEALTH INC",Facility_Product_Description,PO_PREMIER,PP-NS-1680
6665,8-Jan,8JAN,"GEL, ULTRASOUND 8.5 OZ FLIP TOP","CARDINAL HEALTH MEDICAL PRODUCTS DIV",Facility_Product_Description,PO_PREMIER,PP-NS-1680
6665,8-Jan,8JAN,"GEL ULTRASOUND 250ML",NULL,Facility_Product_Description,PO_PREMIER,PP-NS-1680
6724,9005803190,9005803190,"TESTPACK, FT3 GEN3 (200)","ROCHE DIAGNOSTICS",Facility_Product_Description,PO_PREMIER,PP-LA-524
6724,9005803190,9005803190,"REAGENT CHEM ANALYZER FT3 G3 F/ELECSYS COBAS E 200 V2","ROCHE DIAGNOSTICS CORPORATION",Product_Description,PO_PREMIER,PP-LA-524
6724,9005803190,9005803190,"REAGENT FT3 GEN3 TESTPACK 200 TEST ELECSYS COBAS E","ROCHE DIAGNOSTICS",Facility_Product_Description,PO_PREMIER,PP-LA-524
6725,9007725190,9007725190,"REAGENT T3 TESTPACK 200 TEST ELECSYS COBAS E","ROCHE DIAGNOSTICS",Facility_Product_Description,PO_PREMIER,PP-LA-524
6725,9007725190,9007725190,"REAGENT CHEM ANALYZER COBAS ELECSYS T3 F/E 411/601/602 200TEST/EA","ROCHE DIAGNOSTICS CORPORATION",Product_Description,PO_PREMIER,PP-LA-524
6725,9007725190,9007725190,"TESTPACK, T3 (200)","ROCHE DIAGNOSTICS",Facility_Product_Description,PO_PREMIER,PP-LA-524
6726,9007741190,9007741190,"TESTPACK, T4 (200)","ROCHE DIAGNOSTICS",Facility_Product_Description,PO_PREMIER,PP-LA-524
6726,9007741190,9007741190,"REAGENT CHEM ANALYZER COBAS ELECSYS T4 F/E 411/601/602 200TEST/EA","ROCHE DIAGNOSTICS CORPORATION",Product_Description,PO_PREMIER,PP-LA-524
6726,9007741190,9007741190,"REAGENT T4 TESTPACK 200 TEST ELECSYS COBAS E","ROCHE DIAGNOSTICS",Facility_Product_Description,PO_PREMIER,PP-LA-524
6740,9013296190,9013296190,"CALIBRATOR HCG STAT ELECSYS V3 CALSET 1ML","ROCHE DIAGNOSTICS",Facility_Product_Description,PO_PREMIER,PP-LA-524
6740,9013296190,9013296190,"KIT REAGENT IMMUN ANALYZER COBAS ELECSYS HCG STAT 2SET/2X1ML LEVEL-1/2 F/E 402/411/601/602/801","ROCHE DIAGNOSTICS CORPORATION",Product_Description,PO_PREMIER,PP-LA-524
6766,90684,90684,"BANDAGE COMPRESSION ROSIDAL K NON-ADHERENT 1.6IN X 5.5YD ELASTIC SHORT STRETCH REMOVABLE CLIP BEIGE 100% COTTON LATEX-FREE REUSABLE WASHABLE F/ACUTE/CHRONIC LYMPHEDEMA 20/CA CARDBOARD BOX","L&R USA, INC",Product_Description,PO_PREMIER,PP-NS-1680
6766,90684,90684,"BANDAGE COMPRESSION COTTON LATEX FREE 4CMX5MTR STR","PERFORMANCE HEALTH INC",Facility_Product_Description,PO_PREMIER,PP-NS-1680
6766,90684,90684,"BANDAGE, ROSIDAL K SHORT STRETCH 4CM X 5M","PERFORMANCE HEALTH SUPPLY, INC.",Facility_Product_Description,PO_PREMIER,PP-NS-1680
6767,90685,90685,"BANDAGE, ROSIDAL K SHORT STRETCH 6CM X 5M","PERFORMANCE HEALTH SUPPLY, INC.",Facility_Product_Description,PO_PREMIER,PP-NS-1680
6767,90685,90685,"BANDAGE COMPRESSION COTTON LATEX FREE 6CMX5MTR STR","PERFORMANCE HEALTH INC",Facility_Product_Description,PO_PREMIER,PP-NS-1680
6767,90685,90685,"BANDAGE COMPRESSION ROSIDAL K NON-ADHERENT 2.4IN X 5.5YD ELASTIC SHORT STRETCH REMOVABLE CLIP BEIGE 100% COTTON LATEX-FREE REUSABLE WASHABLE F/ACUTE/CHRONIC LYMPHEDEMA 20/CA CARDBOARD BOX","L&R USA, INC",Product_Description,PO_PREMIER,PP-NS-1680
6768,90686,90686,"BANDAGE CMPRSN SHT ROSIDAL K 8CMX5M","LOHMANN & RAUSCHER INC",Facility_Product_Description,PO_PREMIER,PP-NS-1680
6768,90686,90686,"BANDAGE COMPRESSION ROSIDAL K 3.2IN X 5.5YD SHORT STRETCH LOW RESTING PRESSURE AIR PERMEABLE REMOVABLE CLIP BEIGE COTTON LATEX-FREE REUSABLE WASHABLE F/ACUTE CHRONIC MANAGEMENT 1/BX 20BX/CA INDIVIDUAL","L&R USA, INC",Product_Description,PO_PREMIER,PP-NS-1680
6768,90686,90686,"BANDAGE, ROSIDAL K SHORT STRETCH 8CM X 5M","PERFORMANCE HEALTH SUPPLY, INC.",Facility_Product_Description,PO_PREMIER,PP-NS-1680
6769,90687,90687,"BANDAGE COMPRESSION ROSIDAL K 4IN X 5.5YD SHORT STRETCH LOW RESTING PRESSURE AIR PERMEABLE REMOVABLE CLIP BEIGE COTTON LATEX-FREE REUSABLE WASHABLE F/ACUTE CHRONIC MANAGEMENT 1/BX 20BX/CA INDIVIDUALLY","L&R USA, INC",Product_Description,PO_PREMIER,PP-NS-1680
6769,90687,90687,"BANDAGE CMPRSN SHT ROSIDAL K 10CMX5M","LOHMANN & RAUSCHER INC",Facility_Product_Description,PO_PREMIER,PP-NS-1680
6769,90687,90687,"BANDAGE, ROSIDAL K SHORT STRETCH 10CM X 5M","PERFORMANCE HEALTH SUPPLY, INC.",Facility_Product_Description,PO_PREMIER,PP-NS-1680
6770,90688,90688,"BANDAGE CMPRSN SHT ROSIDAL K 12CMX5M","LOHMANN & RAUSCHER INC",Facility_Product_Description,PO_PREMIER,PP-NS-1680
6770,90688,90688,"BANDAGE COMPRESSION ROSIDAL K 4.7IN X 5.5YD ELASTIC SHORT STRETCH LOW RESTING PRESSURE AIR PERMEABLE REMOVABLE CLIP BEIGE COTTON LATEX-FREE REUSABLE WASHABLE F/ACUTE CHRONIC MANAGEMENT 1/BX 20BX/CA IN","L&R USA, INC",Product_Description,PO_PREMIER,PP-NS-1680
6770,90688,90688,"BANDAGE, ROSIDAL K SHORT STRETCH 12CM X 5M","PERFORMANCE HEALTH SUPPLY, INC.",Facility_Product_Description,PO_PREMIER,PP-NS-1680
6771,90689,90689,"BANDAGE, ROSIDAL K SHORT STRETCH 10CM X 10M","PERFORMANCE HEALTH SUPPLY, INC.",Facility_Product_Description,PO_PREMIER,PP-NS-1680
6771,90689,90689,"BANDAGE COMPRESSION ROSIDAL K NON-ADHERENT 4IN X 11YD ELASTIC SHORT STRETCH REMOVABLE CLIP BEIGE 100% COTTON LATEX-FREE REUSABLE WASHABLE F/ACUTE/CHRONIC LYMPHEDEMA 20/CA CARDBOARD BOX","L&R USA, INC",Product_Description,PO_PREMIER,PP-NS-1680
6771,90689,90689,"BANDAGE CMPRSN SHT ROSIDAL K 10CMX10M","LOHMANN & RAUSCHER INC",Facility_Product_Description,PO_PREMIER,PP-NS-1680
6772,90690,90690,"BANDAGE CMPRSN SHT ROSIDAL K 12CMX10M","LOHMANN & RAUSCHER INC",Facility_Product_Description,PO_PREMIER,PP-NS-1680
6772,90690,90690,"BANDAGE COMPRESSION ROSIDAL K 4.7IN X 11YD SHORT STRETCH 100% COTTON LATEX-FREE REUSABLE WASHABLE 1/BX CARDBOARD BOX","L&R USA, INC",Product_Description,PO_PREMIER,PP-NS-1680
6772,90690,90690,"BANDAGE, ROSIDAL K SHORT STRETCH 12CM X 10M","PERFORMANCE HEALTH SUPPLY, INC.",Facility_Product_Description,PO_PREMIER,PP-NS-1680
6776,9077871190,9077871190,"CALIBRATOR FT3 GEN3 ELECSYS V2 CALSET 1ML","ROCHE DIAGNOSTICS",Facility_Product_Description,PO_PREMIER,PP-LA-524
6776,9077871190,9077871190,"SET CALIBRATOR CHEMISTRY CALSET FT3 III GEN3 4X1ML CARTRIDGE F/ELECSYS V2 COBAS","ROCHE DIAGNOSTICS CORPORATION",Product_Description,PO_PREMIER,PP-LA-524
6790,914388,914388,"BELT GAIT BIO-SHIELD 2IN X 72IN 350LB CAPACITY BARIATRIC SMOOTH WEBBING WIPE-CLEAN SURFACE DELRIN SIDE RELEASE BUCKLE LIQUIDPROOF ORANGE POLYURETHANE PLASTIC COATED EA","SKIL-CARE CORPORATION",Product_Description,PO_PREMIER,PP-NS-1680
6790,914388,914388,"BELT GAIT FOR INFECTION CONTROL VINYL BRIGHT ORANG","PERFORMANCE HEALTH INC",Facility_Product_Description,PO_PREMIER,PP-NS-1680
6799,922911,922911,"PACK HOT/COLD PERFORMA 8IN X 23IN CERVICAL THERMAL FREEZE/MICROWAVE ACTIVATION SOFT W/DOUBLE INSULATED VINYL COVER GEL REUSABLE EA","PERFORMANCE HEALTH SUPPLY, INC.",Product_Description,PO_PREMIER,PP-NS-1680
6799,922911,922911,"HOT & COLD PACK COOL GEL PACKS",NULL,Facility_Product_Description,PO_PREMIER,PP-NS-1680
6804,927014,927014,"FORK TUNING TAYLOR HAMMER PERCUSSION HEAD WITH 256","PERFORMANCE HEALTH INC",Facility_Product_Description,PO_PREMIER,PP-NS-1680
6804,927014,927014,"HAMMER REFLEX BASELINE PROFESSIONAL TAYLOR 1IN X 9IN X 2IN 0.4LB TRIANGULAR HEAD PERCUSSION WEIGHTED HANDLE W/256 CPS TUNING FORK STAINLESS STEEL RUBBER LATEX F/SENSORY NEUROLOGICAL RESPONSE EXAMINATI","PERFORMANCE HEALTH SUPPLY, INC.",Product_Description,PO_PREMIER,PP-NS-1680
6805,92717900,92717900,"BAND EXERCISE THERABAND PROFESSIONAL 4IN X 25YD 3LB FORCE YELLOW UNSCENTED ROLL LEVEL-1 LIGHT RESISTANCE POWDER-FREE SYNTHETIC POLYMER LATEX-FREE 12/CA","PERFORMANCE HEALTH SUPPLY, INC.",Product_Description,PO_PREMIER,PP-NS-1680
6805,92717900,92717900,"BAND EXERCISE RESISTANCE LEVEL 1 PROFESSIONAL REHA","PERFORMANCE HEALTH INC",Facility_Product_Description,PO_PREMIER,PP-NS-1680
6805,92717900,92717900,"THERABAND, LATEXFREE 25YD YELLOW","PERFORMANCE HEALTH SUPPLY, INC.",Facility_Product_Description,PO_PREMIER,PP-NS-1680
6806,92717901,92717901,"THERABAND, LATEXFREE 25YD RED",NULL,Facility_Product_Description,PO_PREMIER,PP-NS-1680
6806,92717901,92717901,"THERABAND, LATEXFREE 25YD RED","PERFORMANCE HEALTH SUPPLY, INC.",Facility_Product_Description,PO_PREMIER,PP-NS-1680
6806,92717901,92717901,"BAND RESISTANCE LEVEL 2 LATEX FREE THERA-BAND PROF","PERFORMANCE HEALTH INC",Facility_Product_Description,PO_PREMIER,PP-NS-1680
6806,92717901,92717901,"BAND EXERCISE THERABAND PROFESSIONAL 4IN X 25YD 3.7LB FORCE RED UNSCENTED ROLL LEVEL-2 MEDIUM RESISTANCE POWDER-FREE SYNTHETIC POLYMER LATEX-FREE 12/CA","PERFORMANCE HEALTH SUPPLY, INC.",Product_Description,PO_PREMIER,PP-NS-1680
6807,92717902,92717902,"BAND EXERCISE THERABAND PROFESSIONAL 4IN X 25YD 4.6LB FORCE GREEN UNSCENTED ROLL LEVEL-3 HEAVY RESISTANCE POWDER-FREE SYNTHETIC POLYMER LATEX-FREE 12/CA","PERFORMANCE HEALTH SUPPLY, INC.",Product_Description,PO_PREMIER,PP-NS-1680
6807,92717902,92717902,"BAND EXERCISE 3 LEVEL EXTRA HEAVY RESISTANCE PORTA","PERFORMANCE HEALTH INC",Facility_Product_Description,PO_PREMIER,PP-NS-1680
6807,92717902,92717902,"THERABAND, LATEXFREE 25YD GREEN","PERFORMANCE HEALTH SUPPLY, INC.",Facility_Product_Description,PO_PREMIER,PP-NS-1680
6807,92717902,92717902,"BAND EXERCIZE LEVEL 3 GREEN 25YD","THE HYGENIC CORP",Facility_Product_Description,PO_PREMIER,PP-NS-1680
6808,92717903,92717903,"THERABAND, LATEXFREE 25YD BLUE","PERFORMANCE HEALTH SUPPLY, INC.",Facility_Product_Description,PO_PREMIER,PP-NS-1680
6808,92717903,92717903,"BAND EXERCISE 4 LEVEL EXTRA HEAVY RESISTANCE PORTA","PERFORMANCE HEALTH INC",Facility_Product_Description,PO_PREMIER,PP-NS-1680
6808,92717903,92717903,"BAND EXERCISE THERABAND PROFESSIONAL 4IN X 25YD 5.8LB FORCE BLUE ROLL LEVEL-4 X-HEAVY RESISTANCE SYNTHETIC POLYMER LATEX-FREE 12/CA","PERFORMANCE HEALTH SUPPLY, INC.",Product_Description,PO_PREMIER,PP-NS-1680
6809,92717904,92717904,"BAND EXERCISE THERABAND PROFESSIONAL 4IN X 25YD 7.3LB FORCE BLACK ROLL LEVEL-5 SPECIAL HEAVY RESISTANCE SYNTHETIC POLYMER LATEX-FREE","PERFORMANCE HEALTH SUPPLY, INC.",Product_Description,PO_PREMIER,PP-NS-1680
6809,92717904,92717904,"THERABAND, LATEXFREE 25YD BLACK","PERFORMANCE HEALTH SUPPLY, INC.",Facility_Product_Description,PO_PREMIER,PP-NS-1680
6809,92717904,92717904,"BAND EXERCISE PVC FREE SYNTHETIC POLYMER LATEX FRE","PERFORMANCE HEALTH INC",Facility_Product_Description,PO_PREMIER,PP-NS-1680
6810,92724503,92724503,"SLING ORTHOPAEDIC ARM SHOULDER BUCKLE CLOSURE OPEN ELBOW ADJUSTABLE PAD NEOPRENE LATEX FREE GIVMOHR LARGE","PERFORMANCE HEALTH INC",Line_Item_Description,PO_WORKDAY,PP-NS-1680
6811,92744101,92744101,"GLOVE, COMPRESSION RIGHT MEDIUM","PERFORMANCE HEALTH SUPPLY, INC.",Facility_Product_Description,PO_PREMIER,PP-NS-1680
6811,92744101,92744101,"GLOVE COMPRESSION SAMMONS PRESTON ROLYAN MEDIUM 9IN RIGHT HAND WRIST 3/4 FINGER WEB SEAM F/EDEMA CONTROL NYLON SPANDEX LATEX-FREE 8-10MMHG EA","PERFORMANCE HEALTH SUPPLY, INC.",Product_Description,PO_PREMIER,PP-NS-1680
6812,92773901,92773901,"STOCKINETTE CAST/SPLINT ROLYAN 3IN X 25YD 100% COTTON TUBULAR ELASTIC SEAMLESS KNITTED EXTRA-SOFT LATEX-FREE NON-STERILE","PERFORMANCE HEALTH SUPPLY, INC.",Product_Description,PO_PREMIER,PP-NS-1680
6812,92773901,92773901,"STOCKENETTE, EXTRA SOFT 3 X 25 YDS","PERFORMANCE HEALTH SUPPLY, INC.",Facility_Product_Description,PO_PREMIER,PP-NS-1680
6813,92773902,92773902,"STOCKENETTE, EXTRA SOFT 4 X 25 YDS","PERFORMANCE HEALTH SUPPLY, INC.",Facility_Product_Description,PO_PREMIER,PP-NS-1680
6813,92773902,92773902,"STOCKINETTE CAST/SPLINT ROLYAN 4IN X 25YD 100% COTTON TUBULAR ELASTIC SEAMLESS KNITTED EXTRA-SOFT LATEX-FREE NON-STERILE","PERFORMANCE HEALTH SUPPLY, INC.",Product_Description,PO_PREMIER,PP-NS-1680
6813,92773902,92773902,"STOCKINETTE TUBR N/S ROLYAN 4INX25FT","PERFORMANCE HEALTH INC",Facility_Product_Description,PO_PREMIER,PP-NS-1680
6814,92773903,92773903,"STOCKINETTE TUBR N/S ROLYAN 5INX25FT","PERFORMANCE HEALTH INC",Facility_Product_Description,PO_PREMIER,PP-NS-1680
6814,92773903,92773903,"STOCKINETTE CAST/SPLINT ROLYAN 5IN X 25YD 100% COTTON TUBULAR ELASTIC SEAMLESS KNITTED EXTRA-SOFT LATEX-FREE NON-STERILE","PERFORMANCE HEALTH SUPPLY, INC.",Product_Description,PO_PREMIER,PP-NS-1680
6814,92773903,92773903,"STOCKENETTE, EXTRA SOFT 5 X 25 YDS","PERFORMANCE HEALTH SUPPLY, INC.",Facility_Product_Description,PO_PREMIER,PP-NS-1680
6815,92979901,92979901,"BANDAGE COMPRILAN ROLL 10CMX10M","BSN MEDICAL INC",Line_Item_Description,PO_WORKDAY,PP-NS-1680
6816,9315268160,9315268160,"TESTPACK, COBAS E-ELECSYS PROBNP GEN2 (100)","ROCHE DIAGNOSTICS",Facility_Product_Description,PO_PREMIER,PP-LA-524
6816,9315268160,9315268160,"REAGENT CHEMISTRY 100 TEST ELECSYS PROBNP II ROCH",NULL,Facility_Product_Description,PO_PREMIER,PP-LA-524
6816,9315268160,9315268160,"KIT REAGENT CHEMISTRY PRO-BNP GEN.2 SERUM PLASMA CASSETTE QUANTITATIVE REFRIGERATED SANDWICH F/ELECSYS V2.1 18MIN COBAS E 100TEST/KT","ROCHE DIAGNOSTICS CORPORATION",Product_Description,PO_PREMIER,PP-LA-524
6817,9315276160,9315276160,"KIT REAGENT CHEMISTRY PRO-BNP GEN.2 STAT SERUM PLASMA CASSETTE QUANTITATIVE REFRIGERATED SANDWICH F/ELECSYS V2.1 9MIN COBAS E 100TEST/KT","ROCHE DIAGNOSTICS CORPORATION",Product_Description,PO_PREMIER,PP-LA-524
6817,9315276160,9315276160,"PROBNP G2 STAT ELECSYS COBAS E 100 V2.1",NULL,Facility_Product_Description,PO_PREMIER,PP-LA-524
6817,9315276160,9315276160,"PROBNP G2 STAT ELECSYS COBAS E100 V2.1",NULL,Facility_Product_Description,PO_PREMIER,PP-LA-524
6817,9315276160,9315276160,"TESTPACK, PROBNP G2 STAT (100)","ROCHE DIAGNOSTICS",Facility_Product_Description,PO_PREMIER,PP-LA-524
6818,9315292190,9315292190,"REAGENT CHEMISTRY ELECSYS PROBNP II CALSET ROCHE",NULL,Facility_Product_Description,PO_PREMIER,PP-LA-524
6818,9315292190,9315292190,"REAGENT CHEMISTRY ELECSYS PROBNP II CALSET ROCHE N",NULL,Facility_Product_Description,PO_PREMIER,PP-LA-524
6818,9315292190,9315292190,"SET CALIBRATOR CHEMISTRY PRO-BNP GEN.2 SERUM PLASMA CASSETTE QUANTITATIVE REFRIGERATED F/ELECSYS V2.1 COBAS E","ROCHE DIAGNOSTICS CORPORATION",Product_Description,PO_PREMIER,PP-LA-524
6819,9315306190,9315306190,"SET CALIBRATOR CHEMISTRY PRO-BNP II STAT LYOPHILIZED REFRIGERATED F/ELECSYS V2.1 COBAS E","ROCHE DIAGNOSTICS CORPORATION",Product_Description,PO_PREMIER,PP-LA-524
6819,9315306190,9315306190,"CALIBRATOR, PROBNP STAT CS ELECSYS (4 X 1ML)","ROCHE DIAGNOSTICS",Facility_Product_Description,PO_PREMIER,PP-LA-524
6881,969092,969092,"CUFF WEIGHT THE CUFF DELUXE 0.5IN X 12IN X 4.25IN 2LB WHITE ANKLE WRIST GROMMET XLONG LOOP STRAP EXTRA HOOK TAB LATEX-FREE","PERFORMANCE HEALTH SUPPLY, INC.",Product_Description,PO_PREMIER,PP-NS-1680
6881,969092,969092,"THE DELUXE CUFF WEIGHTS - 2 LBS",NULL,Facility_Product_Description,PO_PREMIER,PP-NS-1680
6882,969094,969094,"THE DELUXE CUFF WEIGHT - 3 LB",NULL,Facility_Product_Description,PO_PREMIER,PP-NS-1680
6882,969094,969094,"CUFF WEIGHT THE CUFF DELUXE 0.5IN X 12IN X 4.25IN 3LB GOLD ANKLE WRIST GROMMET XLONG LOOP STRAP EXTRA HOOK TAB LATEX-FREE","PERFORMANCE HEALTH SUPPLY, INC.",Product_Description,PO_PREMIER,PP-NS-1680
6883,969095,969095,"CUFF WEIGHT THE CUFF DELUXE 0.5IN X 14.5IN X 4.75IN 4LB TURQUOISE ANKLE WRIST GROMMET XLONG LOOP STRAP EXTRA HOOK TAB LATEX-FREE","PERFORMANCE HEALTH SUPPLY, INC.",Product_Description,PO_PREMIER,PP-NS-1680
6883,969095,969095,"WEIGHT, DELUXECUFF 4 LB","PERFORMANCE HEALTH SUPPLY, INC.",Facility_Product_Description,PO_PREMIER,PP-NS-1680
6884,969096,969096,"WEIGHT, DELUXECUFF 5 LB","PERFORMANCE HEALTH SUPPLY, INC.",Facility_Product_Description,PO_PREMIER,PP-NS-1680
6884,969096,969096,"CUFF WEIGHT THE CUFF DELUXE 0.5IN X 14.5IN X 4.75IN 5LB BLACK ANKLE WRIST GROMMET XLONG LOOP STRAP EXTRA HOOK TAB LATEX-FREE","PERFORMANCE HEALTH SUPPLY, INC.",Product_Description,PO_PREMIER,PP-NS-1680
6894,9820MPNK,9820MPNK,"HELMET PROTECTIVE 21 1/2IN-22 1/4IN MEDIUM 1/2IN THK PINK SOFT SHELL VENTILATED CUSTOMIZED ADJUSTABLE PADDED LIGHTWEIGHT SHOCK-ABSORBENT SNAP CLOSURE CHINSTRAP PVC FOAM VINYL COATED","DANMAR PRODUCTS",Product_Description,PO_PREMIER,PP-NS-1680
6894,9820MPNK,9820MPNK,"DANMAR SOFT HELMET, MEDIUM","DANMAR PRODUCTS, INC.",Facility_Product_Description,PO_PREMIER,PP-NS-1680
6895,9820SCT,9820SCT,"HELMET, DANMAR SOFT SHELL SMALL","DANMAR PRODUCTS, INC.",Facility_Product_Description,PO_PREMIER,PP-NS-1680
6895,9820SCT,9820SCT,"HELMET PROTECTIVE 20 1/2IN-21 1/4IN SMALL 1/2IN THK CASA TAN SOFT SHELL VENTILATED CUSTOMIZED ADJUSTABLE PADDED LIGHTWEIGHT SHOCK-ABSORBENT SNAP CLOSURE CHINSTRAP PVC FOAM VINYL COATED","DANMAR PRODUCTS",Product_Description,PO_PREMIER,PP-NS-1680
6898,9821LRB,9821LRB,"HARDSHELL HELMET; SIZE LARGE; COLOR BLUE","DANMAR PRODUCTS, INC.",Facility_Product_Description,PO_PREMIER,PP-NS-1680
6898,9821LRB,9821LRB,"HELMET PROTECTIVE 24 1/2IN-25 1/4IN LARGE ROYAL BLUE HARD SHELL VENTILATED COMPRESSION-MOLDED CUSTOMIZED ADJUSTABLE LIGHTWEIGHT SHOCK-ABSORBENT SNAP CLOSURE CHINSTRAP PVC FOAM VINYL COATED PLASTIC","DANMAR PRODUCTS",Product_Description,PO_PREMIER,PP-NS-1680
6899,9821MRB,9821MRB,"HELMET PROTECTIVE 21 1/2IN-22 1/4IN MEDIUM ROYAL BLUE HARD SHELL VENTILATED COMPRESSION-MOLDED CUSTOMIZED ADJUSTABLE LIGHTWEIGHT SHOCK-ABSORBENT SNAP CLOSURE CHINSTRAP PVC FOAM VINYL COATED PLASTIC","DANMAR PRODUCTS",Product_Description,PO_PREMIER,PP-NS-1680
6899,9821MRB,9821MRB,"HARDSHELL HELMET; SIZE MEDIUM; COLOR BLUE","DANMAR PRODUCTS, INC.",Facility_Product_Description,PO_PREMIER,PP-NS-1680
6900,9821SRB,9821SRB,"HARDSHELL HELMET; SIZE SMALL; COLOR BLUE","DANMAR PRODUCTS, INC.",Facility_Product_Description,PO_PREMIER,PP-NS-1680
6900,9821SRB,9821SRB,"HELMET PROTECTIVE 20 1/4IN-21 1/4IN SMALL ROYAL BLUE HARD SHELL VENTILATED COMPRESSION-MOLDED CUSTOMIZED ADJUSTABLE LIGHTWEIGHT SHOCK-ABSORBENT SNAP CLOSURE CHINSTRAP PVC FOAM VINYL COATED PLASTIC","DANMAR PRODUCTS",Product_Description,PO_PREMIER,PP-NS-1680
6901,9821XLRB,9821XLRB,"HELMET PROTECTIVE 24 1/2IN-25 1/4IN XLARGE ROYAL BLUE HARD SHELL VENTILATED COMPRESSION-MOLDED CUSTOMIZED ADJUSTABLE LIGHTWEIGHT SHOCK-ABSORBENT SNAP CLOSURE CHINSTRAP PVC FOAM VINYL COATED PLASTIC","DANMAR PRODUCTS",Product_Description,PO_PREMIER,PP-NS-1680
6901,9821XLRB,9821XLRB,"HARDSHELL HELMET; SIZE XL; COLOR BLUE","DANMAR PRODUCTS, INC.",Facility_Product_Description,PO_PREMIER,PP-NS-1680
6967,99834,99834,"TUBIGRIP, NATURAL SIZE E","PERFORMANCE HEALTH SUPPLY, INC.",Facility_Product_Description,PO_PREMIER,PP-NS-1680
6967,99834,99834,"BANDAGE COMPRESSION COTTON LATEX STERILE E ARM TUB","PERFORMANCE HEALTH INC",Facility_Product_Description,PO_PREMIER,PP-NS-1680
6967,99834,99834,"BANDAGE TUBULAR TG GRIP II STOCKINETTE SIZE E 3 1/2IN X 11YD SMALL THIGH MEDIUM KNEE LARGE ANKLE ELASTIC KNIT SEAMLESS COMPRESSION CONFORMABLE SELF-ADJUSTABLE CONTINUOUS WEAVE NATURAL COTTON RAYON REU","L&R USA, INC",Product_Description,PO_PREMIER,PP-NS-1680
6968,99835,99835,"BANDAGE TUBULAR TG GRIP II STOCKINETTE SIZE F 4IN X 11YD FEMALE SOFT TISSUE ELASTIC KNIT SEAMLESS COMPRESSION CONFORMABLE SELF-ADJUSTABLE CONTINUOUS WEAVE NATURAL COTTON RAYON REUSABLE WASHABLE","L&R USA, INC",Product_Description,PO_PREMIER,PP-NS-1680
6968,99835,99835,"BANDAGE TUBULAR ELASTICATED TG GRIP II NATURAL F 4","PERFORMANCE HEALTH INC",Facility_Product_Description,PO_PREMIER,PP-NS-1680
6968,99835,99835,"TUBIGRIP, NATURAL SIZE F","PERFORMANCE HEALTH SUPPLY, INC.",Facility_Product_Description,PO_PREMIER,PP-NS-1680
6969,99837,99837,"TUBIGRIP, SIZE J","PERFORMANCE HEALTH SUPPLY, INC.",Facility_Product_Description,PO_PREMIER,PP-NS-1680
6969,99837,99837,"BANDAGE TUBULAR TG GRIP II STOCKINETTE SIZE J 7IN X 11YD SMALL TRUNK ELASTIC KNIT SEAMLESS COMPRESSION CONFORMABLE SELF-ADJUSTABLE CONTINUOUS WEAVE NATURAL COTTON RAYON REUSABLE WASHABLE","L&R USA, INC",Product_Description,PO_PREMIER,PP-NS-1680
6970,99884,99884,"BANDAGE TUBULAR TG GRIP II STOCKINETTE SIZE C 2.75IN X 11YD MEDIUM ARM ELASTIC KNIT SEAMLESS COMPRESSION CONFORMABLE SELF-ADJUSTABLE CONTINUOUS WEAVE BEIGE COTTON REUSABLE WASHABLE","L&R USA, INC",Product_Description,PO_PREMIER,PP-NS-1680
6970,99884,99884,"BANDAGE COMPRESSION COTTON LATEX STERILE MEDIUM C","PERFORMANCE HEALTH INC",Facility_Product_Description,PO_PREMIER,PP-NS-1680
6971,99885,99885,"BANDAGE COMPRESSION D 3IN TUBULAR STRETCH CONTROL","PERFORMANCE HEALTH INC",Facility_Product_Description,PO_PREMIER,PP-NS-1680
6971,99885,99885,"BANDAGE TUBULAR TG GRIP II STOCKINETTE SIZE D 3IN X 11YD LARGE ARM ELASTIC KNIT SEAMLESS COMPRESSION CONFORMABLE SELF-ADJUSTABLE CONTINUOUS WEAVE BEIGE COTTON REUSABLE WASHABLE","L&R USA, INC",Product_Description,PO_PREMIER,PP-NS-1680
7081,A297002,A297002,"SHEET SPLINT ROLYAN TAILORSPLINT 18INW X 24INL 1/8IN THK BEIGE THERMOPLASTIC 1% PERFORATED NON-STICK LATEX-FREE 4/CA LOW TEMP","PERFORMANCE HEALTH SUPPLY, INC.",Product_Description,PO_PREMIER,PP-NS-1680
7081,A297002,A297002,"SPLINT ORTHOPAEDIC FINGER TAYLOR PERFORATED","PERFORMANCE HEALTH INC",Facility_Product_Description,PO_PREMIER,PP-NS-1680
7082,A297006,A297006,"SPLINT ORTHOPAEDIC HAND TAILOR 1% PERFORATED THERM","PERFORMANCE HEALTH INC",Facility_Product_Description,PO_PREMIER,PP-NS-1680
7082,A297006,A297006,"SHEET SPLINT ROLYAN TAILORSPLINT PREFERRED 18IN X 24IN 1/8IN THK BEIGE THERMOPLASTIC 1% PERFORATED STRETCHED MODERATE RESISTANCE HIGH CONFORMABLE NON-STICK COATED LATEX-FREE RADIOLUCENT LOW TEMP SINGL","PERFORMANCE HEALTH SUPPLY, INC.",Product_Description,PO_PREMIER,PP-NS-1680
7127,A3488,A3488,"EXERCISER HAND BASIC ERGONOMIC FRAME RESISTANCE GR","PERFORMANCE HEALTH INC",Facility_Product_Description,PO_PREMIER,PP-NS-1680
7127,A3488,A3488,"EXERCISER HAND ROLYAN BASIC BLACK GRADED RESISTANCE ERGONOMIC PLASTIC FRAME EA","PERFORMANCE HEALTH SUPPLY, INC.",Product_Description,PO_PREMIER,PP-NS-1680
7128,A34961,A34961,"STRAP CAST/SPLINT ROLYAN SOFTSTRAP PREFERRED STANDARD 2IN X 10YD 1/4IN THK BEIGE POLYURETHANE FOAM NYLON FABRIC 5-LAYER OPEN-CELL NON-STRETCHED CONFORMABLE SOFT SELF-SEALED EDGE LATEX-FREE","PERFORMANCE HEALTH SUPPLY, INC.",Product_Description,PO_PREMIER,PP-NS-1680
7128,A34961,A34961,"MATERIAL STRAPPING NON ADHESIVE HOOK LOOP CLOSURE","PERFORMANCE HEALTH INC",Facility_Product_Description,PO_PREMIER,PP-NS-1680
7129,A370525,A370525,"PERFORMA POWER GROUP THERAPY TABLE, 36 X 48",NULL,Facility_Product_Description,PO_PREMIER,PP-NS-1680
7129,A370525,A370525,"TABLE EXAM PERFORMA 36IN X 48IN X 27-39IN 600LB CAPACITY POWER LAMINATED TOP EXTRUDED TELESCOPIC LEG PUSH-BUTTON FOLDABLE HANDLE F/GROUP THERAPY","PERFORMANCE HEALTH SUPPLY, INC.",Product_Description,PO_PREMIER,PP-NS-1680
7130,A39710,A39710,"SET EXERCISER FINGER CANDO DIGI-FLEX 5-PIECE HANDHELD W/DISPLAY RACK COLOR-CODED","PERFORMANCE HEALTH SUPPLY, INC.",Product_Description,PO_PREMIER,PP-NS-1680
7130,A39710,A39710,"DIGIFLEX: HTTPS://WWW.PERFORMANCEHEALTH.COM/CANDO-",NULL,Facility_Product_Description,PO_PREMIER,PP-NS-1680
7134,A4339,A4339,"BANDAGE COMPRESSION COTTON LATEX STERILE D 3INX11Y","PERFORMANCE HEALTH INC",Facility_Product_Description,PO_PREMIER,PP-NS-1680
7134,A4339,A4339,"TUBIGRIP, NATURAL SIZE D","PERFORMANCE HEALTH SUPPLY, INC.",Facility_Product_Description,PO_PREMIER,PP-NS-1680
7134,A4339,A4339,"STOCKINETTE CAST/SPLINT TG GRIP II SIZE D 3IN X 10.9YD NATURAL TUBULAR ELASTIC SEAMLESS CONTINUOUS WEAVE TUBE SOFT LATEX REUSABLE WASHABLE","PERFORMANCE HEALTH SUPPLY, INC.",Product_Description,PO_PREMIER,PP-NS-1680
7135,A4342,A4342,"STOCKINETTE CAST/SPLINT ROLL ROLYAN 2INW X 11YDL POLYPROPYLENE FABRIC WICK LATEX-FREE","PERFORMANCE HEALTH SUPPLY, INC.",Product_Description,PO_PREMIER,PP-NS-1680
7135,A4342,A4342,"ROLYAN POLYPROPYLENE STOCKINETTE 2",NULL,Facility_Product_Description,PO_PREMIER,PP-NS-1680
7136,A4382,A4382,"PADDING CAST ECONOMY ROLL SELF ADHESIVE SOFT FABRIC CONVENIENT 1/32X12INX5YD","PERFORMANCE HEALTH INC",Line_Item_Description,PO_WORKDAY,PP-NS-1680
7137,A4392,A4392,"TAPE MEASURE, 60 IN","PERFORMANCE HEALTH SUPPLY, INC.",Facility_Product_Description,PO_PREMIER,PP-NS-1680
7137,A4392,A4392,"TAPE MEASURE ROLYAN 60IN RETRACTABLE GRADUATED IN/CM W/CASE CLOTH STYRENE LATEX-FREE REUSABLE EA","PERFORMANCE HEALTH SUPPLY, INC.",Product_Description,PO_PREMIER,PP-NS-1680
7138,A44130,A44130,"INCLINOMETER MEDICAL BASELINE BUBBLE 4IN 4IN X 4IN X 0.2IN NECK HIP SPINE ELBOW KNEE SHOULDER 2-PIECE FLEXION EXTENSION ABDUCTION ADDUCTION 360DEG ROTATING DIAL 5DEG SCALE W/PROTECTIVE CASE F/MEASURIN","PERFORMANCE HEALTH SUPPLY, INC.",Product_Description,PO_PREMIER,PP-NS-1680
7138,A44130,A44130,"BASELINE BUBBLE INCLINOMETER ITEM 081275643 CAT A4",NULL,Facility_Product_Description,PO_PREMIER,PP-NS-1680
7141,A571202,A571202,"GLOVE, EDEMA OPEN FINGER SM RT","PERFORMANCE HEALTH SUPPLY, INC.",Facility_Product_Description,PO_PREMIER,PP-NS-1680
7141,A571202,A571202,"GLOVE COMPRESSION SAMMONS PRESTON HATCH SMALL 4IN X 2IN X 8IN RIGHT HAND OVER WRIST OPEN FINGER F/EDEMA CONTROL LYCRA LATEX-FREE MACHINE WASHABLE","PERFORMANCE HEALTH SUPPLY, INC.",Product_Description,PO_PREMIER,PP-NS-1680
7142,A571206,A571206,"GLOVE COMPRESSION SAMMONS PRESTON HATCH LARGE 4IN X 2IN X 10IN RIGHT HAND OVER WRIST OPEN FINGER F/EDEMA CONTROL LYCRA LATEX-FREE MACHINE WASHABLE","PERFORMANCE HEALTH SUPPLY, INC.",Product_Description,PO_PREMIER,PP-NS-1680
7142,A571206,A571206,"GLOVE, EDEMA OPEN FINGER LG RT","PERFORMANCE HEALTH SUPPLY, INC.",Facility_Product_Description,PO_PREMIER,PP-NS-1680
7142,A571206,A571206,"GLOVE COMPRESSION LYCRA SPANDEX HATCH LARGE 2 10IN","PERFORMANCE HEALTH INC",Facility_Product_Description,PO_PREMIER,PP-NS-1680
7143,A571226,A571226,"GLOVE COMPRESSION LATEX FREE HATCH LARGE 10IN FULL","PERFORMANCE HEALTH INC",Facility_Product_Description,PO_PREMIER,PP-NS-1680
7143,A571226,A571226,"GLOVE COMPRESSION GUNN-CUT SAMMONS PRESTON HATCH LARGE 4IN X 2IN X 10IN RIGHT HAND OVER WRIST FULL FINGER F/EDEMA CONTROL LYCRA LATEX-FREE MACHINE WASHABLE EA","PERFORMANCE HEALTH SUPPLY, INC.",Product_Description,PO_PREMIER,PP-NS-1680
7145,A611LL,A611LL,"BRACE ORTHOPAEDIC WRIST D RING PROTECTIVE PADDING","PERFORMANCE HEALTH INC",Facility_Product_Description,PO_PREMIER,PP-NS-1680
7145,A611LL,A611LL,"BRACE, WRIST D-RING BEIGE LL","PERFORMANCE HEALTH SUPPLY, INC.",Facility_Product_Description,PO_PREMIER,PP-NS-1680
7145,A611LL,A611LL,"SPLINT ORTHOPEDIC ROLYAN LARGE REGULAR 7 1/2IN 7 3/4-8 1/2IN LEFT WRIST REMOVABLE ALUMINUM BAR PAD SLIP-ON D-RING HOOK-LOOP CLOSURE THUMB HOLE W/STOCKINETTE LINER BEIGE COTTON POLYESTER FOAM LATEX-FRE","PERFORMANCE HEALTH SUPPLY, INC.",Product_Description,PO_PREMIER,PP-NS-1680
7146,A611LM,A611LM,"BRACE ORTHOPEDIC MEDIUM 6 3/4-7 1/2IN CIRC 7INL POLYESTER COTTON FOAM LEFT WRIST SLIP-ON HOOK-LOOP CLOSURE THUMB HOLE W/STOCKINETTE SLEEVE BEIGE ROLYAN D-RING LATEX-FREE","PERFORMANCE HEALTH SUPPLY, INC.",Product_Description,PO_PREMIER,PP-NS-1680
7146,A611LM,A611LM,"BRACE, WRIST D-RING BEIGE LM","PERFORMANCE HEALTH SUPPLY, INC.",Facility_Product_Description,PO_PREMIER,PP-NS-1680
7146,A611LM,A611LM,"BRACE ORTHOPAEDIC WRIST D RING PROTECTIVE PADDING","PERFORMANCE HEALTH INC",Facility_Product_Description,PO_PREMIER,PP-NS-1680
7147,A611RL,A611RL,"BRACE, WRIST D-RING BEIGE RL","PERFORMANCE HEALTH SUPPLY, INC.",Facility_Product_Description,PO_PREMIER,PP-NS-1680
7147,A611RL,A611RL,"BRACE ORTHOPAEDIC WRIST D RING PROTECTIVE PADDING","PERFORMANCE HEALTH INC",Facility_Product_Description,PO_PREMIER,PP-NS-1680
7147,A611RL,A611RL,"SPLINT ORTHOPEDIC ROLYAN LARGE REGULAR 7 1/2IN 7 3/4-8 1/2IN RIGHT WRIST REMOVABLE ALUMINUM BAR PAD SLIP-ON D-RING HOOK-LOOP CLOSURE THUMB HOLE W/STOCKINETTE LINER BEIGE COTTON POLYESTER FOAM LATEX-FR","PERFORMANCE HEALTH SUPPLY, INC.",Product_Description,PO_PREMIER,PP-NS-1680
7148,A611RM,A611RM,"SPLINT ORTHOPEDIC ROLYAN MEDIUM REGULAR 7IN 6 3/4-7 1/2IN RIGHT WRIST REMOVABLE ALUMINUM BAR PAD SLIP-ON D-RING HOOK-LOOP CLOSURE THUMB HOLE W/STOCKINETTE LINER BEIGE COTTON POLYESTER FOAM LATEX-FREE","PERFORMANCE HEALTH SUPPLY, INC.",Product_Description,PO_PREMIER,PP-NS-1680
7148,A611RM,A611RM,"BRACE ORTHOPAEDIC WRIST D RING PROTECTIVE PADDING","PERFORMANCE HEALTH INC",Facility_Product_Description,PO_PREMIER,PP-NS-1680
7148,A611RM,A611RM,"BRACE, WRIST D-RING BEIGE RM","PERFORMANCE HEALTH SUPPLY, INC.",Facility_Product_Description,PO_PREMIER,PP-NS-1680
7149,A6153,A6153,"SPLINT ORTHOPAEDIC WRIST THUMB D RING WORK HARD OR","PERFORMANCE HEALTH INC",Facility_Product_Description,PO_PREMIER,PP-NS-1680
7149,A6153,A6153,"SPLINT ORTHOPEDIC ROLYAN SMALL 5 3/4-6 1/2IN LEFT WRIST THUMB SPICA ALUMINUM/METAL STAY SLIP-ON D-RING LOOP-LOCK CLOSURE 15DEG EXTENSION W/COTTON STOCKINETTE BEIGE COTTON POLYESTER LATEX-FREE","PERFORMANCE HEALTH SUPPLY, INC.",Product_Description,PO_PREMIER,PP-NS-1680
7150,A6154,A6154,"SPLINT ORTHOPEDIC ROLYAN SMALL 5 3/4-6 1/2IN RIGHT WRIST THUMB SPICA ALUMINUM/METAL STAY SLIP-ON D-RING LOOP-LOCK CLOSURE 15DEG EXTENSION W/COTTON STOCKINETTE BEIGE COTTON POLYESTER LATEX-FREE","PERFORMANCE HEALTH SUPPLY, INC.",Product_Description,PO_PREMIER,PP-NS-1680
7150,A6154,A6154,"SPLINT ORTHOPAEDIC WRIST THUMB D RING WORK HARD OR","PERFORMANCE HEALTH INC",Facility_Product_Description,PO_PREMIER,PP-NS-1680
7151,A6155,A6155,"SPLINT ORTHOPEDIC HAND WITH THUMB SPICA ALUMINUM C","PERFORMANCE HEALTH INC",Facility_Product_Description,PO_PREMIER,PP-NS-1680
7151,A6155,A6155,"SPICA, WRIST/THUMB LEFT MEDIUM","PERFORMANCE HEALTH SUPPLY, INC.",Facility_Product_Description,PO_PREMIER,PP-NS-1680
7151,A6155,A6155,"SUPPORT ORTHOPEDIC MEDIUM 6 3/4-7 1/2IN CIRC LEFT WRIST D-RING CLOSURE LOOP-LOCK THUMB STRAP PALMAR STAY BEIGE ROLYAN LATEX-FREE","PERFORMANCE HEALTH SUPPLY, INC.",Product_Description,PO_PREMIER,PP-NS-1680
7152,A6156,A6156,"SUPPORT ORTHOPEDIC MEDIUM 6 3/4-7 1/2IN CIRC RIGHT WRIST D-RING CLOSURE LOOP-LOCK THUMB STRAP PALMAR STAY BEIGE ROLYAN LATEX-FREE","PERFORMANCE HEALTH SUPPLY, INC.",Product_Description,PO_PREMIER,PP-NS-1680
7152,A6156,A6156,"SPICA, WRIST/THUMB RIGHT MEDIUM","PERFORMANCE HEALTH SUPPLY, INC.",Facility_Product_Description,PO_PREMIER,PP-NS-1680
7152,A6156,A6156,"SPLINT ORTHOPEDIC HAND WITH THUMB SPICA ALUMINUM C","PERFORMANCE HEALTH INC",Facility_Product_Description,PO_PREMIER,PP-NS-1680
7153,A6157,A6157,"SPLINT ORTHOPAEDIC WRIST THUMB D RING WORK HARD OR","PERFORMANCE HEALTH INC",Facility_Product_Description,PO_PREMIER,PP-NS-1680
7153,A6157,A6157,"SPLINT, D-RING WRIST/THUMB LEFT LG","PERFORMANCE HEALTH SUPPLY, INC.",Facility_Product_Description,PO_PREMIER,PP-NS-1680
7153,A6157,A6157,"SPLINT ORTHOPEDIC ROLYAN LARGE 7 3/4-8 1/2IN LEFT WRIST THUMB SPICA ALUMINUM/METAL STAY SLIP-ON D-RING LOOP-LOCK CLOSURE 15DEG EXTENSION W/COTTON STOCKINETTE BEIGE COTTON POLYESTER LATEX-FREE","PERFORMANCE HEALTH SUPPLY, INC.",Product_Description,PO_PREMIER,PP-NS-1680
7154,A6158,A6158,"SUPPORT ORTHOPEDIC LARGE 7 3/4-8 1/2IN CIRC COTTON POLYESTER RIGHT WRIST LOOP-LOCK THUMB STRAP PALMAR STAY BEIGE ROLYAN D-RING LATEX-FREE","PERFORMANCE HEALTH SUPPLY, INC.",Product_Description,PO_PREMIER,PP-NS-1680
7154,A6158,A6158,"SPLINT ORTHOPAEDIC WRIST THUMB D RING WORK HARD OR","PERFORMANCE HEALTH INC",Facility_Product_Description,PO_PREMIER,PP-NS-1680
7157,A6421,A6421,"LOTION, DEEP PREP II, 15 OZ JAR","PERFORMANCE HEALTH SUPPLY, INC.",Facility_Product_Description,PO_PREMIER,PP-NS-1680
7157,A6421,A6421,"CREAM BODY SAMMONS PRESTON DEEP PREP II 15OZ COCONUT OIL LANOLIN GLYCERYL LAURATE METHYLPARABEN PROPYLPARABEN DISODIUM DETA BHA TISSUE JAR LUBRICANT F/MASSAGE EA","PERFORMANCE HEALTH SUPPLY, INC.",Product_Description,PO_PREMIER,PP-NS-1680
7160,A812101,A812101,"PROTECTOR ORTHOPAEDIC PALM FINGER CONTRACTURE FOAM","PERFORMANCE HEALTH INC",Facility_Product_Description,PO_PREMIER,PP-NS-1680
7160,A812101,A812101,"PROTECTOR ORTHOPEDIC ROLYAN PRE-ROLLED CONTRACTURE ONE SIZE FIT LEFT PALM FINGER CLOSED CELL HOOK-LOOP CLOSURE STRAP W/1/4IN SHERPA FABRIC FOAM LATEX-FREE EA","PERFORMANCE HEALTH SUPPLY, INC.",Product_Description,PO_PREMIER,PP-NS-1680
7161,A812201,A812201,"PROTECTOR ORTHOPEDIC ROLYAN PRE-ROLLED CONTRACTURE ONE SIZE FIT RIGHT PALM FINGER CLOSED CELL HOOK-LOOP CLOSURE STRAP W/1/4IN SHERPA FABRIC FOAM LATEX-FREE EA","PERFORMANCE HEALTH SUPPLY, INC.",Product_Description,PO_PREMIER,PP-NS-1680
7161,A812201,A812201,"PROTECTOR ORTHOPAEDIC PALM SPLINT HAND ANTI SPASMO","PERFORMANCE HEALTH INC",Facility_Product_Description,PO_PREMIER,PP-NS-1680
7162,A8192,A8192,"BEAD PARAFFIN 1LB","PERFORMANCE HEALTH INC",Facility_Product_Description,PO_PREMIER,PP-NS-1680
7162,A8192,A8192,"BEAD, PARAFFIN 1LB UNSCENTED","PERFORMANCE HEALTH SUPPLY, INC.",Facility_Product_Description,PO_PREMIER,PP-NS-1680
7162,A8192,A8192,"WAX PARAFFIN PERFORMA 1LB BEAD ABSORBABLE HEAT RETENTION COLORLESS UNSCENTED F/THERAPEUTIC TREATMENT 6/BX","PERFORMANCE HEALTH SUPPLY, INC.",Product_Description,PO_PREMIER,PP-NS-1680
7165,A8684,A8684,"SLEEVE, DIGI FINGER LG","PERFORMANCE HEALTH SUPPLY, INC.",Facility_Product_Description,PO_PREMIER,PP-NS-1680
7165,A8684,A8684,"SLEEVE COMPRESSION SAMMONS PRESTON ROLYAN LARGE 18IN 2 3/8-2 7/8IN DIGIT FINGER CONFORMABLE F/EDEMA HYPERTROPHIC SCARRING LYCRA SPANDEX LATEX-FREE MACHINE WASHABLE","PERFORMANCE HEALTH SUPPLY, INC.",Product_Description,PO_PREMIER,PP-NS-1680
7203,A9085,A9085,"FOAM REHABILITATION R-LITE EXTRA SOFT ROLYAN","PERFORMANCE HEALTH INC",Facility_Product_Description,PO_PREMIER,PP-NS-1680
7203,A9085,A9085,"BLOCK EXERCISE ROYLAN R-LITE 1 3/4IN X 1 3/4IN X 3IN 3IN THK YELLOW HAND X-SOFT RESISTANCE TEMPER FOAM LATEX-FREE","PERFORMANCE HEALTH SUPPLY, INC.",Product_Description,PO_PREMIER,PP-NS-1680
7204,A9086,A9086,"BLOCK EXERCISE ROYLAN R-LITE 1 3/4IN X 1 3/4IN X 3IN 3IN THK PINK HAND SOFT RESISTANCE TEMPER FOAM LATEX-FREE","PERFORMANCE HEALTH SUPPLY, INC.",Product_Description,PO_PREMIER,PP-NS-1680
7204,A9086,A9086,"BLOCK EXERCISE SOFT RESISTANCE FOAM R-LITE PINK","PERFORMANCE HEALTH INC",Facility_Product_Description,PO_PREMIER,PP-NS-1680
7204,A9086,A9086,"BLOCKS, R-LITE PINK SOFT","PERFORMANCE HEALTH SUPPLY, INC.",Facility_Product_Description,PO_PREMIER,PP-NS-1680
7209,A9291,A9291,"KIT TEST EVALUATION JAMAR HAND WRIST FINGER PEGBOA",NULL,Facility_Product_Description,PO_PREMIER,PP-NS-1680
7209,A9291,A9291,"KIT TEST EVALUATION JAMAR HAND WRIST FINGER PEGBOARD W/55-PIN 45-WASHER 25-COLLAR 25-RECORD FORM REFERENCE GUIDE MANUAL F/GROSS/FINE MOTOR SKILL","PERFORMANCE HEALTH SUPPLY, INC.",Product_Description,PO_PREMIER,PP-NS-1680
7227,A9621,A9621,"SPLINTING MATERIAL AQUAPLAST-T 1/8X18X24","PERFORMANCE HEALTH SUPPLY, INC.",Facility_Product_Description,PO_PREMIER,PP-NS-1680
7227,A9621,A9621,"SHEET SPLINT ROLYAN AQUAPLAST-T PREFERRED 18IN X 24IN 1/8IN THK 100% MEMORY THERMOPLASTIC SOLID RIGID HIGH RESISTANCE STRETCHED CONFORMABLE NON-STICK COATED WATER-BASED LATEX-FREE RADIOLUCENT LOW TEMP","PERFORMANCE HEALTH SUPPLY, INC.",Product_Description,PO_PREMIER,PP-NS-1680
7228,A96240,A96240,"SHEET SPLINT ROLYAN AQUAPLAST-T PREFERRED 18IN X 24IN 1/16IN THK 100% MEMORY THERMOPLASTIC SOLID RIGID MODERATE RESISTANCE STRETCHED CONFORMABLE NON-STICK COATED WATER-BASED LATEX-FREE RADIOLUCENT LOW","PERFORMANCE HEALTH SUPPLY, INC.",Product_Description,PO_PREMIER,PP-NS-1680
7228,A96240,A96240,"SHEET, AQUAPLAST SPLINTING 1/16","PERFORMANCE HEALTH SUPPLY, INC.",Facility_Product_Description,PO_PREMIER,PP-NS-1680
7229,A96252,A96252,"SPLINTTUBE, 1/4 X 24 AQUATUBE","PERFORMANCE HEALTH SUPPLY, INC.",Facility_Product_Description,PO_PREMIER,PP-NS-1680
7229,A96252,A96252,"TUBE SPLINT ROLYAN AQUATUBE 1/8IN/1/4IN ID/OD 2FT HINGE WHITE THERMOPLASTIC HOLLOW INSTANT-BOND LATEX-FREE LOW TEMP EA","PERFORMANCE HEALTH SUPPLY, INC.",Product_Description,PO_PREMIER,PP-NS-1680
7231,AA2650,AA2650,"AID TOILET HYGIENE HOMECRAFT PREFERRED 10IN 2 1/2OZ BOTTOM WIPER METAL HANDLE PLASTIC HEAD CURVED HANDLE","PERFORMANCE HEALTH SUPPLY, INC.",Product_Description,PO_PREMIER,PP-NS-1680
7231,AA2650,AA2650,"AID TOILET HOMECRAFT CURVED HANDLE MOLDED HEAD PLA","PERFORMANCE HEALTH INC",Facility_Product_Description,PO_PREMIER,PP-NS-1680
7232,AA5662,AA5662,"GUARD FOOD LIGHTWEIGHT VERSATILE PLASTIC PLATE 9-1","PERFORMANCE HEALTH INC",Facility_Product_Description,PO_PREMIER,PP-NS-1680
7232,AA5662,AA5662,"PLATE FOOD GUARD HOMECRAFT PREFERRED LIGHTWEIGHT EASY-TO-CLEAN POLYETHYLENE PLASTIC LATEX-FREE F/9-11IN 1/8IN PLATE 180DEG F DISHWASHER SAFE","PERFORMANCE HEALTH SUPPLY, INC.",Product_Description,PO_PREMIER,PP-NS-1680
7234,AA8621,AA8621,"LIFTER LEG SAMMONS PRESTON ADULT 41IN 20.5IN FLEXIBLE RIGID HAND/FOOT LOOP ADJUSTABLE METAL ROD EA","PERFORMANCE HEALTH SUPPLY, INC.",Product_Description,PO_PREMIER,PP-NS-1680
7234,AA8621,AA8621,"LEG LIFTER RIGID 41",NULL,Facility_Product_Description,PO_PREMIER,PP-NS-1680
7234,AA8621,AA8621,"LIFTER POSITIONING LEG ADJUSTABLE METAL ROD FLEXIB","PERFORMANCE HEALTH INC",Facility_Product_Description,PO_PREMIER,PP-NS-1680
7235,ABSTACK15,ABSTACK15,"TACKER, ABSORBATACK FIXATION DEVICE 5MM 15 TACKS",COVIDIEN,Facility_Product_Description,PO_PREMIER,PP-OR-1487
7235,ABSTACK15,ABSTACK15,"DEVICE LAPAROSCOPIC FIXATION ABSORBATACK 5MM 36CM SHAFT ERGONOMIC PISTOL-GRIP HANDLE RATCHETED W/15-SYNTHETIC SHORT PES COPOLYMER ABSORBABLE TACK VIOLET SINGLE-USE F/HERNIA 6/BX","COVIDIEN SALES LLC",Product_Description,PO_PREMIER,PP-OR-1487
7396,APQ1B,APQ1B,"DARCO POST OP SHOE SMALL",NULL,Facility_Product_Description,PO_PREMIER,PP-NS-1680
7396,APQ1B,APQ1B,"BOOT POST-OP APB ROCKER ALL-PURPOSE CAST SMALL SIZE 5-6.5/6-7.5 M/F FOOT SQUARED TOE CLOSED TOE/HEEL HOOK-LOOP CLOSURE STRAP BLACK POLYESTER 36/CA","DARCO INTERNATIONAL",Product_Description,PO_PREMIER,PP-NS-1680
7397,APQ2B,APQ2B,"BOOT POST-OP APB ROCKER ALL-PURPOSE CAST MEDIUM SIZE 7-8/8-9 M/F FOOT SQUARED TOE CLOSED TOE/HEEL HOOK-LOOP CLOSURE STRAP BLACK POLYESTER 36/CA","DARCO INTERNATIONAL",Product_Description,PO_PREMIER,PP-NS-1680
7397,APQ2B,APQ2B,"DARCO POST OP SHOE MEDIUM",NULL,Facility_Product_Description,PO_PREMIER,PP-NS-1680
7398,APQ3B,APQ3B,"DARCO POST OP SHOE LARGE",NULL,Facility_Product_Description,PO_PREMIER,PP-NS-1680
7398,APQ3B,APQ3B,"BOOT POST-OP APB ROCKER ALL-PURPOSE CAST LARGE SIZE 8.5-10/9.5-11 M/F FOOT SQUARED TOE CLOSED TOE/HEEL HOOK-LOOP CLOSURE STRAP BLACK POLYESTER 36/CA","DARCO INTERNATIONAL",Product_Description,PO_PREMIER,PP-NS-1680
7399,APQ4B,APQ4B,"BOOT POST-OP APB ROCKER ALL-PURPOSE CAST XLARGE SIZE 10.5-12.5/11.5-13 M/F FOOT SQUARED TOE CLOSED TOE/HEEL HOOK-LOOP CLOSURE STRAP BLACK POLYESTER 36/CA","DARCO INTERNATIONAL",Product_Description,PO_PREMIER,PP-NS-1680
7399,APQ4B,APQ4B,"DARCO POST OP SHOE XL",NULL,Facility_Product_Description,PO_PREMIER,PP-NS-1680
7836,CATCH10,CATCH10,"BAG SPECIMEN RETRIEVAL RELIACATCH 10MM 2.44IN X 6.53IN 275ML CAPACITY RIPSTOP NYLON LATEX-FREE DEHP-FREE PVC-FREE STERILE SINGLE-USE 5/CA","COVIDIEN SALES LLC",Product_Description,PO_PREMIER,PP-OR-1487
7836,CATCH10,CATCH10,"BAG, SPECIMEN RETRIEVAL 10MM",COVIDIEN,Facility_Product_Description,PO_PREMIER,PP-OR-1487
7864,CD1357-40Q,CD135740Q,"GENERATOR, FORTIFY ASSURA NEXT GEN ICD VR 40 DF4 C","ST. JUDE MEDICAL/PACESETTER",Facility_Product_Description,PO_PREMIER,PP-CA-449
7864,CD1357-40Q,CD135740Q,"DEFIBRILLATOR CARDIAC FORTIFY ASSURA VR IMPLANTABLE 1-CHAMBER DF4-LLHH CONNECTOR RF TELEMETRY PARYLENE","ABBOTT LABORATORIES INC.",Product_Description,PO_PREMIER,PP-CA-449
7865,CD1411-36C,CD141136C,"DEFIBRILLATOR CARDIAC ELLIPSE VR IMPLANTABLE 1-CHAMBER DF-1 IS-1 CONNECTOR RF TELEMETRY PARYLENE","ABBOTT LABORATORIES INC.",Product_Description,PO_PREMIER,PP-CA-449
7865,CD1411-36C,CD141136C,"GENERATOR, ELLIPSE NEXT GEN ICD VR 36","ST. JUDE MEDICAL/PACESETTER",Facility_Product_Description,PO_PREMIER,PP-CA-449
7866,CD2357-40Q,CD235740Q,"GENERATOR, FORTIFY ASSURA NEXT GEN ICD DR 40 DF4 C","ST. JUDE MEDICAL/PACESETTER",Facility_Product_Description,PO_PREMIER,PP-CA-449
7866,CD2357-40Q,CD235740Q,"DEFIBRILLATOR CARDIAC FORTIFY ASSURA DR IMPLANTABLE 2-CHAMBER DF4-LLHH IS-1 CONNECTOR RF TELEMETRY PARYLENE","ABBOTT LABORATORIES INC.",Product_Description,PO_PREMIER,PP-CA-449
7867,CD2411-36C,CD241136C,"DEFIBRILLATOR CARDIAC ELLIPSE DR IMPLANTABLE 2-CHAMBER DF-1 IS-1 CONNECTOR RF TELEMETRY PARYLENE","ABBOTT LABORATORIES INC.",Product_Description,PO_PREMIER,PP-CA-449
7867,CD2411-36C,CD241136C,"GENERATOR, ELLIPSE NEXT GEN ICD DR 36","ST. JUDE MEDICAL/PACESETTER",Facility_Product_Description,PO_PREMIER,PP-CA-449
7868,CD3357-40Q,CD335740Q,"GENERATOR, UNIFY ASSURA NEXT GEN CRT-D 40 DF4 CONN","ST. JUDE MEDICAL/PACESETTER",Facility_Product_Description,PO_PREMIER,PP-CA-449
7868,CD3357-40Q,CD335740Q,"DEFIBRILLATOR CARDIAC UNIFY ASSURA IMPLANTABLE QUADRIPOLAR BIVENTRICULAR DF4-LLHH IS-1 CONNECTOR RF TELEMETRY PARYLENE","ABBOTT LABORATORIES INC.",Product_Description,PO_PREMIER,PP-CA-449
7869,CD3369-40C,CD336940C,"DEFIBRILLATOR CARDIAC QUADRA ASSURA IMPLANTABLE QUADRIPOLAR BIVENTRICULAR DF-4 CONNECTOR PARYLENE","ABBOTT LABORATORIES INC.",Product_Description,PO_PREMIER,PP-CA-449
7869,CD3369-40C,CD336940C,"GENERATOR, QUADRA ASSURA MP CRT-D","ST. JUDE MEDICAL/PACESETTER",Facility_Product_Description,PO_PREMIER,PP-CA-449
7870,CD3369-40Q,CD336940Q,"GENERATOR, QUADRA ASSURA MP CRT-D DF4","ST. JUDE MEDICAL/PACESETTER",Facility_Product_Description,PO_PREMIER,PP-CA-449
7870,CD3369-40Q,CD336940Q,"DEFIBRILLATOR CARDIAC QUADRA ASSURA IMPLANTABLE QUADRIPOLAR BIVENTRICULAR DF-4 CONNECTOR PARYLENE","ABBOTT LABORATORIES INC.",Product_Description,PO_PREMIER,PP-CA-449
7872,CDDRA500Q,CDDRA500Q,"GENERATOR, GALLANT DR ICD","ST. JUDE MEDICAL/PACESETTER",Facility_Product_Description,PO_PREMIER,PP-CA-449
7872,CDDRA500Q,CDDRA500Q,"DEFIBRILLATOR CARDIAC GALLANT IMPLANTABLE 51MM X 69MM 12MM THK 31ML 71GM 2-CHAMBER DF-4 CONNECTOR BLUETOOTH MRI-CONDITIONAL","ABBOTT LABORATORIES INC.",Product_Description,PO_PREMIER,PP-CA-449
7873,CDHFA500Q,CDHFA500Q,"DEFIBRILLATOR CARDIAC GALLANT HF IMPLANTABLE 51MM X 74MM 12MM THK 34ML 76GM DF-4 IS-4 IS-1 CONNECTOR BLUETOOTH MRI-CONDITIONAL","ABBOTT LABORATORIES INC.",Product_Description,PO_PREMIER,PP-CA-449
7873,CDHFA500Q,CDHFA500Q,"GENERATOR, GALLANT HF BI-VENTRICULAR ICD CRT-D","ST. JUDE MEDICAL/PACESETTER",Facility_Product_Description,PO_PREMIER,PP-CA-449
7881,CDVRA500Q,CDVRA500Q,"DEFIBRILLATOR CARDIAC SINGLE CHAMBER DF4 GALLANT V","ABBOTT CARDIOVASCULAR INC",Facility_Product_Description,PO_PREMIER,PP-CA-449
7881,CDVRA500Q,CDVRA500Q,"GENERATOR, GALLANT VR ICD","ST. JUDE MEDICAL/PACESETTER",Facility_Product_Description,PO_PREMIER,PP-CA-449
7881,CDVRA500Q,CDVRA500Q,"DEFIBRILLATOR CARDIAC GALLANT IMPLANTABLE 51MM X 63MM 12MM THK 30ML 69GM 1-CHAMBER DF-4 CONNECTOR MRI-CONDITIONAL","ABBOTT LABORATORIES INC.",Product_Description,PO_PREMIER,PP-CA-449
7888,CF7515,CF7515,"ELECTRODE NEUROSTIMULATOR VALUTRODE 3IN X 5IN 2MM LEADWIRE RECTANGULAR SELF-ADHESIVE CARBON CONDUCTIVE FILM WHITE MULTISTICK HYDROGEL CLOTH F/FES TENS LATEX-FREE REUSABLE 2/PK 10PK/CA","AXELGAARD MANUFACTURING CO",Product_Description,PO_PREMIER,PP-NS-1680
7888,CF7515,CF7515,"ELECTRODE ELECTROTHERAPY RECTANGLE CLOTH MODEL D S","PERFORMANCE HEALTH INC",Facility_Product_Description,PO_PREMIER,PP-NS-1680
7888,CF7515,CF7515,"CLOTH, VALTRODE 3IN X 5 RECTANGLE","PERFORMANCE HEALTH SUPPLY, INC.",Facility_Product_Description,PO_PREMIER,PP-NS-1680
7893,CKT95024,CKT95024,"TAPE ORTHOPEDIC COTTON LATEX FREE KINESIO BLACK 2I","PERFORMANCE HEALTH INC",Facility_Product_Description,PO_PREMIER,PP-NS-1680
7893,CKT95024,CKT95024,"TAPE MEDICAL KINESIO TEX CLASSIC KINESIOLOGY ROLL 2IN X 13.1FT HYPOALLERGENIC WATER-RESISTANT BLACK COTTON LATEX-FREE 6/PK","KINESIO TAPING ASSOCIATION",Product_Description,PO_PREMIER,PP-NS-1680
8103,DM3500,DM3500,"RECORDER, LOOP CONFIRM RX IMPLANTABLE","ST. JUDE MEDICAL/PACESETTER",Facility_Product_Description,PO_PREMIER,PP-CA-449
8103,DM3500,DM3500,"MONITOR CARDIAC CONFIRM RX INSERTABLE W/SHARPSENSE TECHNOLOGY MRI-CONDITIONAL","ABBOTT LABORATORIES INC.",Product_Description,PO_PREMIER,PP-CA-449
8138,DS2A003,DS2A003,"SLITTER, CPS DIRECT SL II","ST. JUDE MEDICAL/PACESETTER",Facility_Product_Description,PO_PREMIER,PP-CA-449
8138,DS2A003,DS2A003,"SLITTER PACEMAKER CPS UNIVERSAL","ABBOTT LABORATORIES INC.",Product_Description,PO_PREMIER,PP-CA-449
8139,DS2C004,DS2C004,"CATHETER GUIDING CPS DIRECT SL II OUTER 7/2FR ID 9/3FR OD 50.7CM WIDE CURVED 47CM WORKING SLITTABLE W/DILATOR 2-VALVE BYPASS TOOL SOFT TIP HEMOSTATIC VALVE","ABBOTT LABORATORIES INC.",Product_Description,PO_PREMIER,PP-CA-449
8139,DS2C004,DS2C004,"SHEATH, CPS DIRECT SL II WIDE 47CM","ST. JUDE MEDICAL/PACESETTER",Facility_Product_Description,PO_PREMIER,PP-CA-449
8140,DS2C020,DS2C020,"CATHETER GUIDING CPS DIRECT SL II OUTER 135DEG CURVED 47CM WORKING SLITTABLE UPSIZED SOFT TIP HEMOSTATIC VALVE","ABBOTT LABORATORIES INC.",Product_Description,PO_PREMIER,PP-CA-449
8140,DS2C020,DS2C020,"SHEATH, CPS DIRECT UPSIZED 135DEG 47CM","ST. JUDE MEDICAL/PACESETTER",Facility_Product_Description,PO_PREMIER,PP-CA-449
8141,DS2C021,DS2C021,"INTRODUCER SHEATH UPSIZED WIDE SHAPED SLITTABLE OU","ABBOTT CARDIOVASCULAR INC",Facility_Product_Description,PO_PREMIER,PP-CA-449
8141,DS2C021,DS2C021,"SHEATH, CPS DIRECT UPSIZED WIDE 47CM","ST. JUDE MEDICAL/PACESETTER",Facility_Product_Description,PO_PREMIER,PP-CA-449
8141,DS2C021,DS2C021,"CATHETER GUIDING CPS DIRECT SL II OUTER WIDE CURVED 47CM WORKING SLITTABLE UPSIZED SOFT TIP HEMOSTATIC VALVE","ABBOTT LABORATORIES INC.",Product_Description,PO_PREMIER,PP-CA-449
8142,DS2C022,DS2C022,"CATHETER GUIDING CPS DIRECT SL II OUTER EXTRA WIDE CURVED 47CM WORKING SLITTABLE UPSIZED SOFT TIP HEMOSTATIC VALVE","ABBOTT LABORATORIES INC.",Product_Description,PO_PREMIER,PP-CA-449
8142,DS2C022,DS2C022,"SHEATH, CPS DIRECT UPSIZED X-WIDE 47CM","ST. JUDE MEDICAL/PACESETTER",Facility_Product_Description,PO_PREMIER,PP-CA-449
8143,DS2C023,DS2C023,"SHEATH, CPS DIRECT UPSIZED R SIDE 47CM","ST. JUDE MEDICAL/PACESETTER",Facility_Product_Description,PO_PREMIER,PP-CA-449
8143,DS2C023,DS2C023,"CATHETER GUIDING CPS DIRECT SL II OUTER RIGHT-SIDED CURVED 47CM WORKING SLITTABLE UPSIZED SOFT TIP HEMOSTATIC VALVE","ABBOTT LABORATORIES INC.",Product_Description,PO_PREMIER,PP-CA-449
8144,DS2C026,DS2C026,"CATHETER GUIDING CPS DIRECT SL II OUTER 115DEG CURVED 54CM WORKING SLITTABLE UPSIZED SOFT TIP HEMOSTATIC VALVE","ABBOTT LABORATORIES INC.",Product_Description,PO_PREMIER,PP-CA-449
8144,DS2C026,DS2C026,"SHEATH, CPS DIRECT UPSIZED 115DEG 54CM","ST. JUDE MEDICAL/PACESETTER",Facility_Product_Description,PO_PREMIER,PP-CA-449
8150,DTAC10LDP.S,DTAC10LDPS,"DRAPE NEGATIVE PRESSURE DERMATAC 21CM X 24.9CM ACRYLIC ADHESIVE HANDLE BAR HYBRID SILICONE 10/CA","KCI USA, INC. DBA 3M MEDICAL SOLUTIONS",Product_Description,PO_PREMIER,PP-NS-1610
8150,DTAC10LDP.S,DTAC10LDPS,"DRAPE NEG PRESR ADH CLASSIC VAC","3M HEALTHCARE",Facility_Product_Description,PO_PREMIER,PP-NS-1610
8157,DYNJ04058Z,DYNJ04058Z,"REMOVER, STAPLE, SKIN, STERIL","MEDLINE INDUSTRIES, LP",Product_Description,PO_PREMIER,PP-NS-1680
8157,DYNJ04058Z,DYNJ04058Z,"REMOVER, STAPLER SKIN-DSD","MEDLINE INDUSTRIES INC",Facility_Product_Description,PO_PREMIER,PP-NS-1680
8169,E80209216,E80209216,"ETAC SELF PROPELLED CLEAN SHOWER COMMODE",NULL,Facility_Product_Description,PO_PREMIER,PP-NS-1680
8169,E80209216,E80209216,"CHAIR SHOWER/COMMODE CLEAN 27IN X 21 1/2IN X 28IN 285LB CAPACITY SELF-PROPELLED STEEL TUBING W/BACK SWINGAWAY ARMREST 24IN REAR WHEEL","ETAC AB",Product_Description,PO_PREMIER,PP-NS-1680
8185,EEA25,EEA25,"STAPLER INTERNAL EEA DST SERIES OPEN 25MM 35CM SHAFT THICK TISSUE CURVED CIRCULAR BLUNT/SHARP TROCAR TIP RELOADABLE TILT-TOP ANVIL SQUEEZE HANDLE CONTOUR SHAFT W/4.8MM TI STAPLE WHITE SINGLE-USE 3/BX","COVIDIEN SALES LLC",Product_Description,PO_PREMIER,PP-OR-1487
8185,EEA25,EEA25,"STAPLER, DST SERIES 25 MM W/ 4.8 MM STAPLE",COVIDIEN,Facility_Product_Description,PO_PREMIER,PP-OR-1487
8186,EEA28,EEA28,"STAPLER, DST SERIES 28 MM W/ 4.8 MM STAPLE",COVIDIEN,Facility_Product_Description,PO_PREMIER,PP-OR-1487
8186,EEA28,EEA28,"STAPLER INTERNAL EEA DST SERIES OPEN 28MM 35CM SHAFT THICK TISSUE CURVED CIRCULAR BLUNT/SHARP TROCAR TIP RELOADABLE TILT-TOP ANVIL SQUEEZE HANDLE CONTOUR SHAFT W/4.8MM TI STAPLE BLUE SINGLE-USE 3/BX","COVIDIEN SALES LLC",Product_Description,PO_PREMIER,PP-OR-1487
8187,EEA31,EEA31,"STAPLER INTERNAL EEA DST SERIES OPEN 31MM 35CM SHAFT THICK TISSUE CURVED CIRCULAR BLUNT/SHARP TROCAR TIP RELOADABLE TILT-TOP ANVIL SQUEEZE HANDLE CONTOUR SHAFT W/4.8MM TI STAPLE GREEN SINGLE-USE 3/BX","COVIDIEN SALES LLC",Product_Description,PO_PREMIER,PP-OR-1487
8187,EEA31,EEA31,"STAPLER, DST SERIES 31 MM W/ 4.8 MM STAPLE",COVIDIEN,Facility_Product_Description,PO_PREMIER,PP-OR-1487
8188,EEA33,EEA33,"STAPLER INTERNAL EEA DST SERIES OPEN 33MM 35CM SHAFT THICK TISSUE CURVED CIRCULAR BLUNT/SHARP TROCAR TIP RELOADABLE TILT-TOP ANVIL SQUEEZE HANDLE CONTOUR SHAFT W/4.8MM TI STAPLE YELLOW SINGLE-USE 3/BX","COVIDIEN SALES LLC",Product_Description,PO_PREMIER,PP-OR-1487
8188,EEA33,EEA33,"STAPLER EEA33",COVIDIEN,Facility_Product_Description,PO_PREMIER,PP-OR-1487
8188,EEA33,EEA33,"STAPLER, DST SERIES 33 MM W/ 4.8 MM STAPLE",COVIDIEN,Facility_Product_Description,PO_PREMIER,PP-OR-1487
8189,EEAORVIL25A,EEAORVIL25A,"STAPLER INTERNAL EEA ORVIL DST SERIES OPEN 25MM TRANSORAL THICK TISSUE CIRCULAR RELOADABLE PRE-TILTED ANVIL CONTOURED SHAFT W/90CM LONG PVC NG TUBE WHITE PVC SINGLE-USE 3/BX","COVIDIEN SALES LLC",Product_Description,PO_PREMIER,PP-OR-1487
8189,EEAORVIL25A,EEAORVIL25A,"DEVICE, ORVIL EEA DTS SERIES 25MM",COVIDIEN,Facility_Product_Description,PO_PREMIER,PP-OR-1487
8190,EEAXL25,EEAXL25,"STAPLER INTERNAL EEA XL DST SERIES OPEN 25MM THICK TISSUE CIRCULAR RELOADABLE TILT-TOP ANVIL SQUEEZE HANDLE W/4.8MM TI STAPLE WHITE SINGLE-USE 3/BX","COVIDIEN SALES LLC",Product_Description,PO_PREMIER,PP-OR-1487
8190,EEAXL25,EEAXL25,"STAPLER, EEA XL 25MM W/ 4.8MM STAPLE",COVIDIEN,Facility_Product_Description,PO_PREMIER,PP-OR-1487
8191,EEAXL2535,EEAXL2535,"STAPLER INTERNAL EEA XL DST SERIES OPEN 25MM MEDIUM TISSUE CIRCULAR RELOADABLE TILT-TOP ANVIL SQUEEZE HANDLE W/3.5MM TI STAPLE WHITE SINGLE-USE 3/BX","COVIDIEN SALES LLC",Product_Description,PO_PREMIER,PP-OR-1487
8191,EEAXL2535,EEAXL2535,"STAPLER, EEA XL 25MM W/3.5MM STAPLES",COVIDIEN,Facility_Product_Description,PO_PREMIER,PP-OR-1487
8192,EEAXL28,EEAXL28,"STAPLER, EEA XL 28MM W/ 4.8MM STAPLE",COVIDIEN,Facility_Product_Description,PO_PREMIER,PP-OR-1487
8192,EEAXL28,EEAXL28,"STAPLER INTERNAL EEA XL DST SERIES OPEN 28MM THICK TISSUE CIRCULAR RELOADABLE TILT-TOP ANVIL SQUEEZE HANDLE W/4.8MM TI STAPLE BLUE SINGLE-USE 3/BX","COVIDIEN SALES LLC",Product_Description,PO_PREMIER,PP-OR-1487
8193,EEAXL31,EEAXL31,"STAPLER INTERNAL EEA XL DST SERIES OPEN 31MM THICK TISSUE CIRCULAR RELOADABLE TILT-TOP ANVIL SQUEEZE HANDLE W/4.8MM TI STAPLE GREEN SINGLE-USE 3/BX","COVIDIEN SALES LLC",Product_Description,PO_PREMIER,PP-OR-1487
8193,EEAXL31,EEAXL31,"STAPLER, EEA XL 31MM W/ 4.8MM STAPLE",COVIDIEN,Facility_Product_Description,PO_PREMIER,PP-OR-1487
8194,EEAXL33,EEAXL33,"STAPLER, EEA XL 33MM W/ 4.8MM STAPLE",COVIDIEN,Facility_Product_Description,PO_PREMIER,PP-OR-1487
8194,EEAXL33,EEAXL33,"STAPLER INTERNAL EEA XL DST SERIES OPEN 33MM THICK TISSUE CIRCULAR RELOADABLE TILT-TOP ANVIL SQUEEZE HANDLE W/4.8MM TI STAPLE YELLOW SINGLE-USE 3/BX","COVIDIEN SALES LLC",Product_Description,PO_PREMIER,PP-OR-1487
8197,EGIA45AMT,EGIA45AMT,"RELOAD STAPLE ENDO GIA 45MM 3MM/3.5MM/4MM MEDIUM THICK TISSUE ARTICULATING FIXED ANVIL PURPLE TITANIUM 6/BX","COVIDIEN SALES LLC",Product_Description,PO_PREMIER,PP-OR-1487
8197,EGIA45AMT,EGIA45AMT,"RELOAD, ENDO GIA MED THICK PURPLE 45MM",COVIDIEN,Facility_Product_Description,PO_PREMIER,PP-OR-1487
8197,EGIA45AMT,EGIA45AMT,"ENDO GIA RELOAD 45MM PURPLE","COVIDIEN LP",Facility_Product_Description,PO_PREMIER,PP-OR-1487
8197,EGIA45AMT,EGIA45AMT,"ENDO GIA RELOAD 45MM PURPLE","MEDTRONIC MINIM",Facility_Product_Description,PO_PREMIER,PP-OR-1487
8198,EGIA45AVM,EGIA45AVM,"RELOAD STAPLER ARTICULATING LATEX FREE ENDO GIA TR","MEDTRONIC INC",Facility_Product_Description,PO_PREMIER,PP-OR-1487
8198,EGIA45AVM,EGIA45AVM,"ENDO GIA RELOAD 45MM TAN",MEDTRONIC,Facility_Product_Description,PO_PREMIER,PP-OR-1487
8198,EGIA45AVM,EGIA45AVM,"ENDO GIA RELOAD 45MM TAN","COVIDIEN LP",Facility_Product_Description,PO_PREMIER,PP-OR-1487
8198,EGIA45AVM,EGIA45AVM,"RELOAD, ENDO GIA 45MM TRISTAPLE ARTICULATING MED T",COVIDIEN,Facility_Product_Description,PO_PREMIER,PP-OR-1487
8198,EGIA45AVM,EGIA45AVM,"RELOAD STAPLE ENDO GIA MEDIUM 45MM 2MM/2.5MM/3MM VASCULAR TISSUE ARTICULATING FIXED ANVIL TAN TITANIUM 6/BX","COVIDIEN SALES LLC",Product_Description,PO_PREMIER,PP-OR-1487
8199,EGIA60AMT,EGIA60AMT,"RELOAD STAPLE ENDO GIA 60MM 3MM/3.5MM/4MM MEDIUM THICK TISSUE ARTICULATING FIXED ANVIL PURPLE TITANIUM 6/BX","COVIDIEN SALES LLC",Product_Description,PO_PREMIER,PP-OR-1487
8199,EGIA60AMT,EGIA60AMT,"RELOAD, ENDO GIA ARTICULATE TRI-STAPLE 60MM MED/TH",COVIDIEN,Facility_Product_Description,PO_PREMIER,PP-OR-1487
8200,EGIA60AVM,EGIA60AVM,"RELOAD, ARTICULATING ENDO GIA TRISTAPLE MED TAN 60",COVIDIEN,Facility_Product_Description,PO_PREMIER,PP-OR-1487
8200,EGIA60AVM,EGIA60AVM,"RELOAD STAPLE ENDO GIA 60MM 2MM/2.5MM/3MM MEDIUM VASCULAR TISSUE ARTICULATING FIXED ANVIL TAN TITANIUM 6/BX","COVIDIEN SALES LLC",Product_Description,PO_PREMIER,PP-OR-1487
8200,EGIA60AVM,EGIA60AVM,"EGIA RELOAD 60MM TAN","COVIDIEN LP",Facility_Product_Description,PO_PREMIER,PP-OR-1487
8201,EGIAUSHORT,EGIAUSHORT,"STAPLER INTERNAL ENDO GIA ULTRA UNIVERSAL SHORT 6CM RELOADABLE ARTICULATING 25-FIRING W/5MM TI STAPLE 3/BX","COVIDIEN SALES LLC",Product_Description,PO_PREMIER,PP-OR-1487
8201,EGIAUSHORT,EGIAUSHORT,"HANDLE, GIA UNIVERSAL SHORT 12MM",COVIDIEN,Facility_Product_Description,PO_PREMIER,PP-OR-1487
8202,EGIAUSTND,EGIAUSTND,"HANDLE, ENDO GIA 12MM UNIVERSAL",COVIDIEN,Facility_Product_Description,PO_PREMIER,PP-OR-1487
8202,EGIAUSTND,EGIAUSTND,"STAPLER INTERNAL ENDO GIA ULTRA UNIVERSAL STANDARD 16CM THICK TISSUE RELOADABLE ARTICULATING 25-FIRING W/12MM TI STAPLE LATEX-FREE STERILE SINGLE-USE 3/BX","COVIDIEN SALES LLC",Product_Description,PO_PREMIER,PP-OR-1487
8202,EGIAUSTND,EGIAUSTND,"UNIVERSAL STANDARD ENDOGIA","COVIDIEN LP",Facility_Product_Description,PO_PREMIER,PP-OR-1487
8202,EGIAUSTND,EGIAUSTND,"STAPLER MEDICAL UNIVERSAL SHORT STERILE ENDO GIA 1","MEDTRONIC INC",Facility_Product_Description,PO_PREMIER,PP-OR-1487
8202,EGIAUSTND,EGIAUSTND,"ENDOCUTTER ECHELON 45MM","COVIDIEN LP",Facility_Product_Description,PO_PREMIER,PP-OR-1487
8202,EGIAUSTND,EGIAUSTND,"UNIVERSAL STANDARD ENDOGIA",MEDTRONIC,Facility_Product_Description,PO_PREMIER,PP-OR-1487
8203,EGIAUXL,EGIAUXL,"STAPLER INTERNAL ENDO GIA ULTRA UNIVERSAL XLONG 26CM RELOADABLE ARTICULATING 25-FIRING W/12MM TI STAPLE 3/BX","COVIDIEN SALES LLC",Product_Description,PO_PREMIER,PP-OR-1487
8203,EGIAUXL,EGIAUXL,"STAPLER, ENDOGIA ULTRA UNIV 12MM XL",COVIDIEN,Facility_Product_Description,PO_PREMIER,PP-OR-1487
8582,GIA10038L,GIA10038L,"RELOAD STAPLE GIA DST SERIES NON-ABSORBABLE 100MM 3MM X 3.85MM REGULAR TISSUE 2X4 STAGGERED ROW BLUE TITANIUM 6/BX CQ","COVIDIEN SALES LLC",Product_Description,PO_PREMIER,PP-OR-1487
8582,GIA10038L,GIA10038L,"RELOAD, DST SERIES GIA 100MM - 3.8MM LOADING UNIT",COVIDIEN,Facility_Product_Description,PO_PREMIER,PP-OR-1487
8583,GIA10038S,GIA10038S,"STAPLER, DST SERIES GIA 100MM - 3.8MM RELOADABLE",COVIDIEN,Facility_Product_Description,PO_PREMIER,PP-OR-1487
8583,GIA10038S,GIA10038S,"STAPLER INTERNAL GIA DST SERIES OPEN 100MM REGULAR TISSUE 2X4 STAGGERED ROW 7-RELOAD 8-FIRING W/3.85MM TI STAPLE BLUE SINGLE-USE 3/BX","COVIDIEN SALES LLC",Product_Description,PO_PREMIER,PP-OR-1487
8584,GIA10048L,GIA10048L,"RELOAD STAPLE GIA DST SERIES NON-ABSORBABLE 100MM 3MM X 4.85MM THICK TISSUE 2X4 STAGGERED ROW GREEN TITANIUM 6/BX CQ","COVIDIEN SALES LLC",Product_Description,PO_PREMIER,PP-OR-1487
8584,GIA10048L,GIA10048L,"RELOAD, DST SERIES GIA 100MM - 4.8MM LOADING UNIT",COVIDIEN,Facility_Product_Description,PO_PREMIER,PP-OR-1487
8585,GIA10048S,GIA10048S,"STAPLER, DST SERIES GIA 100MM - 4.8MM RELOADABLE",COVIDIEN,Facility_Product_Description,PO_PREMIER,PP-OR-1487
8585,GIA10048S,GIA10048S,"STAPLER INTERNAL GIA DST SERIES OPEN 100MM THICK TISSUE 2X4 STAGGERED ROW 7-RELOAD 8-FIRING W/4.85MM TI STAPLE GREEN SINGLE-USE 3/BX","COVIDIEN SALES LLC",Product_Description,PO_PREMIER,PP-OR-1487
8586,GIA6025L,GIA6025L,"RELOAD STAPLE GIA DST SERIES NON-ABSORBABLE 60MM 3MM X 2.5MM VASCULAR THIN TISSUE 2X4 STAGGERED ROW WHITE TITANIUM 6/BX CQ","COVIDIEN SALES LLC",Product_Description,PO_PREMIER,PP-OR-1487
8586,GIA6025L,GIA6025L,"RELOAD, DST SERIES GIA 60MM - 2.5MM LOADING UNIT",COVIDIEN,Facility_Product_Description,PO_PREMIER,PP-OR-1487
8587,GIA6038L,GIA6038L,"RELOAD STAPLE GIA DST SERIES NON-ABSORBABLE 60MM 3MM X 3.85MM REGULAR TISSUE 2X4 STAGGERED ROW BLUE TITANIUM 6/BX CQ","COVIDIEN SALES LLC",Product_Description,PO_PREMIER,PP-OR-1487
8587,GIA6038L,GIA6038L,"RELOAD, DST SERIES GIA 60MM - 3.8MM LOADING UNIT",COVIDIEN,Facility_Product_Description,PO_PREMIER,PP-OR-1487
8588,GIA6038S,GIA6038S,"STAPLER, DST SERIES GIA 60MM - 3.8MM RELOADABLE",COVIDIEN,Facility_Product_Description,PO_PREMIER,PP-OR-1487
8588,GIA6038S,GIA6038S,"STAPLER INTERNAL GIA DST SERIES OPEN 60MM REGULAR TISSUE 2X4 STAGGERED ROW 7-RELOAD 8-FIRING W/3.85MM TI STAPLE BLUE SINGLE-USE 3/BX","COVIDIEN SALES LLC",Product_Description,PO_PREMIER,PP-OR-1487
8589,GIA6048S,GIA6048S,"STAPLER INTERNAL GIA DST SERIES OPEN 60MM THICK TISSUE 2X4 STAGGERED ROW 7-RELOAD 8-FIRING W/4.85MM TI STAPLE GREEN SINGLE-USE 1BX/3EA","COVIDIEN SALES LLC",Product_Description,PO_PREMIER,PP-OR-1487
8589,GIA6048S,GIA6048S,"GIA STAPLER - 60MM GREEN",NULL,Facility_Product_Description,PO_PREMIER,PP-OR-1487
8590,GIA60XTC,GIA60XTC,"RELOAD STAPLE GIA 60MM 4MM/4.5MM/5MM EXTRA THICK TISSUE BLACK 1BX/6EA CQ","COVIDIEN SALES LLC",Product_Description,PO_PREMIER,PP-OR-1487
8590,GIA60XTC,GIA60XTC,"RELOAD, DST GIA 60MM TRI-STAPLE BLACK THICK 4.0, 4",COVIDIEN,Facility_Product_Description,PO_PREMIER,PP-OR-1487
8591,GIA60XTS,GIA60XTS,"STAPLER, DST GIA 60MM TRI-STAPLE BLACK THICK 4.0",COVIDIEN,Facility_Product_Description,PO_PREMIER,PP-OR-1487
8591,GIA60XTS,GIA60XTS,"STAPLER INTERNAL GIA OPEN LINEAR 60MM EXTRA THICK TISSUE 8-FIRING W/4/4.5/5MM STAPLE BLACK 1BX/3EA","COVIDIEN SALES LLC",Product_Description,PO_PREMIER,PP-OR-1487
8592,GIA8038L,GIA8038L,"RELOAD STAPLE GIA DST SERIES NON-ABSORBABLE 80MM 3MM X 3.85MM REGULAR TISSUE 2X2 STAGGERED ROW BLUE TITANIUM 6/BX CQ","COVIDIEN SALES LLC",Product_Description,PO_PREMIER,PP-OR-1487
8592,GIA8038L,GIA8038L,"RELOAD, GIA 80MM - 3.8MM",COVIDIEN,Facility_Product_Description,PO_PREMIER,PP-OR-1487
8592,GIA8038L,GIA8038L,"GIA RELOAD 80MM BLUE","MEDTRONIC MINIM",Facility_Product_Description,PO_PREMIER,PP-OR-1487
8592,GIA8038L,GIA8038L,"RELOAD STAPLE 80-3.8","COVIDIEN LP",Facility_Product_Description,PO_PREMIER,PP-OR-1487
8593,GIA8038S,GIA8038S,"GIA STAPLER 80MM BLUE","COVIDIEN LP",Facility_Product_Description,PO_PREMIER,PP-OR-1487
8593,GIA8038S,GIA8038S,"GIA STAPLER 80MM BLUE","MEDTRONIC MINIM",Facility_Product_Description,PO_PREMIER,PP-OR-1487
8593,GIA8038S,GIA8038S,"STAPLER, GIA 80MM - 3.8MM",COVIDIEN,Facility_Product_Description,PO_PREMIER,PP-OR-1487
8593,GIA8038S,GIA8038S,"STAPLER INTERNAL GIA DST SERIES 80MM REGULAR TISSUE 2X2 STAGGERED ROW 7-RELOAD 8-FIRING W/3.85MM TI STAPLE BLUE SINGLE-USE 3/BX","COVIDIEN SALES LLC",Product_Description,PO_PREMIER,PP-OR-1487
8594,GIA8048L,GIA8048L,"RELOAD STAPLE GIA DST SERIES NON-ABSORBABLE 80MM 3MM X 4.85MM THICK TISSUE 2X2 STAGGERED ROW GREEN TITANIUM 6/BX CQ","COVIDIEN SALES LLC",Product_Description,PO_PREMIER,PP-OR-1487
8594,GIA8048L,GIA8048L,"RELOAD, DST SERIES GIA 80MM - 4.8MM LOADING UNIT",COVIDIEN,Facility_Product_Description,PO_PREMIER,PP-OR-1487
8595,GIA80MTC,GIA80MTC,"RELOAD STAPLE GIA 80MM 3MM/3.5MM/4MM MEDIUM THICK TISSUE PURPLE CQ","COVIDIEN SALES LLC",Product_Description,PO_PREMIER,PP-OR-1487
8595,GIA80MTC,GIA80MTC,"RELOAD, DST GIA 80MM TRI-STAPLE PURPLE MED 3.0, 3.",COVIDIEN,Facility_Product_Description,PO_PREMIER,PP-OR-1487
8596,GIA80MTS,GIA80MTS,"STAPLER, DST GIA 80MM TRI-STAPLE PURPLE MED 3.0, 3",COVIDIEN,Facility_Product_Description,PO_PREMIER,PP-OR-1487
8596,GIA80MTS,GIA80MTS,"STAPLER INTERNAL GIA OPEN LINEAR 80MM MEDIUM THICK TISSUE 8-FIRING W/3/3.5/4MM STAPLE PURPLE 1BX/3EA","COVIDIEN SALES LLC",Product_Description,PO_PREMIER,PP-OR-1487
8885,HL-15,HL15,"DRY PRO, HALF LEG","DRY CORP",Facility_Product_Description,PO_PREMIER,PP-NS-1680
8885,HL-15,HL15,"PROTECTOR CAST/SPLINT LARGE 23.5IN 13IN> RUBBER HALF LEG 100% AIRTIGHT SUBMERSIBLE PROPRIETARY VALVE BULB SUCTION VACUUM SEAL WATERPROOF LATEX REUSABLE EA","DRY CORP LLC",Product_Description,PO_PREMIER,PP-NS-1680
8885,HL-15,HL15,"PROTECTOR CAST HALF LEG DRY PRO LG 23.5","DRY CORP LLC",Facility_Product_Description,PO_PREMIER,PP-NS-1680
8898,HQ3B,HQ3B,"SHOE POST-OP HEELWEDGE CAST ROCKER LARGE SIZE 8.5-10/9.5-11 M/F FOOT SQUARED TOE OPEN TOE CLOSED HEEL HOOK-LOOP CLOSURE STRAP BLACK CANVAS EVA SOLE 36/CA","DARCO INTERNATIONAL",Product_Description,PO_PREMIER,PP-NS-1680
8898,HQ3B,HQ3B,"HEEL WEDGE OFF LOADING SHOE LG",NULL,Facility_Product_Description,PO_PREMIER,PP-NS-1680
8900,HQ4B,HQ4B,"SHOE POST-OP HEELWEDGE CAST ROCKER XLARGE SIZE 10.5-12.5/11.5-13 M/F FOOT SQUARED TOE OPEN TOE CLOSED HEEL HOOK-LOOP CLOSURE STRAP BLACK CANVAS EVA SOLE 36/CA","DARCO INTERNATIONAL",Product_Description,PO_PREMIER,PP-NS-1680
8900,HQ4B,HQ4B,"HEEL WEDGE OFF LOADING SHOE XL",NULL,Facility_Product_Description,PO_PREMIER,PP-NS-1680
9090,LPA1200M/46,LPA1200M46,"LEAD, TENDRIL MRI 46CM","ST. JUDE MEDICAL/PACESETTER",Facility_Product_Description,PO_PREMIER,PP-CA-449
9090,LPA1200M/46,LPA1200M46,"LEAD PACING TENDRIL MRI BIPOLAR 8FR 46CM EXT/RET HELIX FIXATION IS-1 CONNECTOR OPTIM","ABBOTT LABORATORIES INC.",Product_Description,PO_PREMIER,PP-CA-449
9091,LPA1200M/52,LPA1200M52,"LEAD, TENDRIL MRI 52CM","ST. JUDE MEDICAL/PACESETTER",Facility_Product_Description,PO_PREMIER,PP-CA-449
9091,LPA1200M/52,LPA1200M52,"LEAD PACING TENDRIL MRI BIPOLAR 8FR 52CM EXT/RET HELIX FIXATION IS-1 CONNECTOR OPTIM","ABBOTT LABORATORIES INC.",Product_Description,PO_PREMIER,PP-CA-449
9092,LSCD111,LSCD111,"LEADLESS VR DEL CATH","ABBOTT LABORATORIES INC.",Product_Description,PO_PREMIER,PP-CA-449
9092,LSCD111,LSCD111,"CATH, AVEIR DELIVERY LEADLESS VR","ST. JUDE MEDICAL/PACESETTER",Facility_Product_Description,PO_PREMIER,PP-CA-449
9093,LSCR111,LSCR111,"CATH, AVEIR RETRACTOR LEADLESS VR TRI LOOP","ST. JUDE MEDICAL/PACESETTER",Facility_Product_Description,PO_PREMIER,PP-CA-449
9093,LSCR111,LSCR111,"LEADLESS VR RET CATH TRI LOOP","ABBOTT LABORATORIES INC.",Product_Description,PO_PREMIER,PP-CA-449
9094,LSN25301,LSN25301,"LEADLESS INTRODUCER KIT 25F ID 30CM","ABBOTT LABORATORIES INC.",Product_Description,PO_PREMIER,PP-CA-449
9094,LSN25301,LSN25301,"KIT, AVEIR INTRODUCER LEADLESS 25FR ID 30CM","ST. JUDE MEDICAL/PACESETTER",Facility_Product_Description,PO_PREMIER,PP-CA-449
9095,LSN25501,LSN25501,"KIT, AVEIR INTRODUCER LEADLESS 25FR ID 50CM","ST. JUDE MEDICAL/PACESETTER",Facility_Product_Description,PO_PREMIER,PP-CA-449
9095,LSN25501,LSN25501,"INTRODUCER CATHETER 50CML LSN25501","ABBOTT LABORATORIES INC.",Product_Description,PO_PREMIER,PP-CA-449
9096,LSP112V,LSP112V,"LEADLESS VR PM 19.5F 38.5MM RV","ABBOTT LABORATORIES INC.",Product_Description,PO_PREMIER,PP-CA-449
9096,LSP112V,LSP112V,"GENERATOR, AVEIR LEADLESS PACEMAKER VR PM 19.5FR 3","ST. JUDE MEDICAL/PACESETTER",Facility_Product_Description,PO_PREMIER,PP-CA-449
9368,M6275009/10.S,M627500910S,"DRAPE NEG PRESR ADH CLASSIC VAC","DRAPE NEG PRESR ADH CLASSIC VAC",Facility_Product_Description,PO_PREMIER,PP-NS-1610
9368,M6275009/10.S,M627500910S,"DRAPE NEG PRESR ADH CLASSIC VAC","3M HEALTHCARE",Facility_Product_Description,PO_PREMIER,PP-NS-1610
9368,M6275009/10.S,M627500910S,"DRAPE, CLASSIC VAC DRESSING","KINETIC CONCEPTS, INC.",Facility_Product_Description,PO_PREMIER,PP-NS-1610
9368,M6275009/10.S,M627500910S,"DRAPE NEGATIVE PRESSURE V.A.C. 26IN X 30.5IN OCCLUSIVE ACRYLIC ADHESIVE WHITE F/MULTIPLE DRESSING TO V.A.C. UNIT 10/CA","KCI USA, INC. DBA 3M MEDICAL SOLUTIONS",Product_Description,PO_PREMIER,PP-NS-1610
9369,M6275033/10.S,M627503310S,"DRESSING NEGATIVE PRESSURE V.A.C. WHITEFOAM NON-ADHERENT SMALL 7.5CM X 10CM 1CM THK PRE-MOISTENED HYDROPHILIC WHITE FOAM POLYVINYL ALCOHOL STERILE WATER STERILE DISPOSABLE 10/CA","KCI USA, INC. DBA 3M MEDICAL SOLUTIONS",Product_Description,PO_PREMIER,PP-NS-1610
9369,M6275033/10.S,M627503310S,"DRESSING FOAM VAC WHITEFOAM SM 7.5X10CM","3M HEALTHCARE",Facility_Product_Description,PO_PREMIER,PP-NS-1610
9370,M6275034/10.S,M627503410S,"DRESSING FOAM VAC WHITEFOAM LG 10X15X1CM","3M HEALTHCARE",Facility_Product_Description,PO_PREMIER,PP-NS-1610
9370,M6275034/10.S,M627503410S,"DRESSING NEGATIVE PRESSURE V.A.C. WHITEFOAM NON-ADHERENT LARGE 10CM X 15CM 1CM THK PRE-MOISTENED HYDROPHILIC WHITE FOAM POLYVINYL ALCOHOL STERILE WATER STERILE DISPOSABLE 10/CA","KCI USA, INC. DBA 3M MEDICAL SOLUTIONS",Product_Description,PO_PREMIER,PP-NS-1610
9370,M6275034/10.S,M627503410S,"DRESSING, VAC WHITE FOAM LARGE 10 X 15CM","KINETIC CONCEPTS, INC.",Facility_Product_Description,PO_PREMIER,PP-NS-1610
9371,M6275066/10.S,M627506610S,"CONNECTOR, Y FOR ATS VAC","KINETIC CONCEPTS, INC.",Facility_Product_Description,PO_PREMIER,PP-NS-1610
9371,M6275066/10.S,M627506610S,"CONNECTOR NEGATIVE PRESSURE V.A.C. T.R.A.C. 4IN Y-SHAPED DISPOSABLE F/MULTIPLE DRESSING TO V.A.C. UNIT 10/CA","KCI USA, INC. DBA 3M MEDICAL SOLUTIONS",Product_Description,PO_PREMIER,PP-NS-1610
9371,M6275066/10.S,M627506610S,"CONNECTOR NEG PRESR Y ATS VAC ULTA 10BX","3M HEALTHCARE",Facility_Product_Description,PO_PREMIER,PP-NS-1610
9372,M8275026/5.S,M82750265S,"DRESSING FOAM OPEN ABD SENSATRAC ABTHERA","3M HEALTHCARE",Facility_Product_Description,PO_PREMIER,PP-NS-1610
9372,M8275026/5.S,M82750265S,"DRESSING NEGATIVE PRESSURE ABTHERA GRANUFOAM SENSA T.R.A.C OPEN ABDOMINAL HYDROPHOBIC POLYURETHANE FOAM W/1-VISCERAL PROTECTIVE LAYER STANDARD DRAPE TUBING SET 5/CA","KCI USA, INC. DBA 3M MEDICAL SOLUTIONS",Product_Description,PO_PREMIER,PP-NS-1610
9372,M8275026/5.S,M82750265S,"DRESSING, ABTHERA SENSATRAC OPEN ABDOMEN","KINETIC CONCEPTS, INC.",Facility_Product_Description,PO_PREMIER,PP-NS-1610
9373,M8275045/5.S,M82750455S,"KIT DRESSING NEGATIVE PRESSURE V.A.C. GRANUFOAM SIMPLACE EX MEDIUM 17.4CM X 14.7CM 1.75CM THK SPIRAL-CUT HYDROPHOBIC POLYURETHANE FOAM W/1-DRAPE/SENSAT.R.A.C. PAD TUBING CONNECTOR 2-DRAPE STRIP DISPOS","KCI USA, INC. DBA 3M MEDICAL SOLUTIONS",Product_Description,PO_PREMIER,PP-NS-1610
9373,M8275045/5.S,M82750455S,"DRESSING FOAM VAC SIMPLACE MD","DRESSING FOAM VAC SIMPLACE MD",Facility_Product_Description,PO_PREMIER,PP-NS-1610
9373,M8275045/5.S,M82750455S,"DRESSING FOAM VAC SIMPLACE MD","3M HEALTHCARE",Facility_Product_Description,PO_PREMIER,PP-NS-1610
9374,M8275051/10.S,M827505110S,"DRESSING FOAM KT VAC GRANUFOAM SM 10BX","3M HEALTHCARE",Facility_Product_Description,PO_PREMIER,PP-NS-1610
9374,M8275051/10.S,M827505110S,"KIT DRESSING NEGATIVE PRESSURE V.A.C. GRANUFOAM SMALL 7.5CM X 10CM 3.3CM THK HYDROPHOBIC BLACK POLYURETHANE FOAM W/1-DRAPE/SENSAT.R.A.C. PAD CONNECTOR STERILE DISPOSABLE 10/CA","KCI USA, INC. DBA 3M MEDICAL SOLUTIONS",Product_Description,PO_PREMIER,PP-NS-1610
9374,M8275051/10.S,M827505110S,"DRESSING, VAC GRANUFOAM SMALL","KINETIC CONCEPTS, INC.",Facility_Product_Description,PO_PREMIER,PP-NS-1610
9375,M8275053/10.S,M827505310S,"KIT DRESSING NEGATIVE PRESSURE V.A.C. GRANUFOAM LARGE 15CM X 26CM 3.3CM THK HYDROPHOBIC BLACK POLYURETHANE FOAM W/2-DRAPE 1-SENSAT.R.A.C. PAD CONNECTOR STERILE DISPOSABLE 10/CA","KCI USA, INC. DBA 3M MEDICAL SOLUTIONS",Product_Description,PO_PREMIER,PP-NS-1610
9375,M8275053/10.S,M827505310S,"DRESSING FOAM KT VAC GRANUFOAM LG 10BX","3M HEALTHCARE",Facility_Product_Description,PO_PREMIER,PP-NS-1610
9375,M8275053/10.S,M827505310S,"DRESSING, VAC GRANUFOAM LARGE","KINETIC CONCEPTS, INC.",Facility_Product_Description,PO_PREMIER,PP-NS-1610
9376,M8275057/10.S,M827505710S,"PAD, SENSA TRAC PAD ONLY","KINETIC CONCEPTS, INC.",Facility_Product_Description,PO_PREMIER,PP-NS-1610
9376,M8275057/10.S,M827505710S,"PAD NPWT KT DRSG TUB CLAMP SENSAT.R.A.C","3M HEALTHCARE",Facility_Product_Description,PO_PREMIER,PP-NS-1610
9376,M8275057/10.S,M827505710S,"PAD NEGATIVE PRESSURE V.A.C. SENSAT.R.A.C. UROMATIC PLASTIC POUR BOTTLE WHITE W/COLLECTOR TUBING CLAMP CONNECTOR VIAFLEX ENHANCED CLOSURE DISPOSABLE 10/CA","KCI USA, INC. DBA 3M MEDICAL SOLUTIONS",Product_Description,PO_PREMIER,PP-NS-1610
9377,M8275063/10.S,M827506310S,"CANISTER NEGATIVE PRESSURE INFOV.A.C. 500ML CAPACITY LATEX-FREE W/TUBING CLAMP CONNECTOR GEL STERILE DISPOSABLE 10/CA","KCI USA, INC. DBA 3M MEDICAL SOLUTIONS",Product_Description,PO_PREMIER,PP-NS-1610
9377,M8275063/10.S,M827506310S,"CANISTER NEG PRESR W/GEL INFOVAC 500ML","3M HEALTHCARE",Facility_Product_Description,PO_PREMIER,PP-NS-1610
9377,M8275063/10.S,M827506310S,"CANISTER, INFO VAC WITH GEL 500ML","KINETIC CONCEPTS, INC.",Facility_Product_Description,PO_PREMIER,PP-NS-1610
9378,M8275065/5.S,M82750655S,"DRESSING, VAC GRANUFOAM X LARGE","KINETIC CONCEPTS, INC.",Facility_Product_Description,PO_PREMIER,PP-NS-1610
9378,M8275065/5.S,M82750655S,"DRESSING FOAM KT PU VAC GRANUFOAM XL","3M HEALTHCARE",Facility_Product_Description,PO_PREMIER,PP-NS-1610
9378,M8275065/5.S,M82750655S,"KIT DRESSING NEGATIVE PRESSURE V.A.C. GRANUFOAM XLARGE 60CM X 30CM 1.5CM THK HYDROPHOBIC BLACK POLYURETHANE FOAM LATEX-FREE W/5-DRAPE 1-SENSAT.R.A.C. PAD CONNECTOR STERILE DISPOSABLE 5/CA","KCI USA, INC. DBA 3M MEDICAL SOLUTIONS",Product_Description,PO_PREMIER,PP-NS-1610
9379,M8275096/10.S,M827509610S,"KIT DRESSING NEGATIVE PRESSURE V.A.C. GRANUFOAM SILVER MEDIUM 12.5CM X 18CM 3.3CM THK ANTIMICROBIAL BLACK POLYURETHANE FOAM IONIC SILVER LATEX-FREE W/2-DRAPE/SENSAT.R.A.C. PAD CONNECTOR STERILE DISPOS","KCI USA, INC. DBA 3M MEDICAL SOLUTIONS",Product_Description,PO_PREMIER,PP-NS-1610
9379,M8275096/10.S,M827509610S,"DRESSING FOAM KT VAC SLVR MD 12.5X18X3.2","3M HEALTHCARE",Facility_Product_Description,PO_PREMIER,PP-NS-1610
9379,M8275096/10.S,M827509610S,"DRESSING, VAC GRANUFOAM SILVER MEDIUM 18 X 12.5 X","KINETIC CONCEPTS, INC.",Facility_Product_Description,PO_PREMIER,PP-NS-1610
9380,M8275099/10.S,M827509910S,"DRESSING, VAC GRANUFOAM SILVER LARGE 26 X 15 X 3.3","KINETIC CONCEPTS, INC.",Facility_Product_Description,PO_PREMIER,PP-NS-1610
9380,M8275099/10.S,M827509910S,"DRESSING FOAM KT VAC SLVR LG 15X26X3.2","3M HEALTHCARE",Facility_Product_Description,PO_PREMIER,PP-NS-1610
9380,M8275099/10.S,M827509910S,"KIT DRESSING NEGATIVE PRESSURE V.A.C. GRANUFOAM SILVER LARGE 15CM X 26CM 3.3CM THK ANTIMICROBIAL BLACK POLYURETHANE FOAM IONIC SILVER LATEX-FREE W/2-DRAPE/SENSAT.R.A.C. PAD CONNECTOR STERILE DISPOSABL","KCI USA, INC. DBA 3M MEDICAL SOLUTIONS",Product_Description,PO_PREMIER,PP-NS-1610
9453,MDS090670,MDS090670,"PAD PREP 70% ISOPR ALC LRG 1 1/3X3.25IN","MEDLINE INDUSTRIES INC",Facility_Product_Description,PO_PREMIER,PP-NS-1680
9453,MDS090670,MDS090670,"PAD PREP LARGE 1 3/4IN X 3IN BODY 2-PLY 70% ISOPROPYL ALCOHOL VISCOSE POLYESTER ABSORBENT NON-WOVEN SOFT LATEX-FREE STERILE 1000/BX","MEDLINE INDUSTRIES, LP",Product_Description,PO_PREMIER,PP-NS-1680
9453,MDS090670,MDS090670,"ALCOHOL PREP, LARGE STRL 2 PLY","MEDLINE INDUSTRIES INC",Facility_Product_Description,PO_PREMIER,PP-NS-1680
9453,MDS090670,MDS090670,"PREP ALCOHOL",MEDLINE,Facility_Product_Description,PO_PREMIER,PP-NS-1680
9454,MDS090735,MDS090735,"PREP ALCOHOL",MEDLINE,Facility_Product_Description,PO_PREMIER,PP-NS-1680
9454,MDS090735,MDS090735,"ALCOHOL PREP, MEDIUM STRL 2 PLY","MEDLINE INDUSTRIES INC",Facility_Product_Description,PO_PREMIER,PP-NS-1680
9454,MDS090735,MDS090735,"PAD PREP MEDIUM 70% ISOPROPYL ALCOHOL 2-PLY NON-WOVEN LATEX-FREE STERILE 200/BX","MEDLINE INDUSTRIES, LP",Product_Description,PO_PREMIER,PP-NS-1680
9454,MDS090735,MDS090735,"PAD PREP 70% ISOPR ALC 2 PLY MED","MEDLINE INDUSTRIES INC",Facility_Product_Description,PO_PREMIER,PP-NS-1680
9456,MDS202000,MDS202000,"APPLICATORS STERILE COTTON",NULL,Facility_Product_Description,PO_PREMIER,PP-NS-1680
9456,MDS202000,MDS202000,"APPLICATOR COTTON TIP STERILE",MEDLINE,Facility_Product_Description,PO_PREMIER,PP-NS-1680
9456,MDS202000,MDS202000,"APPLICATOR, COTTON 6IN STRL","MEDLINE INDUSTRIES INC",Facility_Product_Description,PO_PREMIER,PP-NS-1680
9456,MDS202000,MDS202000,"APPLICATOR SWABSTICK LARGE 6IN ALL-PURPOSE HIGH ABSORBENT COTTON TIP WOOD LATEX-FREE STERILE 2/PK","MEDLINE INDUSTRIES, LP",Product_Description,PO_PREMIER,PP-NS-1680
9456,MDS202000,MDS202000,"APPLICATOR CTN TIP WOOD STER 6IN","MEDLINE INDUSTRIES INC",Facility_Product_Description,PO_PREMIER,PP-NS-1680
9457,MDS601M2R,MDS601M2R,"GARMET CMPRSN CALF HEMO-FORCE II MD","MEDLINE INDUSTRIES INC",Facility_Product_Description,PO_PREMIER,PP-SV-257
9457,MDS601M2R,MDS601M2R,"SLEEVE COMPRESSION DEVICE REPROCESSED GARMENT MEDIUM 12-18IN CALF NYLON FOAM TRICOT FOOT SINGLE-BLADDER TUBING EXIT POINT BLUE GRAY F/INTERMITTENT DVT HEMO-FORCE II LATEX-FREE","MEDLINE INDUSTRIES, LP",Product_Description,PO_PREMIER,PP-SV-257
9458,MDT219683,MDT219683,"PILLOW PATIENT MEDSOFT 20IN X 26IN WHITE VINYL TICKING FLUID-RESISTANT LATEX-FREE REUSABLE 12/BG VACUUM PACK","MEDLINE INDUSTRIES, LP",Product_Description,PO_PREMIER,PP-NS-1680
9458,MDT219683,MDT219683,PILLOW,MEDLINE,Facility_Product_Description,PO_PREMIER,PP-NS-1680
9459,MDTDBLTREADXL,MDTDBLTREADXL,"SOCK XXL DBL BLUE",MEDLINE,Facility_Product_Description,PO_PREMIER,PP-NS-1680
9459,MDTDBLTREADXL,MDTDBLTREADXL,"SLIPPER, ADULT X-LARGE DOUBLE TREAD GREY-DSD","MEDLINE INDUSTRIES INC",Facility_Product_Description,PO_PREMIER,PP-NS-1680
9459,MDTDBLTREADXL,MDTDBLTREADXL,"SLIPPERS SOCKS PATIENT SAFETY ADULT MALE FEMALE BARIATRIC SIZE 10-13 XLARGE BEIGE 2-SIDE TREAD NON-SKID TERRYCLOTH LATEX-FREE 48PR/CA","MEDLINE INDUSTRIES, LP",Product_Description,PO_PREMIER,PP-NS-1680
9460,MDTPC4M34,MDTPC4M34,"PILLOWCASE BED T-130 34IN X 42IN 3OZ SQYD WHITE WOVEN BLEACHED LATEX-FREE 55% COTTON 45% POLYESTER MUSLIN REUSABLE 6DZ/CA","MEDLINE INDUSTRIES, LP",Product_Description,PO_PREMIER,PP-NS-1680
9460,MDTPC4M34,MDTPC4M34,PILLOWCASES,MEDLINE,Facility_Product_Description,PO_PREMIER,PP-NS-1680
9503,MJ-200L,MJ200L,"COLLAR, MIAMI J STOUT","OSSUR AMERICAS",Facility_Product_Description,PO_PREMIER,PP-NS-1680
9503,MJ-200L,MJ200L,"COLLAR CERVICAL MIAMI J STOUT 1.75IN 14-20IN FRONT/BACK PANEL PADDING ANGULATION BUTTON ANTIBACTERIAL SORBATEX LATEX-FREE MRI-SAFE RADIOLUCENT","OSSUR AMERICAS INC",Product_Description,PO_PREMIER,PP-NS-1680
9503,MJ-200L,MJ200L,"COLLAR CERV FOAM LF DISP MIAMI J","OSSUR AMERICAS",Facility_Product_Description,PO_PREMIER,PP-NS-1680
9504,MJ-200S,MJ200S,"COLLAR CERV MIAMI J BLU 8-16X1.75IN","OSSUR AMERICAS",Facility_Product_Description,PO_PREMIER,PP-NS-1680
9504,MJ-200S,MJ200S,"COLLAR CERVICAL MIAMI J SUPER SHORT 1.75IN 14-20IN FRONT/BACK PANEL PADDING ANGULATION BUTTON ANTIBACTERIAL SORBATEX LATEX-FREE MRI-SAFE RADIOLUCENT","OSSUR AMERICAS INC",Product_Description,PO_PREMIER,PP-NS-1680
9504,MJ-200S,MJ200S,"COLLAR, MIAMI J SUPER SHORT","OSSUR AMERICAS",Facility_Product_Description,PO_PREMIER,PP-NS-1680
9505,MJ-300,MJ300,"COLLAR, MIAMI J SMALL","OSSUR AMERICAS",Facility_Product_Description,PO_PREMIER,PP-NS-1680
9505,MJ-300,MJ300,"COLLAR CERVICAL MIAMI J SHORT FRONT/BACK PANEL PADDING ANGULATION BUTTON ANTIBACTERIAL SORBATEX LATEX-FREE MRI-SAFE RADIOLUCENT","OSSUR AMERICAS INC",Product_Description,PO_PREMIER,PP-NS-1680
9505,MJ-300,MJ300,"COLLAR CERV SHT LF MIAMI J WHT SM","OSSUR AMERICAS",Facility_Product_Description,PO_PREMIER,PP-NS-1680
9506,MJ-400,MJ400,"COLLAR CERV REG MIAMI J MD 12-22X2.5IN","OSSUR AMERICAS",Facility_Product_Description,PO_PREMIER,PP-NS-1680
9506,MJ-400,MJ400,"COLLAR CERVICAL MIAMI J REGULAR FRONT/BACK PANEL PADDING ANGULATION BUTTON ANTIBACTERIAL SORBATEX LATEX-FREE MRI-SAFE RADIOLUCENT","OSSUR AMERICAS INC",Product_Description,PO_PREMIER,PP-NS-1680
9506,MJ-400,MJ400,"COLLAR, MIAMI J MEDIUM","OSSUR AMERICAS",Facility_Product_Description,PO_PREMIER,PP-NS-1680
9507,MJ-500,MJ500,"COLLAR, MIAMI J LARGE","OSSUR AMERICAS",Facility_Product_Description,PO_PREMIER,PP-NS-1680
9507,MJ-500,MJ500,"COLLAR CERVICAL MIAMI J TALL FRONT/BACK PANEL PADDING ANGULATION BUTTON ANTIBACTERIAL SORBATEX LATEX-FREE MRI-SAFE RADIOLUCENT","OSSUR AMERICAS INC",Product_Description,PO_PREMIER,PP-NS-1680
9507,MJ-500,MJ500,"COLLAR CERV TALL MIAMI J LG 12-24X3IN","OSSUR AMERICAS",Facility_Product_Description,PO_PREMIER,PP-NS-1680
9508,MJ-P1,MJP1,"COLLAR CERVICAL MIAMI JR 6-24MONTH PEDIATRIC PADDING ANTIBACTERIAL SORBATEX II MRI-SAFE RADIOLUCENT","OSSUR AMERICAS INC",Product_Description,PO_PREMIER,PP-NS-1680
9508,MJ-P1,MJP1,"COLLAR CERVICAL ANTIBACTERIAL PAD MIAMI J SORBATEX","OSSUR AMERICAS",Facility_Product_Description,PO_PREMIER,PP-NS-1680
9509,MJ-P2,MJP2,"COLLAR CERVICAL LATEX FREE MIAMI JR PEDIATRIC 2-6Y","OSSUR AMERICAS",Facility_Product_Description,PO_PREMIER,PP-NS-1680
9509,MJ-P2,MJP2,"COLLAR, MIAMI JUNIOR PED 2-6 YEARS","OSSUR AMERICAS",Facility_Product_Description,PO_PREMIER,PP-NS-1680
9509,MJ-P2,MJP2,"COLLAR CERVICAL MIAMI JR 2-6YR PEDIATRIC PADDING ANTIBACTERIAL COLOR-CODED SORBATEX LATEX-FREE MRI-SAFE RADIOLUCENT","OSSUR AMERICAS INC",Product_Description,PO_PREMIER,PP-NS-1680
9510,MJR-250,MJR250,"SET COLLAR CERVICAL MIAMI J XSMALL FEMALE FRONT/BACK PANEL OPEN TRACHEA CHIN REST PADDING ADJUSTMENT BUTTON ANTIBACTERIAL W/REPLACEMENT PAD FOAM POLYETHYLENE SORBATEX LATEX-FREE MRI-SAFE RADIOLUCENT","OSSUR AMERICAS INC",Product_Description,PO_PREMIER,PP-NS-1680
9510,MJR-250,MJR250,"COLLAR, MIAMI J EXTRA SMALL","OSSUR AMERICAS",Facility_Product_Description,PO_PREMIER,PP-NS-1680
9510,MJR-250,MJR250,"COLLAR CERVICAL FRONT BACK PANEL MRI CT XRAY SAFE","OSSUR AMERICAS",Facility_Product_Description,PO_PREMIER,PP-NS-1680
9542,"MOL 1442",MOL1442,"TUBIGRIP, SIZE L, NATURAL COLOR","PERFORMANCE HEALTH SUPPLY, INC.",Facility_Product_Description,PO_PREMIER,PP-NS-1680
9542,"MOL 1442",MOL1442,"BANDAGE TUBULAR TUBIGRIP STOCKINETTE CUT-TO-FIT SIZE L 10M 2XLARGE TRUNK 2-LAYER ELASTIC MULTIPURPOSE NATURAL REUSABLE 5-30MMHG WASHABLE","NATIONAL DISTRIBUTION & CONTRACTING INC",Product_Description,PO_PREMIER,PP-NS-1680
9588,MSC092503,MSC092503,"REMEDY CLOTHS WITH DIMETHICONE",NULL,Facility_Product_Description,PO_PREMIER,PP-NS-1596
9588,MSC092503,MSC092503,"WASHCLOTH PERSONAL REMEDY BARRIER CLEANSER MOISTURIZER PROTECTANT 1-STEP PERINEAL SCENTED SOFT PACK 3.6% DIMETHICONE PHYTOPLEX NEEDLEPUNCH CLOTH CHG-COMPATIBLE HYPOALLERGENIC PREMOISTENED ALCOHOL-FREE","MEDLINE INDUSTRIES, LP",Product_Description,PO_PREMIER,PP-NS-1596
9589,MSC092508,MSC092508,"WIPE, REMEDY PHYTOPLEX INCONTINENCE CARE","MEDLINE INDUSTRIES INC",Facility_Product_Description,PO_PREMIER,PP-NS-1596
9589,MSC092508,MSC092508,"WASHCLOTH PERSONAL REMEDY BARRIER CLEANSER MOISTURIZER PROTECTANT 1-STEP 8IN X 8IN PERINEAL SCENTED SOFT PACK 3.6% DIMETHICONE PHYTOPLEX NEEDLEPUNCH CLOTH CHG-COMPATIBLE HYPOALLERGENIC PREMOISTENED AL","MEDLINE INDUSTRIES, LP",Product_Description,PO_PREMIER,PP-NS-1596
9589,MSC092508,MSC092508,"WIPE CLEANING REMEDY PHYTOPLEX PROTECT","MEDLINE INDUSTRIES INC",Facility_Product_Description,PO_PREMIER,PP-NS-1596
9589,MSC092508,MSC092508,"REMEDY CLOTHS WITH DIMETHICONE",NULL,Facility_Product_Description,PO_PREMIER,PP-NS-1596
9589,MSC092508,MSC092508,"WIPE CLEANING REMEDY PHYTOPLEX PROTECT","MEDLINE INDUSTRIES INC",Line_Item_Description,PO_WORKDAY,PP-NS-1596
9589,MSC092508,MSC092508,"WIPE CLEANING REMEDY PHYTOPLEX PROTECT INCONTINENCE CARE CLOTH DIMETHICONE","MEDLINE INDUSTRIES INC",Line_Item_Description,PO_WORKDAY,PP-NS-1596
9591,MSC093005,MSC093005,"PROTECTANT SKIN BARRIER MARATHON 0.5ML AMPULE NO-STING CYANOACRYLATE F/PERI-WOUND PERISTOMAL CARE STERILE 10/BX","MEDLINE INDUSTRIES, LP",Product_Description,PO_PREMIER,PP-NS-1680
9591,MSC093005,MSC093005,"PROTECTANT, SKIN MARATHON LIQUID (RESTRICTED)","MEDLINE INDUSTRIES INC",Facility_Product_Description,PO_PREMIER,PP-NS-1680
9592,MSC095230,MSC095230,"CAP SHAMPOO",MEDLINE,Facility_Product_Description,PO_PREMIER,PP-NS-1596
9592,MSC095230,MSC095230,"CAP SHAMPOO","MEDLINE INDUSTRIES INC",Line_Item_Description,PO_WORKDAY,PP-NS-1596
9592,MSC095230,MSC095230,"SHAMPOO HAIR READYBATH CAP CLEANSER CONDITIONER 1-STEP SCALP SOFT PACK NO-RINSE HYPOALLERGENIC PREMOISTENED ALCOHOL-FREE SCENTED NEEDLEPUNCH CLOTH DISPOSABLE 30/CA","MEDLINE INDUSTRIES, LP",Product_Description,PO_PREMIER,PP-NS-1596
9593,MSC095231,MSC095231,"CAP SHAMPOO CONDITIONER READYBATH","MEDLINE INDUSTRIES INC",Facility_Product_Description,PO_PREMIER,PP-NS-1596
9593,MSC095231,MSC095231,"SHAMPOO HAIR READYBATH CAP CLEANSER CONDITIONER 1-STEP SCALP SOFT PACK NO-RINSE HYPOALLERGENIC PREMOISTENED ALCOHOL-FREE UNSCENTED NEEDLEPUNCH CLOTH DISPOSABLE 30/CA","MEDLINE INDUSTRIES, LP",Product_Description,PO_PREMIER,PP-NS-1596
9593,MSC095231,MSC095231,"CAP, SHAMPOO","MEDLINE INDUSTRIES INC",Facility_Product_Description,PO_PREMIER,PP-NS-1596
9593,MSC095231,MSC095231,"CAP SHAMPOO CONDITIONING PREMOISTENED RINSE FREE FRAGRANCE FREE READYBATH","MEDLINE INDUSTRIES INC",Line_Item_Description,PO_WORKDAY,PP-NS-1596
9593,MSC095231,MSC095231,"CAP SHAMPOO CONDITIONER READYBATH","MEDLINE INDUSTRIES INC",Line_Item_Description,PO_WORKDAY,PP-NS-1596
9594,MSC096CHG,MSC096CHG,"KIT SURGICAL PREP CLOTH FRAGRANCE FREE 2% CHLORHEXIDINE GLUCONATE LATEX FREE MSC098CHG","MEDLINE INDUSTRIES INC",Line_Item_Description,PO_WORKDAY,PP-NS-1596
9594,MSC096CHG,MSC096CHG,"KIT SURG PREP CLOTH FRAGRANCE FREE LF","MEDLINE INDUSTRIES INC",Line_Item_Description,PO_WORKDAY,PP-NS-1596
9594,MSC096CHG,MSC096CHG,"CLOTH PREP READYPREP CHG 9IN X 10.5IN SKIN UNSCENTED POUCH NO-RINSE 2% CHG PRESATURATED F/PREOPERATIVE BATHING 2/PK 48/CA","MEDLINE INDUSTRIES, LP",Product_Description,PO_PREMIER,PP-NS-1596
9594,MSC096CHG,MSC096CHG,"KIT SURG PREP CLOTH FRAGRANCE FREE LF","MEDLINE INDUSTRIES INC",Facility_Product_Description,PO_PREMIER,PP-NS-1596
9595,MSC098CHG,MSC098CHG,"KIT SURG PREP CLOTH FRAGRANCE FREE LF","MEDLINE INDUSTRIES INC",Facility_Product_Description,PO_PREMIER,PP-NS-1596
9595,MSC098CHG,MSC098CHG,"CLOTH PREP READYPREP CHG 9IN X 10.5IN SKIN UNSCENTED POUCH NO-RINSE 2% CHG PRESATURATED F/PREOPERATIVE BATHING 6/ST 16ST/CA","MEDLINE INDUSTRIES, LP",Product_Description,PO_PREMIER,PP-NS-1596
9595,MSC098CHG,MSC098CHG,"CLOTH, CHLORHEXIDINE GLUCONATE 2%(RESTRICTED ITEM)","MEDLINE INDUSTRIES INC",Facility_Product_Description,PO_PREMIER,PP-NS-1596
9595,MSC098CHG,MSC098CHG,"WIPES 2% CHLOR GLUCONATE",MEDLINE,Facility_Product_Description,PO_PREMIER,PP-NS-1596
9596,MSC099CHG,MSC099CHG,"WIPES 2% CHLOR GLUCONATE",MEDLINE,Facility_Product_Description,PO_PREMIER,PP-NS-1596
9596,MSC099CHG,MSC099CHG,"CLOTH, 2% CHG, 6EA/PK, 32PK/CS","MEDLINE INDUSTRIES, LP",Product_Description,PO_PREMIER,PP-NS-1596
9596,MSC099CHG,MSC099CHG,"KIT SURG PREP CLOTH FRAGRANCE FREE LF","MEDLINE INDUSTRIES INC",Facility_Product_Description,PO_PREMIER,PP-NS-1596
9596,MSC099CHG,MSC099CHG,"PREOP CLOTHS READYPREP 2% CHG 6 CLOTHS","MEDLINE INDUSTRIES INC",Line_Item_Description,PO_WORKDAY,PP-NS-1596
9597,MSC263754,MSC263754,"WIPE ALOETOUCH SCENTED",MEDLINE,Facility_Product_Description,PO_PREMIER,PP-NS-1596
9597,MSC263754,MSC263754,"WIPE PERSONAL FITRIGHT ALOE CLEANSER FULL-SIZE 8IN X 10IN FULL BODY SCENTED PEEL-RESEAL PACK SPUNLACE STANDARD-WEIGHT HYPOALLERGENIC PREMOISTENED ALCOHOL-FREE 68/PK 12PK/CA","MEDLINE INDUSTRIES, LP",Product_Description,PO_PREMIER,PP-NS-1596
9598,MSC263854,MSC263854,"WIPE PERSONAL FITRIGHT ALOE CLEANSER FULL-SIZE 8IN X 10IN FULL BODY SCENTED SOFT PACK FLIP-TOP LID SPUNLACE STANDARD-WEIGHT HYPOALLERGENIC PREMOISTENED ALCOHOL-FREE 100/PK 6PK/CA","MEDLINE INDUSTRIES, LP",Product_Description,PO_PREMIER,PP-NS-1596
9598,MSC263854,MSC263854,"WIPE ALOETOUCH SCENTED",MEDLINE,Facility_Product_Description,PO_PREMIER,PP-NS-1596
9600,MSCWARMER14S,MSCWARMER14S,"CABINET WARMER 11IN 14-SLOT 125DEG F PREPROGRAMMED MODULAR 2-DOOR INTELLIGENT LIGHTING OVERHEATING PROTECTION LATEX-FREE F/READYBATH PRODUCTS EA","MEDLINE INDUSTRIES, LP",Product_Description,PO_PREMIER,PP-NS-1596
9600,MSCWARMER14S,MSCWARMER14S,"WARMER READYBATH SYSYEM",MEDLINE,Facility_Product_Description,PO_PREMIER,PP-NS-1596
9601,MSCWARMER28S,MSCWARMER28S,"MISC ITEM - BIOMED",NULL,Facility_Product_Description,PO_PREMIER,PP-NS-1596
9601,MSCWARMER28S,MSCWARMER28S,"CABINET WARMER 22.14IN X 18IN X 13.25IN 28-SLOT 125DEG F PREPROGRAMMED MODULAR 2-DOOR INTELLIGENT LIGHTING OVERHEATING PROTECTION LATEX-FREE F/READYBATH PRODUCTS EA","MEDLINE INDUSTRIES, LP",Product_Description,PO_PREMIER,PP-NS-1596
9723,MW-ADHRM,MWADHRM,"PAD, ADHESIVE TAPE REMOVER","CARDINAL HEALTH MEDICAL PRODUCTS DIV",Facility_Product_Description,PO_PREMIER,PP-NS-1680
9723,MW-ADHRM,MWADHRM,"REMOVER ADHESIVE PAD 3CM X 6CM NON-WOVEN ALOE VERA LATEX-FREE NON-STERILE SINGLE-USE 100/BX INDIVIDUALLY PACKED","CARDINAL HEALTH 200, LLC",Product_Description,PO_PREMIER,PP-NS-1680
9738,NC68030-4,NC680304,"RIGHT SMALL COMFORT COOL ULNAR BOOSTER SPLINT",NULL,Facility_Product_Description,PO_PREMIER,PP-NS-1680
9738,NC68030-4,NC680304,"SPLINT ORTHOPEDIC COMFORT COOL ULNAR BOOSTER STABILIZER SMALL 5-6 1/4IN 1/16IN THK RIGHT WRIST HAND PERFORATED STRAP FOAM NEOPRENE TERRYCLOTH INSERT","NORTH COAST MEDICAL, INC.",Product_Description,PO_PREMIER,PP-NS-1680
9751,NON21420,NON21420,"DRESSING, 2X2 8 PLY STERILE","MEDLINE INDUS.",Facility_Product_Description,PO_PREMIER,PP-NS-1680
9751,NON21420,NON21420,"DRESSING 2X2 8 PLY STERILE","MEDLINE INDUS.",Facility_Product_Description,PO_PREMIER,PP-NS-1680
9751,NON21420,NON21420,"SPONGE GAUZE 2IN X 2IN C-FOLD SQUARE 8-PLY WOVEN USP TYPE VII COTTON LATEX-FREE STERILE 2/PK","MEDLINE INDUSTRIES, LP",Product_Description,PO_PREMIER,PP-NS-1680
9751,NON21420,NON21420,"SPONGE GZ 8 PLY XRAY LF STER 2X2IN 100BX","MEDLINE INDUSTRIES INC",Facility_Product_Description,PO_PREMIER,PP-NS-1680
9751,NON21420,NON21420,"DRESSING, 2X2 8 PLY STERILE","MEDLINE INDUSTRIES INC",Facility_Product_Description,PO_PREMIER,PP-NS-1680
9752,NON24356W,NON24356W,"TOWEL SURGICAL PROFESSIONAL 13IN X 18IN 2-PLY WAFFLE EMBOSSED TEXTURED WHITE PAPER TISSUE/POLY BACK LATEX-FREE DISPOSABLE 500/CA","MEDLINE INDUSTRIES, LP",Product_Description,PO_PREMIER,PP-NS-1680
9752,NON24356W,NON24356W,"PATIENT GOWNS DISPOSABLE",NULL,Facility_Product_Description,PO_PREMIER,PP-NS-1680
9752,NON24356W,NON24356W,"PAPER TOWELS ROLL",MEDLINE,Facility_Product_Description,PO_PREMIER,PP-NS-1680
9752,NON24356W,NON24356W,"TISSUE 2-PLY 13X18",MEDLINE,Facility_Product_Description,PO_PREMIER,PP-NS-1680
9908,P1003-5,P10035,"3PP BUDDY LOOP 3/4&QUOT;",NULL,Facility_Product_Description,PO_PREMIER,PP-NS-1680
9908,P1003-5,P10035,"LOOP ORTHOPEDIC BUDDY LOOPS 3/4IN X 5IN FINGER 1-PIECE LOOP-WRAP PAD W/FOAM LINER GRAY LATEX-FREE REUSABLE 5/PK","3 POINT PRODUCTS",Product_Description,PO_PREMIER,PP-NS-1680
9913,P1005-5,P10055,"LOOP ORTHOPEDIC BUDDY LOOPS ONE SIZE FIT 1/2IN X 5IN FINGER SOFT LOOP-WRAP PAD W/FOAM LINER BLACK FOAM LATEX-FREE REUSABLE 5/PK","3 POINT PRODUCTS",Product_Description,PO_PREMIER,PP-NS-1680
9913,P1005-5,P10055,"LOOP, 3PP BUDDY 1/2IN WIDE","PERFORMANCE HEALTH SUPPLY, INC.",Facility_Product_Description,PO_PREMIER,PP-NS-1680
9914,P1008-11-5,P1008115,"SPLINT, OVAL 8 RING SIZE 11","PERFORMANCE HEALTH SUPPLY, INC.",Facility_Product_Description,PO_PREMIER,PP-NS-1680
9914,P1008-11-5,P1008115,"SPLINT ORTHOPEDIC OVAL-8 SIZE 11 1/16IN THK FINGER OPEN AIR MOLDED BROAD BAND ROUND EDGE WATERPROOF PLASTIC POLYPROPYLENE LATEX-FREE","3 POINT PRODUCTS",Product_Description,PO_PREMIER,PP-NS-1680
9915,P1008-5-05,P1008505,"SPLINT ORTHOPEDIC OVAL-8 SIZE 5 1/16IN THK FINGER RING OPEN AIR MOLDED GRADUATED HEAT ADJUSTABLE WATERPROOF BEIGE PLASTIC 5/PK","3 POINT PRODUCTS",Product_Description,PO_PREMIER,PP-NS-1680
9915,P1008-5-05,P1008505,"SPLINT, OVAL 8 RING SIZE 5","PERFORMANCE HEALTH SUPPLY, INC.",Facility_Product_Description,PO_PREMIER,PP-NS-1680
9916,P1008-5-06,P1008506,"SPLINT, OVAL 8 RING SIZE 6","PERFORMANCE HEALTH SUPPLY, INC.",Facility_Product_Description,PO_PREMIER,PP-NS-1680
9916,P1008-5-06,P1008506,"SPLINT ORTHOPAEDIC RING OVAL-8 6","PERFORMANCE HEALTH INC",Facility_Product_Description,PO_PREMIER,PP-NS-1680
9916,P1008-5-06,P1008506,"SPLINT ORTHOPEDIC OVAL-8 SIZE 6 1/16IN THK FINGER RING OPEN AIR MOLDED GRADUATED HEAT ADJUSTABLE WATERPROOF BEIGE PLASTIC 5/PK","3 POINT PRODUCTS",Product_Description,PO_PREMIER,PP-NS-1680
9917,P1008-5-07,P1008507,"SPLINT ORTHOPEDIC OVAL-8 SIZE 7 1/16IN THK FINGER OPEN AIR MOLDED ANGLED BAND WATERPROOF PLASTIC POLYPROPYLENE LATEX-FREE","3 POINT PRODUCTS",Product_Description,PO_PREMIER,PP-NS-1680
9917,P1008-5-07,P1008507,"SPLINT ORTHOPAEDIC FINGER RING SEAMLESS MOLDED TRA","PERFORMANCE HEALTH INC",Facility_Product_Description,PO_PREMIER,PP-NS-1680
9917,P1008-5-07,P1008507,"SPLINT, OVAL 8 RING SIZE 7","PERFORMANCE HEALTH SUPPLY, INC.",Facility_Product_Description,PO_PREMIER,PP-NS-1680
9918,P1008-8-5,P100885,"SPLINT, OVAL 8 RING SIZE 8","PERFORMANCE HEALTH SUPPLY, INC.",Facility_Product_Description,PO_PREMIER,PP-NS-1680
9918,P1008-8-5,P100885,"SPLINT ORTHOPEDIC OVAL-8 SIZE 8 1/16IN THK FINGER OPEN AIR MOLDED BROAD BAND ROUND EDGE WATERPROOF PLASTIC POLYPROPYLENE LATEX-FREE","3 POINT PRODUCTS",Product_Description,PO_PREMIER,PP-NS-1680
9919,P1008-9-5,P100895,"SPLINT ORTHOPEDIC OVAL-8 SIZE 9 1/16IN THK FINGER OPEN AIR MOLDED BROAD BAND ROUND EDGE WATERPROOF PLASTIC POLYPROPYLENE LATEX-FREE","3 POINT PRODUCTS",Product_Description,PO_PREMIER,PP-NS-1680
9919,P1008-9-5,P100895,"SPLINT, OVAL 8 RING SIZE 9","PERFORMANCE HEALTH SUPPLY, INC.",Facility_Product_Description,PO_PREMIER,PP-NS-1680
9932,P2002-R2,P2002R2,"SPLINT ORTHOPAEDIC RIGHT WRIST D-RING COCK-UP SMAL","PERFORMANCE HEALTH INC",Facility_Product_Description,PO_PREMIER,PP-NS-1680
9932,P2002-R2,P2002R2,"SPLINT ORTHOPEDIC SMALL 2 3/4-3IN RIGHT HAND POLYCENTRIC HINGED ALUMINUM FOAM PLASTIC F/ULNAR DEVIATION","3 POINT PRODUCTS",Product_Description,PO_PREMIER,PP-NS-1680
9933,P2002-R3,P2002R3,"SPLINT ORTHOPEDIC MEDIUM 3-3 3/8IN RIGHT HAND POLYCENTRIC HINGED ALUMINUM FOAM PLASTIC F/ULNAR DEVIATION","3 POINT PRODUCTS",Product_Description,PO_PREMIER,PP-NS-1680
9933,P2002-R3,P2002R3,"SPLINT ORTHOPAEDIC RIGHT WRIST D-RING COCK-UP MEDI","PERFORMANCE HEALTH INC",Facility_Product_Description,PO_PREMIER,PP-NS-1680
9950,P63884,P63884,"WIPE DISINFECTANT SANI-CLOTH AF3 XLARGE 7.5IN X 15IN CANISTER GERMICIDAL ALCOHOL-FREE UNSCENTED QUATERNARY AMMONIUM EPA 65/CN","PROFESSIONAL DISPOSABLES INTERNATIONAL, INC.",Product_Description,PO_PREMIER,PP-NS-1680
9950,P63884,P63884,"WIPE GERMICIDE X-LG","PROFESSIONAL DISPOSABLES INC.",Facility_Product_Description,PO_PREMIER,PP-NS-1680
10041,PM1272,PM1272,"GENERATOR, ASSURITY MRI PACER SR RF","ST. JUDE MEDICAL/PACESETTER",Facility_Product_Description,PO_PREMIER,PP-CA-449
10041,PM1272,PM1272,"PACEMAKER CARDIAC ASSURITY MRI IMPLANTABLE 50MM X 47MM 6MM THK 10.4ML 20GM 1-CHAMBER IS-1 CONNECTOR RF TELEMETRY MRI-CONDITIONAL","ABBOTT LABORATORIES INC.",Product_Description,PO_PREMIER,PP-CA-449
10042,PM2272,PM2272,"PACEMAKER CARDIAC ASSURITY MRI IMPLANTABLE 50MM X 47MM 6MM THK 10.4ML 20GM 2-CHAMBER IS-1 CONNECTOR RF TELEMETRY MRI-CONDITIONAL","ABBOTT LABORATORIES INC.",Product_Description,PO_PREMIER,PP-CA-449
10042,PM2272,PM2272,"GENERATOR, ASSURITY MRI PACER DR RF","ST. JUDE MEDICAL/PACESETTER",Facility_Product_Description,PO_PREMIER,PP-CA-449
10043,PM3222,PM3222,"GENERATOR, ALLURE CRT-P RF","ST. JUDE MEDICAL/PACESETTER",Facility_Product_Description,PO_PREMIER,PP-CA-449
10043,PM3222,PM3222,"PACEMAKER CARDIAC ALLURE RF BIPOLAR 59MM X 55MM 6MM THK 14ML 24GM BIVENTRICULAR IS-1 CONNECTOR","ABBOTT LABORATORIES INC.",Product_Description,PO_PREMIER,PP-CA-449
10044,PM3562,PM3562,"PACEMAKER CARDIAC QUADRA ALLURE MP RF QUADRIPOLAR 59MM X 56MM 6MM THK 15ML BIVENTRICULAR MRI-CONDITIONAL","ABBOTT LABORATORIES INC.",Product_Description,PO_PREMIER,PP-CA-449
10044,PM3562,PM3562,"PACEMAKER CARDIAC QUADRA ALLURE MP 15ML 26GM 59X6X","ABBOTT CARDIOVASCULAR INC",Facility_Product_Description,PO_PREMIER,PP-CA-449
10044,PM3562,PM3562,"GENERATOR, QUADRA ALLURE MP CRT-P MRI","ST. JUDE MEDICAL/PACESETTER",Facility_Product_Description,PO_PREMIER,PP-CA-449
10071,PRE1001US.S,PRE1001USS,"DRESSING NEG PRESR KT PREVENA PEEL 20CM","3M HEALTHCARE",Facility_Product_Description,PO_PREMIER,PP-NS-1610
10071,PRE1001US.S,PRE1001USS,"SYSTEM NEGATIVE PRESSURE PREVENA PEEL & PLACE INCISION MANAGEMENT W/PREVENA 125 UNIT 20CM POLYURETHANE IONIC SILVER DRESSING 45ML CANISTER V.A.C. CONNECTOR SINGLE PATIENT USE 125MMHG NPWT 7DAY US EA","KCI USA, INC. DBA 3M MEDICAL SOLUTIONS",Product_Description,PO_PREMIER,PP-NS-1610
10071,PRE1001US.S,PRE1001USS,"SYSTEM, PREVENA INCISION MANAGEMENT","KINETIC CONCEPTS, INC.",Facility_Product_Description,PO_PREMIER,PP-NS-1610
10072,PRE1055US.S,PRE1055USS,"DRESSING NEGATIVE PRESSURE PREVENA PEEL & PLACE INCISION MANAGEMENT 20CM BOLSTER ADHESIVE SHOWERPROOF POLYURETHANE FOAM IONIC SILVER 7DAY V.A.C. ULTA/ACTIV.A.C US 5/CA","KCI USA, INC. DBA 3M MEDICAL SOLUTIONS",Product_Description,PO_PREMIER,PP-NS-1610
10072,PRE1055US.S,PRE1055USS,"DRESSING WND PREVENA PEEL PL DRSG 20CM","3M HEALTHCARE",Facility_Product_Description,PO_PREMIER,PP-NS-1610
10072,PRE1055US.S,PRE1055USS,"DRESSING, PREVENA INCISION","KINETIC CONCEPTS, INC.",Facility_Product_Description,PO_PREMIER,PP-NS-1610
10073,PRE1101US.S,PRE1101USS,"SYSTEM WOUND THERAPY INCISION MANAGEMENT PREVENA 1","3M HEALTHCARE",Facility_Product_Description,PO_PREMIER,PP-NS-1610
10073,PRE1101US.S,PRE1101USS,"SYSTEM NEGATIVE PRESSURE PREVENA PEEL & PLACE INCISION MANAGEMENT W/PREVENA 125 UNIT 13CM PU FOAM IONIC SILVER DRESSING 45ML CANISTER V.A.C. CONNECTOR SINGLE PATIENT USE 125MMHG NPWT 7DAY US EA","KCI USA, INC. DBA 3M MEDICAL SOLUTIONS",Product_Description,PO_PREMIER,PP-NS-1610
10073,PRE1101US.S,PRE1101USS,"SYSTEM, PREVENA INCISION MANAGEMENT 13CM","KINETIC CONCEPTS, INC.",Facility_Product_Description,PO_PREMIER,PP-NS-1610
10074,PRE1155US.S,PRE1155USS,"DRESSING, PREVENA INCISION MANAGEMENT 13CM","KINETIC CONCEPTS, INC.",Facility_Product_Description,PO_PREMIER,PP-NS-1610
10074,PRE1155US.S,PRE1155USS,"DRESSING NEGATIVE PRESSURE PREVENA PEEL & PLACE INCISION MANAGEMENT 13CM BOLSTER ADHESIVE SHOWERPROOF POLYURETHANE FOAM IONIC SILVER 7DAY V.A.C. ULTA/ACTIV.A.C US 5/CA","KCI USA, INC. DBA 3M MEDICAL SOLUTIONS",Product_Description,PO_PREMIER,PP-NS-1610
10075,PRE4000US.S,PRE4000USS,"UNIT NEGATIVE PRESSURE PREVENA PLUS INCISION MANAGEMENT 8.9CM X 16.3CM X 5.5CM PRE-SET RECHARGEABLE BATTERY W/REPLACEABLE 150ML CANISTER SINGLE PATIENT USE 125MMHG NPWT 7DAY US EA","KCI USA, INC. DBA 3M MEDICAL SOLUTIONS",Product_Description,PO_PREMIER,PP-NS-1610
10075,PRE4000US.S,PRE4000USS,"PUMP, PREVENA STAND ALONE","KINETIC CONCEPTS, INC.",Facility_Product_Description,PO_PREMIER,PP-NS-1610
10075,PRE4000US.S,PRE4000USS,"UNIT THERAPY PREVENA PLUS 125","3M HEALTHCARE",Facility_Product_Description,PO_PREMIER,PP-NS-1610
10076,PRE4001US.S,PRE4001USS,"KIT WOUND THERAPY INCISION MANAGEMENT CUSTOMIZABLE","3M HEALTHCARE",Facility_Product_Description,PO_PREMIER,PP-NS-1610
10076,PRE4001US.S,PRE4001USS,"KIT, PREVENA PLUS INCISION MANAGEMENT CUSTOMIZABLE","KINETIC CONCEPTS, INC.",Facility_Product_Description,PO_PREMIER,PP-NS-1610
10076,PRE4001US.S,PRE4001USS,"SYSTEM NEGATIVE PRESSURE PREVENA CUSTOMIZABLE INCISION MANAGEMENT W/PREVENA PLUS 125 UNIT 90CM PU FOAM IONIC SILVER DRESSING 150ML CANISTER SENSAT.R.A.C AC POWER CORD ADAPTER SINGLE PATIENT USE 125MMH","KCI USA, INC. DBA 3M MEDICAL SOLUTIONS",Product_Description,PO_PREMIER,PP-NS-1610
10077,PRE4055US.S,PRE4055USS,"DRESSING, PREVENA PLUS","KINETIC CONCEPTS, INC.",Facility_Product_Description,PO_PREMIER,PP-NS-1610
10077,PRE4055US.S,PRE4055USS,"DRESSING NEGATIVE PRESSURE PREVENA PLUS INCISION MANAGEMENT 90CM BOLSTER CUSTOMIZABLE ADHESIVE SHOWERPROOF POLYURETHANE FOAM IONIC SILVER 7DAY V.A.C. ULTA/ACTIV.A.C US 5/CA","KCI USA, INC. DBA 3M MEDICAL SOLUTIONS",Product_Description,PO_PREMIER,PP-NS-1610
10077,PRE4055US.S,PRE4055USS,"DRESSING NPWT KIT HYDROCOLLOID PRE4055US.S","3M HEALTHCARE",Facility_Product_Description,PO_PREMIER,PP-NS-1610
10078,PRE4095.S,PRE4095S,"CANISTER NEGATIVE PRESSURE PREVENA PLUS INCISION MANAGEMENT 150ML CAPACITY W/CONNECTOR 5/PK","KCI USA, INC. DBA 3M MEDICAL SOLUTIONS",Product_Description,PO_PREMIER,PP-NS-1610
10078,PRE4095.S,PRE4095S,"CANISTER, PREVENA WITH PLUS CONNECTOR 150ML","KINETIC CONCEPTS, INC.",Facility_Product_Description,PO_PREMIER,PP-NS-1610
10079,PRE9090.S,PRE9090S,"CONNECTOR NEGATIVE PRESSURE PREVENA VAC INCISION MANAGEMENT 10/PK","KCI USA, INC. DBA 3M MEDICAL SOLUTIONS",Product_Description,PO_PREMIER,PP-NS-1610
10079,PRE9090.S,PRE9090S,"COUPLER, PREVENA VAC","KINETIC CONCEPTS, INC.",Facility_Product_Description,PO_PREMIER,PP-NS-1610
10080,PS13015,PS13015,"GRAFT, LYOPRESERVED GRAFIXPL PRIME 1.5X2CM(RESTRIC","OSIRIS THERAPEUTICS INC",Facility_Product_Description,PO_PREMIER,PP-NS-1445
10080,PS13015,PS13015,"GRAFIX PL PRIME 1.5X2 CM",NULL,Facility_Product_Description,PO_PREMIER,PP-NS-1445
10080,PS13015,PS13015,"ALLOGRAFT HUMAN TISSUE GRAFIXPL PRIME 3SQCM 1.5CM X 2CM LYPOPRESERVED PLACENTAL MATRIX MEMBRANE","SMITH & NEPHEW, INC.",Product_Description,PO_PREMIER,PP-NS-1445
10081,PS13016,PS13016,"ALLOGRAFT HUMAN TISSUE GRAFIXPL PRIME 16MM 2SQCM LYPOPRESERVED PLACENTAL MATRIX MEMBRANE DISC","SMITH & NEPHEW, INC.",Product_Description,PO_PREMIER,PP-NS-1445
10081,PS13016,PS13016,"GRAFT HUMAN PLACENTAL TISSUE LYOPRESERVED GRAFIX P","OSIRIS THERAPEUTICS INC",Facility_Product_Description,PO_PREMIER,PP-NS-1445
10082,PS13023,PS13023,"GRAFT, LYOPRESERVED GRAFIXPL PRIME 2X3CM","SMITH & NEPHEW INC",Facility_Product_Description,PO_PREMIER,PP-NS-1445
10082,PS13023,PS13023,"GRAFIX PL PRIME 2X3",NULL,Facility_Product_Description,PO_PREMIER,PP-NS-1445
10082,PS13023,PS13023,"GRAFT, LYOPRESERVED GRAFIXPL PRIME 2X3CM(RESTRICTE","OSIRIS THERAPEUTICS INC",Facility_Product_Description,PO_PREMIER,PP-NS-1445
10082,PS13023,PS13023,"ALLOGRAFT HUMAN TISSUE GRAFIXPL PRIME 6SQCM 2CM X 3CM LYPOPRESERVED PLACENTAL MATRIX MEMBRANE","SMITH & NEPHEW, INC.",Product_Description,PO_PREMIER,PP-NS-1445
10083,PS13034,PS13034,"ALLOGRAFT HUMAN TISSUE GRAFIXPL PRIME 12SQCM 3CM X 4CM LYPOPRESERVED PLACENTAL MATRIX MEMBRANE","SMITH & NEPHEW, INC.",Product_Description,PO_PREMIER,PP-NS-1445
10083,PS13034,PS13034,"GRAFT, LYOPRESERVED GRAFIXPL PRIME 3X4CM(RESTRICTE","OSIRIS THERAPEUTICS INC",Facility_Product_Description,PO_PREMIER,PP-NS-1445
10083,PS13034,PS13034,"GRAFT, LYOPRESERVED GRAFIXPL PRIME 3X4CM","SMITH & NEPHEW INC",Facility_Product_Description,PO_PREMIER,PP-NS-1445
10084,PS13055,PS13055,"GRAFT, LYOPRESERVED GRAFIXPL PRIME 5X5CM","SMITH & NEPHEW INC",Facility_Product_Description,PO_PREMIER,PP-NS-1445
10084,PS13055,PS13055,"GRAFT, LYOPRESERVED GRAFIXPL PRIME 5X5CM","OSIRIS THERAPEUTICS INC",Facility_Product_Description,PO_PREMIER,PP-NS-1445
10084,PS13055,PS13055,"ALLOGRAFT HUMAN TISSUE GRAFIXPL PRIME 25SQCM 5CM X 5CM LYPOPRESERVED PLACENTAL MATRIX MEMBRANE","SMITH & NEPHEW, INC.",Product_Description,PO_PREMIER,PP-NS-1445
10086,PS60008,PS60008,"GRAFT, CRYOPRESERVED STRAVIX UMBILICAL TISSUE 3X6C","SMITH & NEPHEW INC",Facility_Product_Description,PO_PREMIER,PP-NS-1445
10086,PS60008,PS60008,"ALLOGRAFT HUMAN TISSUE STRAVIX 18SQCM 3CM X 6CM CRYOPRESERVED PLACENTAL MATRIX UMBILICAL CORD >2YR SHELFLIFE","SMITH & NEPHEW, INC.",Product_Description,PO_PREMIER,PP-NS-1445
10086,PS60008,PS60008,"GRAFT, CRYOPRESERVED STRAVIX UMBILICAL TISSUE 3X6C","OSIRIS THERAPEUTICS INC",Facility_Product_Description,PO_PREMIER,PP-NS-1445
10087,PS61024,PS61024,"ALLOGRAFT HUMAN TISSUE STRAVIX PL 8SQCM 2CM X 4CM LYOPRESERVED PLACENTAL MATRIX UMBILICAL CORD","SMITH & NEPHEW, INC.",Product_Description,PO_PREMIER,PP-NS-1445
10087,PS61024,PS61024,"STRAVIX PL 2X4CM",NULL,Facility_Product_Description,PO_PREMIER,PP-NS-1445
10088,PS61036,PS61036,"STRAVIX PL 3X6 CM",NULL,Facility_Product_Description,PO_PREMIER,PP-NS-1445
10088,PS61036,PS61036,"GRAFT, LYOPRESERVED GRAFIXPL 3X6CM","OSIRIS THERAPEUTICS INC",Facility_Product_Description,PO_PREMIER,PP-NS-1445
10088,PS61036,PS61036,"ALLOGRAFT HUMAN TISSUE STRAVIX PL 18SQCM 3CM X 6CM LYOPRESERVED PLACENTAL MATRIX UMBILICAL CORD","SMITH & NEPHEW, INC.",Product_Description,PO_PREMIER,PP-NS-1445
12185,RELTACK10RSW,RELTACK10RSW,"RELIATACK 10 RELOADS","US SURGICAL",Facility_Product_Description,PO_PREMIER,PP-OR-1487
12185,RELTACK10RSW,RELTACK10RSW,"RELOAD ENDOSCOPIC FIXATION RELIATACK ARTICULATING ERGONOMIC HANDLE W/10-STANDARD PURCHASE ABSORBABLE TACK F/VENTRAL HERNIA 6/BX","COVIDIEN SALES LLC",Product_Description,PO_PREMIER,PP-OR-1487
12290,SG.25X75,SG25X75,"SEIRIN G TYPE SPORTS ACUPUNCTURE NEEDLE LONG /W TU","LHASA OMS MEDICAL",Facility_Product_Description,PO_PREMIER,PP-NS-1680
12290,SG.25X75,SG25X75,"NEEDLE ACUPUNCTURE SEIRIN 0.25MM 75MM 2MM X 25MM HANDLE G-TYPE SMOOTH PAINLESS INSERTION PURPLE ROUNDED SP TIP LONGER GRIP W/GUIDE TUBE STAINLESS STEEL POLYPROPYLENE PLASTIC HANDLE PVC-FREE STERILE DI","LHASA OMS, INC.",Product_Description,PO_PREMIER,PP-NS-1680
12292,SIG30AMT,SIG30AMT,"RELOAD STAPLE ENDO GIA STANDARD 30MM 3MM/3.5MM/4MM MEDIUM THICK TISSUE PURPLE TITANIUM 6/BX","COVIDIEN SALES LLC",Product_Description,PO_PREMIER,PP-OR-1487
12292,SIG30AMT,SIG30AMT,"RELOAD, SIGNIA 2.0 TRI-STAPLE 30 MED THK PURPLE 12",COVIDIEN,Facility_Product_Description,PO_PREMIER,PP-OR-1487
12293,SIG30AVM,SIG30AVM,"RELOAD, SIGNIA 2.0 TRI-STAPLE 30 VSCLR MED TAN 12M",COVIDIEN,Facility_Product_Description,PO_PREMIER,PP-OR-1487
12293,SIG30AVM,SIG30AVM,"RELOAD STAPLE ENDO GIA STANDARD 30MM 2MM/2.5MM/3MM MEDIUM VASCULAR TISSUE TAN TITANIUM 6/BX","COVIDIEN SALES LLC",Product_Description,PO_PREMIER,PP-OR-1487
12294,SIG30CTAVM,SIG30CTAVM,"RELOAD, SIGNIA TRI-STAPLE 2.0 30 MM CURVED TIP ART",COVIDIEN,Facility_Product_Description,PO_PREMIER,PP-OR-1487
12294,SIG30CTAVM,SIG30CTAVM,"RELOAD STAPLE ENDO GIA 30MM 2MM/2.5MM/3MM MEDIUM VASCULAR TISSUE CURVED TIP TAN TITANIUM 6/BX","COVIDIEN SALES LLC",Product_Description,PO_PREMIER,PP-OR-1487
12295,SIG45AXT,SIG45AXT,"RELOAD STAPLE ENDO GIA STANDARD 45MM 4MM/4.5MM/5MM EXTRA THICK TISSUE ARTICULATING BLACK TITANIUM 6/BX","COVIDIEN SALES LLC",Product_Description,PO_PREMIER,PP-OR-1487
12295,SIG45AXT,SIG45AXT,"RELOAD, ENDO GIA ROT TRI-STAPLE 45MM EXTRA/THCK",COVIDIEN,Facility_Product_Description,PO_PREMIER,PP-OR-1487
12296,SIG45CTAMT,SIG45CTAMT,"RELOAD STAPLE ENDO GIA 45MM 3MM/3.5MM/4MM MEDIUM THICK TISSUE CURVED TIP ARTICULATING PURPLE TITANIUM 6/BX","COVIDIEN SALES LLC",Product_Description,PO_PREMIER,PP-OR-1487
12296,SIG45CTAMT,SIG45CTAMT,"RELOAD, ENDO GIA 45MM CURVE TIP ART MED/THCK PURPL",COVIDIEN,Facility_Product_Description,PO_PREMIER,PP-OR-1487
12297,SIG45CTAVM,SIG45CTAVM,"RELOAD, ENDO GIA ROT VASCULAR MED TAN 45MM",COVIDIEN,Facility_Product_Description,PO_PREMIER,PP-OR-1487
12297,SIG45CTAVM,SIG45CTAVM,"RELOAD STAPLE ENDO GIA 45MM 2MM/2.5MM/3MM MEDIUM VASCULAR TISSUE CURVED TIP ARTICULATING TAN TITANIUM 6/BX","COVIDIEN SALES LLC",Product_Description,PO_PREMIER,PP-OR-1487
12298,SIG60AXT,SIG60AXT,"RELOAD STAPLE ENDO GIA STANDARD 60MM 4MM/4.5MM/5MM EXTRA THICK TISSUE BLACK TITANIUM 6/BX","COVIDIEN SALES LLC",Product_Description,PO_PREMIER,PP-OR-1487
12298,SIG60AXT,SIG60AXT,"RELOAD, ENDO GIA ARTICULATE TRI-STAPLE 60MM EXTRA/",COVIDIEN,Facility_Product_Description,PO_PREMIER,PP-OR-1487
12299,SIGADAPTSHORT,SIGADAPTSHORT,"ADAPTER, SIGNIA POWER LINEAR SHORT",COVIDIEN,Facility_Product_Description,PO_PREMIER,PP-OR-1487
12299,SIGADAPTSHORT,SIGADAPTSHORT,"ADAPTER STAPLER SIGNIA LINEAR SHORT NON-STERILE REUSABLE 1/BX","COVIDIEN SALES LLC",Product_Description,PO_PREMIER,PP-OR-1487
12300,SIGADAPTSTND,SIGADAPTSTND,"ADAPTER STAPLER SIGNIA LINEAR STANDARD NON-STERILE REUSABLE 1/BX","COVIDIEN SALES LLC",Product_Description,PO_PREMIER,PP-OR-1487
12300,SIGADAPTSTND,SIGADAPTSTND,"ADAPTER, SIGNIA POWER LINEAR STANDARD",COVIDIEN,Facility_Product_Description,PO_PREMIER,PP-OR-1487
12301,SIGADAPTXL,SIGADAPTXL,"ADAPTER, SIGNIA POWER LINEAR XL",COVIDIEN,Facility_Product_Description,PO_PREMIER,PP-OR-1487
12301,SIGADAPTXL,SIGADAPTXL,"ADAPTER STAPLER SIGNIA LINEAR XLONG NON-STERILE REUSABLE 1/BX","COVIDIEN SALES LLC",Product_Description,PO_PREMIER,PP-OR-1487
12302,SIGPSHELL,SIGPSHELL,"STAPLER, SHELL SIGNIA POWER CONTROL",COVIDIEN,Facility_Product_Description,PO_PREMIER,PP-OR-1487
12302,SIGPSHELL,SIGPSHELL,"SHELL STAPLER SIGNIA POWERED CONTROL 6/BX","COVIDIEN SALES LLC",Product_Description,PO_PREMIER,PP-OR-1487
12302,SIGPSHELL,SIGPSHELL,"STAPLER INTERNAL POWER CONTROL SHELL SIGNIA","MEDTRONIC INC",Facility_Product_Description,PO_PREMIER,PP-OR-1487
12303,SIGSDS30CTVT,SIGSDS30CTVT,"RELOAD, SIGNIA VASCULAR SM DIA CURVED TIP 30MM",COVIDIEN,Facility_Product_Description,PO_PREMIER,PP-OR-1487
12303,SIGSDS30CTVT,SIGSDS30CTVT,"RELOAD STAPLE ENDO GIA SMALL SHORT 30MM THIN VASCULAR TISSUE CURVED TIP WHITE 6/BX","COVIDIEN SALES LLC",Product_Description,PO_PREMIER,PP-OR-1487
12304,SIGTRSB45AMT,SIGTRSB45AMT,"RELOAD STAPLE ENDO GIA 45MM 3MM/3.5MM/4MM MEDIUM THICK TISSUE INTELLIGENT BUTTRESS PURPLE TITANIUM 6/BX","COVIDIEN SALES LLC",Product_Description,PO_PREMIER,PP-OR-1487
12304,SIGTRSB45AMT,SIGTRSB45AMT,"RELOAD, ARTICULATE ENDO GIA TRISTAPLE MED/THICK RE",COVIDIEN,Facility_Product_Description,PO_PREMIER,PP-OR-1487
12305,SIGTRSB45AXT,SIGTRSB45AXT,"RELOAD STAPLE ENDO GIA 45MM 4MM/4.5MM/5MM EXTRA THICK TISSUE INTELLIGENT BUTTRESS BLACK TITANIUM 6/BX","COVIDIEN SALES LLC",Product_Description,PO_PREMIER,PP-OR-1487
12305,SIGTRSB45AXT,SIGTRSB45AXT,"RELOAD, ARTICULATE ENDO GIA TRISTAPLE EXTRA/THICK",COVIDIEN,Facility_Product_Description,PO_PREMIER,PP-OR-1487
12306,SIGTRSB60AMT,SIGTRSB60AMT,"RELOAD STAPLER THICK ARTICULATING BUTTRESS REINFOR","MEDTRONIC INC",Facility_Product_Description,PO_PREMIER,PP-OR-1487
12306,SIGTRSB60AMT,SIGTRSB60AMT,"RELOAD STAPLE ENDO GIA 60MM 3MM/3.5MM/4MM MEDIUM THICK TISSUE INTELLIGENT BUTTRESS PURPLE TITANIUM 6/BX","COVIDIEN SALES LLC",Product_Description,PO_PREMIER,PP-OR-1487
12306,SIGTRSB60AMT,SIGTRSB60AMT,"RELOAD, ARTICULATE ENDO GIA TRISTAPLE MED/THICK RE",COVIDIEN,Facility_Product_Description,PO_PREMIER,PP-OR-1487
12307,SIGTRSB60AXT,SIGTRSB60AXT,"RELOAD, ARTICULATE ENDO GIA TRISTAPLE EXTRA/THICK",COVIDIEN,Facility_Product_Description,PO_PREMIER,PP-OR-1487
12307,SIGTRSB60AXT,SIGTRSB60AXT,"RELOAD STAPLE ENDO GIA 60MM 4MM/4.5MM/5MM EXTRA THICK TISSUE INTELLIGENT BUTTRESS BLACK TITANIUM 6/BX","COVIDIEN SALES LLC",Product_Description,PO_PREMIER,PP-OR-1487
12314,SMSBTOVLX,SMSBTOVLX,"TROCAR LAPAROSCOPIC SPACEMAKER PRO OVAL BALLOON STRUCTURAL F/HERNIA 3/BX","COVIDIEN SALES LLC",Product_Description,PO_PREMIER,PP-OR-1487
12314,SMSBTOVLX,SMSBTOVLX,"DISSECTOR, BALLOON OVAL SPACEMAKER PLUS SBT",COVIDIEN,Facility_Product_Description,PO_PREMIER,PP-OR-1487
12570,TA3035S,TA3035S,"STAPLER INTERNAL TA DST SERIES OPEN LINEAR 30MM REGULAR TISSUE 2-STAGGERED ROW 7-RELOAD 8-FIRING W/3.5MM TI STAPLE BLUE SINGLE-USE EA","COVIDIEN SALES LLC",Product_Description,PO_PREMIER,PP-OR-1487
12570,TA3035S,TA3035S,"TA STAPLER 30MM BLUE","MEDTRONIC MINIM",Facility_Product_Description,PO_PREMIER,PP-OR-1487
12571,TA30V3L,TA30V3L,"RELOAD, TA 30MM - V3",COVIDIEN,Facility_Product_Description,PO_PREMIER,PP-OR-1487
12571,TA30V3L,TA30V3L,"RELOAD STAPLE TA DST SERIES NON-ABSORBABLE 30MM 3MM X 2.5MM VASCULAR THIN TISSUE 3-STAGGERED ROW WHITE TITANIUM 6/BX","COVIDIEN SALES LLC",Product_Description,PO_PREMIER,PP-OR-1487
12572,TA30V3S,TA30V3S,"STAPLER, TA 30V-3 NON-ABS CLIP",COVIDIEN,Facility_Product_Description,PO_PREMIER,PP-OR-1487
12572,TA30V3S,TA30V3S,"STAPLER INTERNAL TA DST SERIES OPEN LINEAR 30MM VASCULAR THIN TISSUE 2-STAGGERED ROW 7-RELOAD 8-FIRING W/2.5MM TI STAPLE WHITE SINGLE-USE EA","COVIDIEN SALES LLC",Product_Description,PO_PREMIER,PP-OR-1487
12573,TA6035L,TA6035L,"RELOAD STAPLE TA DST SERIES NON-ABSORBABLE 60MM 4MM X 3.5MM REGULAR TISSUE 2-STAGGERED ROW BLUE TITANIUM 6/BX","COVIDIEN SALES LLC",Product_Description,PO_PREMIER,PP-OR-1487
12573,TA6035L,TA6035L,"RELOAD, TA 60MM - 3.5MM",COVIDIEN,Facility_Product_Description,PO_PREMIER,PP-OR-1487
12574,TA6035S,TA6035S,"TA STAPLER 60MM BLUE","COVIDIEN LP",Facility_Product_Description,PO_PREMIER,PP-OR-1487
12574,TA6035S,TA6035S,"STAPLER INTERNAL TA DST SERIES OPEN LINEAR 60MM REGULAR TISSUE 2-STAGGERED ROW 7-RELOAD 8-FIRING W/3.5MM TI STAPLE BLUE SINGLE-USE EA","COVIDIEN SALES LLC",Product_Description,PO_PREMIER,PP-OR-1487
12574,TA6035S,TA6035S,"STAPLER, TA 60-3.5",COVIDIEN,Facility_Product_Description,PO_PREMIER,PP-OR-1487
12575,TA6048S,TA6048S,"STAPLER INTERNAL TA DST SERIES OPEN LINEAR 60MM THICK TISSUE 2-STAGGERED ROW 7-RELOAD 8-FIRING W/4.8MM TI STAPLE GREEN SINGLE-USE EA","COVIDIEN SALES LLC",Product_Description,PO_PREMIER,PP-OR-1487
12575,TA6048S,TA6048S,"STAPLER, TA 60MM - 4.8MM RELOADABLE",COVIDIEN,Facility_Product_Description,PO_PREMIER,PP-OR-1487
12576,TA9035L,TA9035L,"RELOAD, TA 90-3.5",COVIDIEN,Facility_Product_Description,PO_PREMIER,PP-OR-1487
12576,TA9035L,TA9035L,"RELOAD STAPLE TA DST SERIES NON-ABSORBABLE 90MM 4MM X 3.5MM REGULAR TISSUE 2-STAGGERED ROW BLUE TITANIUM 6/BX","COVIDIEN SALES LLC",Product_Description,PO_PREMIER,PP-OR-1487
12577,TA9035S,TA9035S,"STAPLER, TA 90-3.5",COVIDIEN,Facility_Product_Description,PO_PREMIER,PP-OR-1487
12577,TA9035S,TA9035S,"STAPLER INTERNAL TA DST SERIES OPEN LINEAR 90MM REGULAR TISSUE 2-STAGGERED ROW 7-RELOAD 8-FIRING W/3.5MM TI STAPLE BLUE SINGLE-USE EA","COVIDIEN SALES LLC",Product_Description,PO_PREMIER,PP-OR-1487
12578,TA9048L,TA9048L,"RELOAD STAPLE TA DST SERIES NON-ABSORBABLE 90MM 4MM X 4.8MM THICK TISSUE 2-STAGGERED ROW GREEN TITANIUM 6/BX","COVIDIEN SALES LLC",Product_Description,PO_PREMIER,PP-OR-1487
12578,TA9048L,TA9048L,"RELOAD, TA 90-4.8",COVIDIEN,Facility_Product_Description,PO_PREMIER,PP-OR-1487
12579,TA9048S,TA9048S,"STAPLER, TA 90-4.8",COVIDIEN,Facility_Product_Description,PO_PREMIER,PP-OR-1487
12579,TA9048S,TA9048S,"STAPLER INTERNAL TA DST SERIES OPEN LINEAR 90MM THICK TISSUE 2-STAGGERED ROW 7-RELOAD 8-FIRING W/4.8MM TI STAPLE GREEN SINGLE-USE EA","COVIDIEN SALES LLC",Product_Description,PO_PREMIER,PP-OR-1487
12604,TRIEEA28MT,TRIEEA28MT,"STAPLER INTERNAL EEA 28MM MEDIUM THICK TISSUE CIRCULAR W/3/3.5/4MM STAPLE PURPLE","COVIDIEN SALES LLC",Product_Description,PO_PREMIER,PP-OR-1487
12604,TRIEEA28MT,TRIEEA28MT,"STAPLER INTRALUMENAL",NULL,Facility_Product_Description,PO_PREMIER,PP-OR-1487
12613,ULTDUO0500.S,ULTDUO0500S,"SET TUBING NEGATIVE PRESSURE V.A.C. VERAT.R.A.C. DUO W/INSTILL/REMOVAL PAD 5/PK","KCI USA, INC. DBA 3M MEDICAL SOLUTIONS",Product_Description,PO_PREMIER,PP-NS-1610
12613,ULTDUO0500.S,ULTDUO0500S,"TUBING, V.A.C. VERAFLOW TRAC DUO PAD","KINETIC CONCEPTS, INC.",Facility_Product_Description,PO_PREMIER,PP-NS-1610
12614,ULTLNK0500.S,ULTLNK0500S,"CASSETTE NEG PRESR VAC VERAFLOW VERALINK","3M HEALTHCARE",Facility_Product_Description,PO_PREMIER,PP-NS-1610
12614,ULTLNK0500.S,ULTLNK0500S,"CASSETTE NEGATIVE PRESSURE V.A.C. VERALINK MEDIUM W/38MM SPIKEABLE CAP ADAPTER DISPOSABLE 5/PK","KCI USA, INC. DBA 3M MEDICAL SOLUTIONS",Product_Description,PO_PREMIER,PP-NS-1610
12615,ULTVCC05MD.S,ULTVCC05MDS,"KIT DRESSING NEGATIVE PRESSURE V.A.C. VERAFLO CLEANSE CHOICE MEDIUM 12.5CM X 18CM PRE-SLIT BLOCK HONEYCOMB CONTACT LAYER FOAM W/1-DRESSING 4-ADVANCED DRAPE 1-VERAT.R.A.C PAD 4-CAVILON BARRIER FILM 5/P","KCI USA, INC. DBA 3M MEDICAL SOLUTIONS",Product_Description,PO_PREMIER,PP-NS-1610
12615,ULTVCC05MD.S,ULTVCC05MDS,"DRESSING WND VAC VERAFLO MD 18X12.5CM","DRESSING WND VAC VERAFLO MD 18X12.5CM",Facility_Product_Description,PO_PREMIER,PP-NS-1610
12615,ULTVCC05MD.S,ULTVCC05MDS,"DRESSING WND VAC VERAFLO MD 18X12.5CM","3M HEALTHCARE",Facility_Product_Description,PO_PREMIER,PP-NS-1610
12615,ULTVCC05MD.S,ULTVCC05MDS,"DRESSING, VAC VERAFLOW CLEANSE CHOICE MEDIUM","KINETIC CONCEPTS, INC.",Facility_Product_Description,PO_PREMIER,PP-NS-1610
12615,ULTVCC05MD.S,ULTVCC05MDS,"MEDIUM VAC DRESSING",NULL,Facility_Product_Description,PO_PREMIER,PP-NS-1610
12616,ULTVFL05LG.S,ULTVFL05LGS,"DRESSING WND VAC VERAFLO LG 25X15X1.6CM","3M HEALTHCARE",Facility_Product_Description,PO_PREMIER,PP-NS-1610
12616,ULTVFL05LG.S,ULTVFL05LGS,"KIT DRESSING NEGATIVE PRESSURE V.A.C. VERAFLO LARGE 25CM X 15CM 1.6CM THK PRE-CUT BLOCK HONEYCOMB CONTACT LAYER RETICULATED BLACK POLYURETHANE ESTER FOAM W/2-DRESSING 5-SHEET ADVANCED DRAPE 4-CAVILON","KCI USA, INC. DBA 3M MEDICAL SOLUTIONS",Product_Description,PO_PREMIER,PP-NS-1610
12616,ULTVFL05LG.S,ULTVFL05LGS,"DRESSING, VAC VERAFLOW LARGE FOR INSTALLATION","KINETIC CONCEPTS, INC.",Facility_Product_Description,PO_PREMIER,PP-NS-1610
12617,ULTVFL05MD.S,ULTVFL05MDS,"DRESSING, VAC VERAFLOW MEDIUM FOR INSTALLATION","KINETIC CONCEPTS, INC.",Facility_Product_Description,PO_PREMIER,PP-NS-1610
12617,ULTVFL05MD.S,ULTVFL05MDS,"KIT DRESSING NEGATIVE PRESSURE V.A.C. VERAFLO MEDIUM 15CM X 17CM 1.8CM THK SPIRAL SHEET RETICULATED BLACK POLYURETHANE ESTER FOAM W/2-DRESSING 3-SHEET ADVANCED DRAPE 2-CAVILON BARRIER FILM VERAT.R.A.C","KCI USA, INC. DBA 3M MEDICAL SOLUTIONS",Product_Description,PO_PREMIER,PP-NS-1610
12617,ULTVFL05MD.S,ULTVFL05MDS,"DRESSING WND VAC VERAFLO MD 17X15X1.8CM","3M HEALTHCARE",Facility_Product_Description,PO_PREMIER,PP-NS-1610
12643,VLOCA206L,VLOCA206L,"SUTURE, 2-0 VLOC ABSORABLE ENDOSTITCH RELOAD 6IN G",COVIDIEN,Facility_Product_Description,PO_PREMIER,PP-OR-1487
12643,VLOCA206L,VLOCA206L,"RELOAD SUTURE ENDO STITCH V-LOC 180 ABSORBABLE 2-0 6IN GREEN LATEX-FREE DEHP-FREE L21 STAINLESS STEEL ABS NYLON 6/BX","COVIDIEN SALES LLC",Product_Description,PO_PREMIER,PP-OR-1487
12719,VTX5050,VTX5050,"ELECTRODE NEUROSTIMULATOR VALUTRODE X 2IN X 2IN SQUARE ADHESIVE CONDUCTIVE FILM WHITE CLOTH MULTISTICK HYDROGEL F/MUSCLE ESTIM THERAPY LATEX-FREE REUSABLE 4/PK 10PK/CA","AXELGAARD MANUFACTURING CO",Product_Description,PO_PREMIER,PP-NS-1680
12719,VTX5050,VTX5050,"ELECTRODE ELECTROTHERAPY SQUARE SELF ADHESIVE COND","PERFORMANCE HEALTH INC",Facility_Product_Description,PO_PREMIER,PP-NS-1680
12831,10000120,10000120,"WIPE CLEANING REMEDY PHYTOPLEX PROTECT",NULL,Item,PO_PREMIER,PP-NS-1596
12837,10004955,10004955,"CAP SHAMPOO CONDITIONER READYBATH",NULL,Item,PO_PREMIER,PP-NS-1596
12850,10180523,10180523,"BANDAGE COMPRILAN ROLL 10CMX10M",NULL,Item,PO_PREMIER,PP-NS-1680
12856,32004955,32004955,"CAP SHAMPOO CONDITIONER READYBATH",NULL,Item,PO_PREMIER,PP-NS-1596
12947,81275585,81275585,"PADDING CAST ECONOMY ROLL SELF ADHESIVE SOFT FABRIC CONVENIENT 1/32X12INX5YD",NULL,Item,PO_PREMIER,PP-NS-1680
12951,10004065,10004065,"KIT SURG PREP CLOTH FRAGRANCE FREE LF",NULL,Item,PO_PREMIER,PP-NS-1596
12974,32000120,32000120,"WIPE CLEANING REMEDY PHYTOPLEX PROTECT",NULL,Item,PO_PREMIER,PP-NS-1596
12993,81173384,81173384,"GLOVE WHEELCHAIR LATEX FREE BLACK MEDIUM 3/4 FINGER FULL DOUBLE STITCHED HOOK LOOP FASTENER REUSABLE",NULL,Item,PO_PREMIER,PP-NS-1680
12995,10003595,10003595,"DSG WND OASIS ULTRA 3X7CM 1EA=BX/10",NULL,Item,PO_PREMIER,PP-NS-1445
13027,81235639,81235639,"SLING ORTHOPAEDIC ARM SHOULDER BUCKLE CLOSURE OPEN ELBOW ADJUSTABLE PAD NEOPRENE LATEX FREE GIVMOHR LARGE",NULL,Item,PO_PREMIER,PP-NS-1680
13057,10189845,10189845,"PREOP CLOTHS READYPREP 2% CHG 6 CLOTHS",NULL,Item,PO_PREMIER,PP-NS-1596
13080,81190164,81190164,"SPLINT ORTHOPAEDIC RIGHT WRIST D-RING COCK-UP MEDIUM",NULL,Item,PO_PREMIER,PP-NS-1680
13099,32000770,32000770,"OASIS ULTRA TRI-LAYER MATRIX 7X10CM",NULL,Item,PO_PREMIER,PP-NS-1445
13146,32004065,32004065,"KIT SURG PREP CLOTH FRAGRANCE FREE LF",NULL,Item,PO_PREMIER,PP-NS-1596
5589,660001,660001,"GLOVE WHEELCHAIR LATEX FREE BLACK MEDIUM 3/4 FINGER FULL DOUBLE STITCHED HOOK LOOP FASTENER REUSABLE",NULL,Item,PO_PREMIER,PP-NS-1680
6243,78580201,78580201,"SPLINT ORTHOPAEDIC RIGHT WRIST D-RING COCK-UP MEDIUM",NULL,Item,PO_PREMIER,PP-NS-1680
6427,8213-0000-09,8213-0000-09,"OASIS ULTRA TRI-LAYER MATRIX 7X10CM",NULL,Item,PO_PREMIER,PP-NS-1445
6429,8213-1000-37,8213-1000-37,"DSG WND OASIS ULTRA 3X7CM 1EA=BX/10",NULL,Item,PO_PREMIER,PP-NS-1445
6810,92724503,92724503,"SLING ORTHOPAEDIC ARM SHOULDER BUCKLE CLOSURE OPEN ELBOW ADJUSTABLE PAD NEOPRENE LATEX FREE GIVMOHR LARGE",NULL,Item,PO_PREMIER,PP-NS-1680
6815,92979901,92979901,"BANDAGE COMPRILAN ROLL 10CMX10M",NULL,Item,PO_PREMIER,PP-NS-1680
7136,A4382,A4382,"PADDING CAST ECONOMY ROLL SELF ADHESIVE SOFT FABRIC CONVENIENT 1/32X12INX5YD",NULL,Item,PO_PREMIER,PP-NS-1680
9589,MSC092508,MSC092508,"WIPE CLEANING REMEDY PHYTOPLEX PROTECT",NULL,Item,PO_PREMIER,PP-NS-1596
9592,MSC095230,MSC095230,"CAP SHAMPOO",NULL,Item,PO_PREMIER,PP-NS-1596
9593,MSC095231,MSC095231,"CAP SHAMPOO CONDITIONER READYBATH",NULL,Item,PO_PREMIER,PP-NS-1596
9594,MSC096CHG,MSC096CHG,"KIT SURG PREP CLOTH FRAGRANCE FREE LF",NULL,Item,PO_PREMIER,PP-NS-1596
9596,MSC099CHG,MSC099CHG,"PREOP CLOTHS READYPREP 2% CHG 6 CLOTHS",NULL,Item,PO_PREMIER,PP-NS-1596
